[25nov2025 22:14:40.131] [main/INFO] [cpw.mods.modlauncher.Launcher/MODLAUNCHER]: ModLauncher running: args [--launchTarget, forgeserver, --fml.neoForgeVersion, 21.1.215, --fml.fmlVersion, 4.0.42, --fml.mcVersion, 1.21.1, --fml.neoFormVersion, 20240808.144430, nogui]
[25nov2025 22:14:40.135] [main/INFO] [cpw.mods.modlauncher.Launcher/MODLAUNCHER]: JVM identified as Oracle Corporation Java HotSpot(TM) 64-Bit Server VM 22.0.1+8-16
[25nov2025 22:14:40.136] [main/INFO] [cpw.mods.modlauncher.Launcher/MODLAUNCHER]: ModLauncher 11.0.5+main.901c6ea8 starting: java version 22.0.1 by Oracle Corporation; OS Windows 10 arch amd64 version 10.0
[25nov2025 22:14:40.170] [main/DEBUG] [cpw.mods.modlauncher.LaunchServiceHandler/MODLAUNCHER]: Found launch services [minecraft,forgeclient,forgedatauserdev,testharness,forgeserverdev,forgeserveruserdev,forgejunitdev,forgeclientdev,forgeclientuserdev,forgeserver,forgejunituserdev,forgedatadev]
[25nov2025 22:14:40.207] [main/DEBUG] [cpw.mods.modlauncher.LaunchPluginHandler/MODLAUNCHER]: Found launch plugins: [mixin,slf4jfixer,runtime_enum_extender,accesstransformer,runtimedistcleaner]
[25nov2025 22:14:40.222] [main/DEBUG] [cpw.mods.modlauncher.TransformationServicesHandler/MODLAUNCHER]: Discovering transformation services
[25nov2025 22:14:40.228] [main/DEBUG] [net.neoforged.fml.loading.FMLPaths/CORE]: Path GAMEDIR is D:\ServerFiles-5.1
[25nov2025 22:14:40.228] [main/DEBUG] [net.neoforged.fml.loading.FMLPaths/CORE]: Path MODSDIR is D:\ServerFiles-5.1\mods
[25nov2025 22:14:40.228] [main/DEBUG] [net.neoforged.fml.loading.FMLPaths/CORE]: Path CONFIGDIR is D:\ServerFiles-5.1\config
[25nov2025 22:14:40.229] [main/DEBUG] [net.neoforged.fml.loading.FMLPaths/CORE]: Path FMLCONFIG is D:\ServerFiles-5.1\config\fml.toml
[25nov2025 22:14:40.271] [main/WARN] [net.neoforged.fml.loading.FMLConfig/CORE]: Configuration file D:\ServerFiles-5.1\config\fml.toml is not correct. Correcting
[25nov2025 22:14:40.284] [main/TRACE] [net.neoforged.fml.loading.FMLConfig/CORE]: Loaded FML config from D:\ServerFiles-5.1\config\fml.toml
[25nov2025 22:14:40.284] [main/TRACE] [net.neoforged.fml.loading.FMLConfig/CORE]: FMLConfig disableConfigWatcher is false
[25nov2025 22:14:40.284] [main/TRACE] [net.neoforged.fml.loading.FMLConfig/CORE]: FMLConfig earlyWindowControl is true
[25nov2025 22:14:40.284] [main/TRACE] [net.neoforged.fml.loading.FMLConfig/CORE]: FMLConfig maxThreads is 16
[25nov2025 22:14:40.284] [main/TRACE] [net.neoforged.fml.loading.FMLConfig/CORE]: FMLConfig versionCheck is false
[25nov2025 22:14:40.285] [main/TRACE] [net.neoforged.fml.loading.FMLConfig/CORE]: FMLConfig defaultConfigPath is defaultconfigs
[25nov2025 22:14:40.285] [main/TRACE] [net.neoforged.fml.loading.FMLConfig/CORE]: FMLConfig disableOptimizedDFU is true
[25nov2025 22:14:40.285] [main/TRACE] [net.neoforged.fml.loading.FMLConfig/CORE]: FMLConfig earlyWindowProvider is fmlearlywindow
[25nov2025 22:14:40.285] [main/TRACE] [net.neoforged.fml.loading.FMLConfig/CORE]: FMLConfig earlyWindowWidth is 854
[25nov2025 22:14:40.285] [main/TRACE] [net.neoforged.fml.loading.FMLConfig/CORE]: FMLConfig earlyWindowHeight is 480
[25nov2025 22:14:40.285] [main/TRACE] [net.neoforged.fml.loading.FMLConfig/CORE]: FMLConfig earlyWindowFBScale is 1
[25nov2025 22:14:40.285] [main/TRACE] [net.neoforged.fml.loading.FMLConfig/CORE]: FMLConfig earlyWindowMaximized is false
[25nov2025 22:14:40.285] [main/TRACE] [net.neoforged.fml.loading.FMLConfig/CORE]: FMLConfig earlyWindowSkipGLVersions is []
[25nov2025 22:14:40.285] [main/TRACE] [net.neoforged.fml.loading.FMLConfig/CORE]: FMLConfig earlyWindowSquir is false
[25nov2025 22:14:41.304] [main/DEBUG] [cpw.mods.modlauncher.TransformationServicesHandler/MODLAUNCHER]: Found additional transformation services from discovery services: [D:\ServerFiles-5.1\mods\CrashAssistant-neoforge-1.20.6-1.21.4-1.10.20.jar]
[25nov2025 22:14:41.316] [main/INFO] [net.neoforged.fml.loading.ImmediateWindowHandler/]: ImmediateWindowProvider not loading because launch target is forgeserver
[25nov2025 22:14:41.326] [main/WARN] [CrashAssistantJarInJarHelper/]: launchTarget: forgeserver. Crash Assistant is client only mod. Mod will do nothing!
[25nov2025 22:14:41.377] [main/DEBUG] [cpw.mods.modlauncher.TransformationServicesHandler/MODLAUNCHER]: Found transformer services : [mixin,fml,crash_assistant]
[25nov2025 22:14:41.377] [main/DEBUG] [cpw.mods.modlauncher.TransformationServicesHandler/MODLAUNCHER]: Transformation services loading
[25nov2025 22:14:41.378] [main/DEBUG] [cpw.mods.modlauncher.TransformationServiceDecorator/MODLAUNCHER]: Loading service mixin
[25nov2025 22:14:41.378] [main/DEBUG] [cpw.mods.modlauncher.TransformationServiceDecorator/MODLAUNCHER]: Loaded service mixin
[25nov2025 22:14:41.378] [main/DEBUG] [cpw.mods.modlauncher.TransformationServiceDecorator/MODLAUNCHER]: Loading service fml
[25nov2025 22:14:41.379] [main/DEBUG] [net.neoforged.fml.loading.FMLLoader/CORE]: FML 4.0.42 loading
[25nov2025 22:14:41.379] [main/DEBUG] [net.neoforged.fml.loading.FMLLoader/CORE]: FML found ModLauncher version : 11.0.5+main.901c6ea8
[25nov2025 22:14:41.379] [main/DEBUG] [net.neoforged.fml.loading.FMLLoader/CORE]: FML found AccessTransformer version : 10.0.1+139da711
[25nov2025 22:14:41.379] [main/DEBUG] [net.neoforged.fml.loading.FMLLoader/CORE]: FML found EventBus version : null
[25nov2025 22:14:41.380] [main/DEBUG] [net.neoforged.fml.loading.FMLLoader/CORE]: Found Runtime Dist Cleaner
[25nov2025 22:14:41.380] [main/DEBUG] [cpw.mods.modlauncher.TransformationServiceDecorator/MODLAUNCHER]: Loaded service fml
[25nov2025 22:14:41.380] [main/DEBUG] [cpw.mods.modlauncher.TransformationServiceDecorator/MODLAUNCHER]: Loading service crash_assistant
[25nov2025 22:14:41.380] [main/DEBUG] [cpw.mods.modlauncher.TransformationServiceDecorator/MODLAUNCHER]: Loaded service crash_assistant
[25nov2025 22:14:41.380] [main/DEBUG] [cpw.mods.modlauncher.TransformationServicesHandler/MODLAUNCHER]: Configuring option handling for services
[25nov2025 22:14:41.394] [main/DEBUG] [net.neoforged.fml.loading.FMLServiceProvider/CORE]: Received command line version data  : VersionInfo[neoForgeVersion=21.1.215, fmlVersion=4.0.42, mcVersion=1.21.1, neoFormVersion=20240808.144430]
[25nov2025 22:14:41.395] [main/DEBUG] [cpw.mods.modlauncher.TransformationServicesHandler/MODLAUNCHER]: Transformation services initializing
[25nov2025 22:14:41.395] [main/DEBUG] [cpw.mods.modlauncher.TransformationServiceDecorator/MODLAUNCHER]: Initializing transformation service mixin
[25nov2025 22:14:41.407] [main/DEBUG] [mixin/]: MixinService [ModLauncher] was successfully booted in cpw.mods.cl.ModuleClassLoader@57baeedf
[25nov2025 22:14:41.427] [main/INFO] [mixin/]: SpongePowered MIXIN Subsystem Version=0.8.7 Source=union:/D:/ServerFiles-5.1/libraries/net/fabricmc/sponge-mixin/0.15.2+mixin.0.8.7/sponge-mixin-0.15.2+mixin.0.8.7.jar%2373!/ Service=ModLauncher Env=SERVER
[25nov2025 22:14:41.431] [main/DEBUG] [mixin/]: Initialising Mixin Platform Manager
[25nov2025 22:14:41.432] [main/DEBUG] [mixin/]: Adding mixin platform agents for container ModLauncher Root Container(ModLauncher:4f56a0a2)
[25nov2025 22:14:41.433] [main/DEBUG] [mixin/]: Instancing new MixinPlatformAgentMinecraftForge for ModLauncher Root Container(ModLauncher:4f56a0a2)
[25nov2025 22:14:41.433] [main/DEBUG] [mixin/]: MixinPlatformAgentMinecraftForge rejected container ModLauncher Root Container(ModLauncher:4f56a0a2)
[25nov2025 22:14:41.434] [main/DEBUG] [mixin/]: Instancing new MixinPlatformAgentDefault for ModLauncher Root Container(ModLauncher:4f56a0a2)
[25nov2025 22:14:41.434] [main/DEBUG] [mixin/]: MixinPlatformAgentDefault accepted container ModLauncher Root Container(ModLauncher:4f56a0a2)
[25nov2025 22:14:41.436] [main/DEBUG] [cpw.mods.modlauncher.TransformationServiceDecorator/MODLAUNCHER]: Initialized transformation service mixin
[25nov2025 22:14:41.436] [main/DEBUG] [cpw.mods.modlauncher.TransformationServiceDecorator/MODLAUNCHER]: Initializing transformation service fml
[25nov2025 22:14:41.436] [main/DEBUG] [net.neoforged.fml.loading.FMLServiceProvider/CORE]: Setting up basic FML game directories
[25nov2025 22:14:41.437] [main/DEBUG] [net.neoforged.fml.loading.FMLPaths/CORE]: Path GAMEDIR is D:\ServerFiles-5.1
[25nov2025 22:14:41.437] [main/DEBUG] [net.neoforged.fml.loading.FMLPaths/CORE]: Path MODSDIR is D:\ServerFiles-5.1\mods
[25nov2025 22:14:41.437] [main/DEBUG] [net.neoforged.fml.loading.FMLPaths/CORE]: Path CONFIGDIR is D:\ServerFiles-5.1\config
[25nov2025 22:14:41.438] [main/DEBUG] [net.neoforged.fml.loading.FMLPaths/CORE]: Path FMLCONFIG is D:\ServerFiles-5.1\config\fml.toml
[25nov2025 22:14:41.438] [main/DEBUG] [net.neoforged.fml.loading.FMLServiceProvider/CORE]: Loading configuration
[25nov2025 22:14:41.440] [main/WARN] [net.neoforged.fml.loading.FMLConfig/CORE]: Configuration file D:\ServerFiles-5.1\config\fml.toml is not correct. Correcting
[25nov2025 22:14:41.441] [main/TRACE] [net.neoforged.fml.loading.FMLConfig/CORE]: Loaded FML config from D:\ServerFiles-5.1\config\fml.toml
[25nov2025 22:14:41.442] [main/TRACE] [net.neoforged.fml.loading.FMLConfig/CORE]: FMLConfig disableConfigWatcher is false
[25nov2025 22:14:41.442] [main/TRACE] [net.neoforged.fml.loading.FMLConfig/CORE]: FMLConfig earlyWindowControl is true
[25nov2025 22:14:41.442] [main/TRACE] [net.neoforged.fml.loading.FMLConfig/CORE]: FMLConfig maxThreads is 16
[25nov2025 22:14:41.442] [main/TRACE] [net.neoforged.fml.loading.FMLConfig/CORE]: FMLConfig versionCheck is false
[25nov2025 22:14:41.442] [main/TRACE] [net.neoforged.fml.loading.FMLConfig/CORE]: FMLConfig defaultConfigPath is defaultconfigs
[25nov2025 22:14:41.442] [main/TRACE] [net.neoforged.fml.loading.FMLConfig/CORE]: FMLConfig disableOptimizedDFU is true
[25nov2025 22:14:41.443] [main/TRACE] [net.neoforged.fml.loading.FMLConfig/CORE]: FMLConfig earlyWindowProvider is fmlearlywindow
[25nov2025 22:14:41.443] [main/TRACE] [net.neoforged.fml.loading.FMLConfig/CORE]: FMLConfig earlyWindowWidth is 854
[25nov2025 22:14:41.443] [main/TRACE] [net.neoforged.fml.loading.FMLConfig/CORE]: FMLConfig earlyWindowHeight is 480
[25nov2025 22:14:41.443] [main/TRACE] [net.neoforged.fml.loading.FMLConfig/CORE]: FMLConfig earlyWindowFBScale is 1
[25nov2025 22:14:41.443] [main/TRACE] [net.neoforged.fml.loading.FMLConfig/CORE]: FMLConfig earlyWindowMaximized is false
[25nov2025 22:14:41.443] [main/TRACE] [net.neoforged.fml.loading.FMLConfig/CORE]: FMLConfig earlyWindowSkipGLVersions is []
[25nov2025 22:14:41.443] [main/TRACE] [net.neoforged.fml.loading.FMLConfig/CORE]: FMLConfig earlyWindowSquir is false
[25nov2025 22:14:41.446] [main/DEBUG] [net.neoforged.fml.loading.LaunchContext/SCAN]: Located paths when launch context was created: [D:\ServerFiles-5.1\libraries\org\apache\maven\maven-artifact\3.8.5\maven-artifact-3.8.5.jar, D:\ServerFiles-5.1\libraries\org\slf4j\slf4j-api\2.0.9\slf4j-api-2.0.9.jar, D:\ServerFiles-5.1\libraries\com\electronwill\night-config\core\3.8.3\core-3.8.3.jar, D:\ServerFiles-5.1\libraries\org\lz4\lz4-java\1.8.0\lz4-java-1.8.0.jar, D:\ServerFiles-5.1\libraries\com\google\code\findbugs\jsr305\3.0.2\jsr305-3.0.2.jar, D:\ServerFiles-5.1\libraries\net\neoforged\JarJarSelector\0.4.1\JarJarSelector-0.4.1.jar, D:\ServerFiles-5.1\libraries\net\sf\jopt-simple\jopt-simple\5.0.4\jopt-simple-5.0.4.jar, D:\ServerFiles-5.1\libraries\io\netty\netty-transport-classes-epoll\4.1.97.Final\netty-transport-classes-epoll-4.1.97.Final.jar, D:\ServerFiles-5.1\libraries\org\apache\logging\log4j\log4j-api\2.22.1\log4j-api-2.22.1.jar, D:\ServerFiles-5.1\libraries\io\netty\netty-common\4.1.97.Final\netty-common-4.1.97.Final.jar, D:\ServerFiles-5.1\libraries\io\netty\netty-transport-native-epoll\4.1.97.Final\netty-transport-native-epoll-4.1.97.Final-linux-x86_64.jar, D:\ServerFiles-5.1\libraries\com\mojang\logging\1.2.7\logging-1.2.7.jar, D:\ServerFiles-5.1\libraries\org\joml\joml\1.10.5\joml-1.10.5.jar, D:\ServerFiles-5.1\libraries\com\google\guava\guava\32.1.2-jre\guava-32.1.2-jre.jar, D:\ServerFiles-5.1\libraries\net\neoforged\coremods\7.0.3\coremods-7.0.3.jar, D:\ServerFiles-5.1\libraries\it\unimi\dsi\fastutil\8.5.12\fastutil-8.5.12.jar, D:\ServerFiles-5.1\libraries\org\checkerframework\checker-qual\3.33.0\checker-qual-3.33.0.jar, D:\ServerFiles-5.1\libraries\io\netty\netty-buffer\4.1.97.Final\netty-buffer-4.1.97.Final.jar, D:\ServerFiles-5.1\libraries\net\minecrell\terminalconsoleappender\1.3.0\terminalconsoleappender-1.3.0.jar, D:\ServerFiles-5.1\libraries\com\mojang\brigadier\1.3.10\brigadier-1.3.10.jar, D:\ServerFiles-5.1\libraries\com\google\guava\listenablefuture\9999.0-empty-to-avoid-conflict-with-guava\listenablefuture-9999.0-empty-to-avoid-conflict-with-guava.jar, D:\ServerFiles-5.1\libraries\io\netty\netty-codec\4.1.97.Final\netty-codec-4.1.97.Final.jar, D:\ServerFiles-5.1\libraries\net\jodah\typetools\0.6.3\typetools-0.6.3.jar, D:\ServerFiles-5.1\libraries\commons-io\commons-io\2.15.1\commons-io-2.15.1.jar, D:\ServerFiles-5.1\libraries\com\electronwill\night-config\toml\3.8.3\toml-3.8.3.jar, D:\ServerFiles-5.1\libraries\net\java\dev\jna\jna-platform\5.14.0\jna-platform-5.14.0.jar, D:\ServerFiles-5.1\libraries\cpw\mods\modlauncher\11.0.5\modlauncher-11.0.5.jar, D:\ServerFiles-5.1\libraries\org\jline\jline-terminal\3.20.0\jline-terminal-3.20.0.jar, D:\ServerFiles-5.1\libraries\com\google\code\gson\gson\2.10.1\gson-2.10.1.jar, D:\ServerFiles-5.1\libraries\net\neoforged\mergetool\2.0.0\mergetool-2.0.0-api.jar, D:\ServerFiles-5.1\libraries\io\netty\netty-transport\4.1.97.Final\netty-transport-4.1.97.Final.jar, D:\ServerFiles-5.1\libraries\net\neoforged\fancymodloader\loader\4.0.42\loader-4.0.42.jar, D:\ServerFiles-5.1\libraries\org\apache\logging\log4j\log4j-core\2.22.1\log4j-core-2.22.1.jar, D:\ServerFiles-5.1\libraries\org\apache\logging\log4j\log4j-slf4j2-impl\2.22.1\log4j-slf4j2-impl-2.22.1.jar, D:\ServerFiles-5.1\libraries\com\google\j2objc\j2objc-annotations\2.8\j2objc-annotations-2.8.jar, D:\ServerFiles-5.1\libraries\io\netty\netty-transport-native-unix-common\4.1.97.Final\netty-transport-native-unix-common-4.1.97.Final.jar, D:\ServerFiles-5.1\libraries\org\openjdk\nashorn\nashorn-core\15.4\nashorn-core-15.4.jar, D:\ServerFiles-5.1\libraries\io\netty\netty-transport-native-epoll\4.1.97.Final\netty-transport-native-epoll-4.1.97.Final-linux-aarch_64.jar, D:\ServerFiles-5.1\libraries\net\neoforged\bus\8.0.5\bus-8.0.5.jar, D:\ServerFiles-5.1\libraries\com\github\oshi\oshi-core\6.4.10\oshi-core-6.4.10.jar, D:\ServerFiles-5.1\libraries\com\google\errorprone\error_prone_annotations\2.18.0\error_prone_annotations-2.18.0.jar, D:\ServerFiles-5.1\libraries\org\antlr\antlr4-runtime\4.13.1\antlr4-runtime-4.13.1.jar, D:\ServerFiles-5.1\libraries\com\google\guava\failureaccess\1.0.1\failureaccess-1.0.1.jar, D:\ServerFiles-5.1\libraries\net\neoforged\JarJarMetadata\0.4.1\JarJarMetadata-0.4.1.jar, D:\ServerFiles-5.1\libraries\com\machinezoo\noexception\noexception\1.7.1\noexception-1.7.1.jar, D:\ServerFiles-5.1\libraries\net\fabricmc\sponge-mixin\0.15.2+mixin.0.8.7\sponge-mixin-0.15.2+mixin.0.8.7.jar, D:\ServerFiles-5.1\libraries\org\apache\commons\commons-lang3\3.14.0\commons-lang3-3.14.0.jar, D:\ServerFiles-5.1\libraries\net\minecraftforge\srgutils\0.4.15\srgutils-0.4.15.jar, D:\ServerFiles-5.1\libraries\net\java\dev\jna\jna\5.14.0\jna-5.14.0.jar, D:\ServerFiles-5.1\libraries\net\neoforged\accesstransformers\10.0.1\accesstransformers-10.0.1.jar, D:\ServerFiles-5.1\libraries\com\mojang\authlib\6.0.54\authlib-6.0.54.jar, D:\ServerFiles-5.1\libraries\io\netty\netty-handler\4.1.97.Final\netty-handler-4.1.97.Final.jar, D:\ServerFiles-5.1\mods\CrashAssistant-neoforge-1.20.6-1.21.4-1.10.20.jar, D:\ServerFiles-5.1\libraries\org\codehaus\plexus\plexus-utils\3.3.0\plexus-utils-3.3.0.jar, D:\ServerFiles-5.1\libraries\io\netty\netty-resolver\4.1.97.Final\netty-resolver-4.1.97.Final.jar, D:\ServerFiles-5.1\libraries\net\neoforged\fancymodloader\earlydisplay\4.0.42\earlydisplay-4.0.42.jar, D:\ServerFiles-5.1\libraries\com\mojang\datafixerupper\8.0.16\datafixerupper-8.0.16.jar, D:\ServerFiles-5.1\libraries\org\jline\jline-reader\3.20.0\jline-reader-3.20.0.jar, D:\ServerFiles-5.1\libraries\net\neoforged\accesstransformers\at-modlauncher\10.0.1\at-modlauncher-10.0.1.jar]
[25nov2025 22:14:41.446] [main/DEBUG] [net.neoforged.fml.loading.FMLServiceProvider/CORE]: Preparing launch handler
[25nov2025 22:14:41.447] [main/DEBUG] [net.neoforged.fml.loading.FMLLoader/CORE]: Using forgeserver as launch service
[25nov2025 22:14:41.447] [main/DEBUG] [net.neoforged.fml.common.asm.RuntimeDistCleaner/DISTXFORM]: Configuring for Dist DEDICATED_SERVER
[25nov2025 22:14:41.449] [main/DEBUG] [cpw.mods.modlauncher.TransformationServiceDecorator/MODLAUNCHER]: Initialized transformation service fml
[25nov2025 22:14:41.450] [main/DEBUG] [cpw.mods.modlauncher.TransformationServiceDecorator/MODLAUNCHER]: Initializing transformation service crash_assistant
[25nov2025 22:14:41.450] [main/DEBUG] [cpw.mods.modlauncher.TransformationServiceDecorator/MODLAUNCHER]: Initialized transformation service crash_assistant
[25nov2025 22:14:41.450] [main/DEBUG] [cpw.mods.modlauncher.TransformationServicesHandler/MODLAUNCHER]: Transformation services begin scanning
[25nov2025 22:14:41.450] [main/DEBUG] [cpw.mods.modlauncher.TransformationServiceDecorator/MODLAUNCHER]: Beginning scan trigger - transformation service mixin
[25nov2025 22:14:41.451] [main/DEBUG] [cpw.mods.modlauncher.TransformationServiceDecorator/MODLAUNCHER]: End scan trigger - transformation service mixin
[25nov2025 22:14:41.451] [main/DEBUG] [cpw.mods.modlauncher.TransformationServiceDecorator/MODLAUNCHER]: Beginning scan trigger - transformation service fml
[25nov2025 22:14:41.451] [main/DEBUG] [net.neoforged.fml.loading.FMLServiceProvider/CORE]: Initiating mod scan
[25nov2025 22:14:41.473] [main/DEBUG] [net.neoforged.fml.util.ServiceLoaderUtil/CORE]: Found 4 implementations of IModFileCandidateLocator:
[25nov2025 22:14:41.474] [main/DEBUG] [net.neoforged.fml.util.ServiceLoaderUtil/CORE]: 	    1000 - [built-in] net.neoforged.fml.loading.moddiscovery.locators.ProductionServerProvider from loader-4.0.42.jar
[25nov2025 22:14:41.477] [main/DEBUG] [net.neoforged.fml.util.ServiceLoaderUtil/CORE]: 	    1000 - [built-in] net.neoforged.fml.loading.moddiscovery.locators.PathBasedLocator from loader-4.0.42.jar
[25nov2025 22:14:41.478] [main/DEBUG] [net.neoforged.fml.util.ServiceLoaderUtil/CORE]: 	       0 - net.neoforged.fml.loading.moddiscovery.locators.ModsFolderLocator from loader-4.0.42.jar
[25nov2025 22:14:41.478] [main/DEBUG] [net.neoforged.fml.util.ServiceLoaderUtil/CORE]: 	       0 - net.neoforged.fml.loading.moddiscovery.locators.MavenDirectoryLocator from loader-4.0.42.jar
[25nov2025 22:14:41.481] [main/DEBUG] [net.neoforged.fml.util.ServiceLoaderUtil/CORE]: Found 2 implementations of IModFileReader:
[25nov2025 22:14:41.481] [main/DEBUG] [net.neoforged.fml.util.ServiceLoaderUtil/CORE]: 	       0 - net.neoforged.fml.loading.moddiscovery.readers.JarModsDotTomlModFileReader from loader-4.0.42.jar
[25nov2025 22:14:41.481] [main/DEBUG] [net.neoforged.fml.util.ServiceLoaderUtil/CORE]: 	   -1000 - net.neoforged.fml.loading.moddiscovery.readers.NestedLibraryModReader from loader-4.0.42.jar
[25nov2025 22:14:41.483] [main/DEBUG] [net.neoforged.fml.util.ServiceLoaderUtil/CORE]: Found 2 implementations of IDependencyLocator:
[25nov2025 22:14:41.483] [main/DEBUG] [net.neoforged.fml.util.ServiceLoaderUtil/CORE]: 	       0 - dev.kostromdan.mods.crash_assistant.core_mod.services.CrashAssistantDependencyLocator from CrashAssistant-neoforge-1.20.6-1.21.4-1.10.20.jar
[25nov2025 22:14:41.484] [main/DEBUG] [net.neoforged.fml.util.ServiceLoaderUtil/CORE]: 	       0 - net.neoforged.fml.loading.moddiscovery.locators.JarInJarDependencyLocator from loader-4.0.42.jar
[25nov2025 22:14:41.484] [main/DEBUG] [net.neoforged.fml.loading.moddiscovery.ModDiscoverer/SCAN]: Scanning for mods and other resources to load. We know 4 ways to find mods
[25nov2025 22:14:41.484] [main/DEBUG] [net.neoforged.fml.loading.moddiscovery.ModDiscoverer/SCAN]: Trying locator production server provider +net.neoforged:neoforge:21.1.215:server
[25nov2025 22:14:41.595] [main/DEBUG] [net.neoforged.fml.loading.moddiscovery.ModFileInfo/LOADING]: Found valid mod file server-1.21.1-20240808.144430-srg.jar with {minecraft} mods - versions {1.21.1}
[25nov2025 22:14:41.595] [main/INFO] [net.neoforged.fml.loading.moddiscovery.ModDiscoverer/SCAN]: Found mod file "server-1.21.1-20240808.144430-srg.jar" [locator: production server provider +net.neoforged:neoforge:21.1.215:server]
[25nov2025 22:14:41.596] [main/DEBUG] [net.neoforged.fml.loading.moddiscovery.ModDiscoverer/SCAN]: Locator production server provider +net.neoforged:neoforge:21.1.215:server found 1 mods, 0 warnings, 0 errors and skipped 0 candidates
[25nov2025 22:14:41.597] [main/DEBUG] [net.neoforged.fml.loading.moddiscovery.ModDiscoverer/SCAN]: Trying locator PathBasedLocator[name=neoforge, paths=[libraries\net\neoforged\neoforge\21.1.215\neoforge-21.1.215-universal.jar]]
[25nov2025 22:14:41.601] [main/DEBUG] [net.neoforged.fml.loading.moddiscovery.readers.JarModsDotTomlModFileReader/SCAN]: Found META-INF/neoforge.mods.toml mod of type null: D:\ServerFiles-5.1\libraries\net\neoforged\neoforge\21.1.215\neoforge-21.1.215-universal.jar
[25nov2025 22:14:41.602] [main/DEBUG] [net.neoforged.fml.loading.moddiscovery.ModFileParser/LOADING]: Considering mod file candidate D:\ServerFiles-5.1\libraries\net\neoforged\neoforge\21.1.215\neoforge-21.1.215-universal.jar
[25nov2025 22:14:41.616] [main/DEBUG] [net.neoforged.fml.loading.moddiscovery.ModFileInfo/LOADING]: Found valid mod file neoforge-21.1.215-universal.jar with {neoforge} mods - versions {21.1.215}
[25nov2025 22:14:41.617] [main/INFO] [net.neoforged.fml.loading.moddiscovery.ModDiscoverer/SCAN]: Found mod file "neoforge-21.1.215-universal.jar" [locator: PathBasedLocator[name=neoforge, paths=[libraries\net\neoforged\neoforge\21.1.215\neoforge-21.1.215-universal.jar]], reader: mod manifest]
[25nov2025 22:14:41.617] [main/DEBUG] [net.neoforged.fml.loading.moddiscovery.ModDiscoverer/SCAN]: Locator PathBasedLocator[name=neoforge, paths=[libraries\net\neoforged\neoforge\21.1.215\neoforge-21.1.215-universal.jar]] found 1 mods, 0 warnings, 0 errors and skipped 0 candidates
[25nov2025 22:14:41.617] [main/DEBUG] [net.neoforged.fml.loading.moddiscovery.ModDiscoverer/SCAN]: Trying locator {mods folder locator at D:\ServerFiles-5.1\mods}
[25nov2025 22:14:41.618] [main/DEBUG] [net.neoforged.fml.loading.moddiscovery.locators.ModsFolderLocator/SCAN]: Scanning mods dir D:\ServerFiles-5.1\mods for mods
[25nov2025 22:14:41.624] [main/DEBUG] [net.neoforged.fml.loading.moddiscovery.readers.JarModsDotTomlModFileReader/SCAN]: Found META-INF/neoforge.mods.toml mod of type null: D:\ServerFiles-5.1\mods\[1.21.1] SecurityCraft v1.10.1.jar
[25nov2025 22:14:41.624] [main/DEBUG] [net.neoforged.fml.loading.moddiscovery.ModFileParser/LOADING]: Considering mod file candidate D:\ServerFiles-5.1\mods\[1.21.1] SecurityCraft v1.10.1.jar
[25nov2025 22:14:41.633] [main/DEBUG] [net.neoforged.fml.loading.moddiscovery.ModFileInfo/LOADING]: Found valid mod file [1.21.1] SecurityCraft v1.10.1.jar with {securitycraft} mods - versions {1.10.1}
[25nov2025 22:14:41.633] [main/INFO] [net.neoforged.fml.loading.moddiscovery.ModDiscoverer/SCAN]: Found mod file "[1.21.1] SecurityCraft v1.10.1.jar" [locator: {mods folder locator at D:\ServerFiles-5.1\mods}, reader: mod manifest]
[25nov2025 22:14:41.636] [main/DEBUG] [net.neoforged.fml.loading.moddiscovery.readers.JarModsDotTomlModFileReader/SCAN]: Found META-INF/neoforge.mods.toml mod of type null: D:\ServerFiles-5.1\mods\[neoforge]ctov-3.5.10a.jar
[25nov2025 22:14:41.636] [main/DEBUG] [net.neoforged.fml.loading.moddiscovery.ModFileParser/LOADING]: Considering mod file candidate D:\ServerFiles-5.1\mods\[neoforge]ctov-3.5.10a.jar
[25nov2025 22:14:41.641] [main/DEBUG] [net.neoforged.fml.loading.moddiscovery.ModFileInfo/LOADING]: Found valid mod file [neoforge]ctov-3.5.10a.jar with {ctov} mods - versions {3.5.10a}
[25nov2025 22:14:41.641] [main/INFO] [net.neoforged.fml.loading.moddiscovery.ModDiscoverer/SCAN]: Found mod file "[neoforge]ctov-3.5.10a.jar" [locator: {mods folder locator at D:\ServerFiles-5.1\mods}, reader: mod manifest]
[25nov2025 22:14:41.644] [main/DEBUG] [net.neoforged.fml.loading.moddiscovery.readers.JarModsDotTomlModFileReader/SCAN]: Found META-INF/neoforge.mods.toml mod of type null: D:\ServerFiles-5.1\mods\accelerated-decay-neoforge-21.0.0.jar
[25nov2025 22:14:41.644] [main/DEBUG] [net.neoforged.fml.loading.moddiscovery.ModFileParser/LOADING]: Considering mod file candidate D:\ServerFiles-5.1\mods\accelerated-decay-neoforge-21.0.0.jar
[25nov2025 22:14:41.646] [main/DEBUG] [net.neoforged.fml.loading.moddiscovery.ModFileInfo/LOADING]: Found valid mod file accelerated-decay-neoforge-21.0.0.jar with {accelerateddecay} mods - versions {21.0.0}
[25nov2025 22:14:41.646] [main/INFO] [net.neoforged.fml.loading.moddiscovery.ModDiscoverer/SCAN]: Found mod file "accelerated-decay-neoforge-21.0.0.jar" [locator: {mods folder locator at D:\ServerFiles-5.1\mods}, reader: mod manifest]
[25nov2025 22:14:41.650] [main/DEBUG] [net.neoforged.fml.loading.moddiscovery.readers.JarModsDotTomlModFileReader/SCAN]: Found META-INF/neoforge.mods.toml mod of type null: D:\ServerFiles-5.1\mods\actuallyadditions-1.3.22+mc1.21.1.jar
[25nov2025 22:14:41.650] [main/DEBUG] [net.neoforged.fml.loading.moddiscovery.ModFileParser/LOADING]: Considering mod file candidate D:\ServerFiles-5.1\mods\actuallyadditions-1.3.22+mc1.21.1.jar
[25nov2025 22:14:41.652] [main/DEBUG] [net.neoforged.fml.loading.moddiscovery.ModFileInfo/LOADING]: Found valid mod file actuallyadditions-1.3.22+mc1.21.1.jar with {actuallyadditions} mods - versions {1.3.22}
[25nov2025 22:14:41.653] [main/INFO] [net.neoforged.fml.loading.moddiscovery.ModDiscoverer/SCAN]: Found mod file "actuallyadditions-1.3.22+mc1.21.1.jar" [locator: {mods folder locator at D:\ServerFiles-5.1\mods}, reader: mod manifest]
[25nov2025 22:14:41.655] [main/DEBUG] [net.neoforged.fml.loading.moddiscovery.readers.JarModsDotTomlModFileReader/SCAN]: Found META-INF/neoforge.mods.toml mod of type null: D:\ServerFiles-5.1\mods\additional_lights-neoforge-1.21-2.1.10.jar
[25nov2025 22:14:41.656] [main/DEBUG] [net.neoforged.fml.loading.moddiscovery.ModFileParser/LOADING]: Considering mod file candidate D:\ServerFiles-5.1\mods\additional_lights-neoforge-1.21-2.1.10.jar
[25nov2025 22:14:41.658] [main/DEBUG] [net.neoforged.fml.loading.moddiscovery.ModFileInfo/LOADING]: Found valid mod file additional_lights-neoforge-1.21-2.1.10.jar with {additional_lights} mods - versions {2.1.10}
[25nov2025 22:14:41.658] [main/INFO] [net.neoforged.fml.loading.moddiscovery.ModDiscoverer/SCAN]: Found mod file "additional_lights-neoforge-1.21-2.1.10.jar" [locator: {mods folder locator at D:\ServerFiles-5.1\mods}, reader: mod manifest]
[25nov2025 22:14:41.666] [main/DEBUG] [net.neoforged.fml.loading.moddiscovery.readers.JarModsDotTomlModFileReader/SCAN]: Found META-INF/neoforge.mods.toml mod of type null: D:\ServerFiles-5.1\mods\AdditionalEnchantedMiner-1.21.1-neoforge-21.1.135.jar
[25nov2025 22:14:41.667] [main/DEBUG] [net.neoforged.fml.loading.moddiscovery.ModFileParser/LOADING]: Considering mod file candidate D:\ServerFiles-5.1\mods\AdditionalEnchantedMiner-1.21.1-neoforge-21.1.135.jar
[25nov2025 22:14:41.668] [main/DEBUG] [net.neoforged.fml.loading.moddiscovery.ModFileInfo/LOADING]: Found valid mod file AdditionalEnchantedMiner-1.21.1-neoforge-21.1.135.jar with {quarryplus} mods - versions {21.1.135}
[25nov2025 22:14:41.669] [main/INFO] [net.neoforged.fml.loading.moddiscovery.ModDiscoverer/SCAN]: Found mod file "AdditionalEnchantedMiner-1.21.1-neoforge-21.1.135.jar" [locator: {mods folder locator at D:\ServerFiles-5.1\mods}, reader: mod manifest]
[25nov2025 22:14:41.671] [main/DEBUG] [net.neoforged.fml.loading.moddiscovery.readers.JarModsDotTomlModFileReader/SCAN]: Found META-INF/neoforge.mods.toml mod of type null: D:\ServerFiles-5.1\mods\AdvancedAE-1.6.7-1.21.1.jar
[25nov2025 22:14:41.671] [main/DEBUG] [net.neoforged.fml.loading.moddiscovery.ModFileParser/LOADING]: Considering mod file candidate D:\ServerFiles-5.1\mods\AdvancedAE-1.6.7-1.21.1.jar
[25nov2025 22:14:41.674] [main/DEBUG] [net.neoforged.fml.loading.moddiscovery.ModFileInfo/LOADING]: Found valid mod file AdvancedAE-1.6.7-1.21.1.jar with {advanced_ae} mods - versions {1.6.7-1.21.1}
[25nov2025 22:14:41.674] [main/INFO] [net.neoforged.fml.loading.moddiscovery.ModDiscoverer/SCAN]: Found mod file "AdvancedAE-1.6.7-1.21.1.jar" [locator: {mods folder locator at D:\ServerFiles-5.1\mods}, reader: mod manifest]
[25nov2025 22:14:41.676] [main/DEBUG] [net.neoforged.fml.loading.moddiscovery.readers.JarModsDotTomlModFileReader/SCAN]: Found META-INF/neoforge.mods.toml mod of type null: D:\ServerFiles-5.1\mods\AdvancedPeripherals-1.21.1-0.7.57b.jar
[25nov2025 22:14:41.677] [main/DEBUG] [net.neoforged.fml.loading.moddiscovery.ModFileParser/LOADING]: Considering mod file candidate D:\ServerFiles-5.1\mods\AdvancedPeripherals-1.21.1-0.7.57b.jar
[25nov2025 22:14:41.679] [main/DEBUG] [net.neoforged.fml.loading.moddiscovery.ModFileInfo/LOADING]: Found valid mod file AdvancedPeripherals-1.21.1-0.7.57b.jar with {advancedperipherals} mods - versions {0.7.57b}
[25nov2025 22:14:41.680] [main/INFO] [net.neoforged.fml.loading.moddiscovery.ModDiscoverer/SCAN]: Found mod file "AdvancedPeripherals-1.21.1-0.7.57b.jar" [locator: {mods folder locator at D:\ServerFiles-5.1\mods}, reader: mod manifest]
[25nov2025 22:14:41.682] [main/DEBUG] [net.neoforged.fml.loading.moddiscovery.readers.JarModsDotTomlModFileReader/SCAN]: Found META-INF/neoforge.mods.toml mod of type null: D:\ServerFiles-5.1\mods\ae2ct-1.21.1-1.1.1.jar
[25nov2025 22:14:41.682] [main/DEBUG] [net.neoforged.fml.loading.moddiscovery.ModFileParser/LOADING]: Considering mod file candidate D:\ServerFiles-5.1\mods\ae2ct-1.21.1-1.1.1.jar
[25nov2025 22:14:41.684] [main/DEBUG] [net.neoforged.fml.loading.moddiscovery.ModFileInfo/LOADING]: Found valid mod file ae2ct-1.21.1-1.1.1.jar with {ae2ct} mods - versions {1.21.1-1.1.1}
[25nov2025 22:14:41.684] [main/INFO] [net.neoforged.fml.loading.moddiscovery.ModDiscoverer/SCAN]: Found mod file "ae2ct-1.21.1-1.1.1.jar" [locator: {mods folder locator at D:\ServerFiles-5.1\mods}, reader: mod manifest]
[25nov2025 22:14:41.686] [main/DEBUG] [net.neoforged.fml.loading.moddiscovery.readers.JarModsDotTomlModFileReader/SCAN]: Found META-INF/neoforge.mods.toml mod of type null: D:\ServerFiles-5.1\mods\ae2importexportcard-1.21.1-1.4.1.jar
[25nov2025 22:14:41.686] [main/DEBUG] [net.neoforged.fml.loading.moddiscovery.ModFileParser/LOADING]: Considering mod file candidate D:\ServerFiles-5.1\mods\ae2importexportcard-1.21.1-1.4.1.jar
[25nov2025 22:14:41.687] [main/DEBUG] [net.neoforged.fml.loading.moddiscovery.ModFileInfo/LOADING]: Found valid mod file ae2importexportcard-1.21.1-1.4.1.jar with {ae2importexportcard} mods - versions {1.21.1-1.4.1}
[25nov2025 22:14:41.687] [main/INFO] [net.neoforged.fml.loading.moddiscovery.ModDiscoverer/SCAN]: Found mod file "ae2importexportcard-1.21.1-1.4.1.jar" [locator: {mods folder locator at D:\ServerFiles-5.1\mods}, reader: mod manifest]
[25nov2025 22:14:41.689] [main/DEBUG] [net.neoforged.fml.loading.moddiscovery.readers.JarModsDotTomlModFileReader/SCAN]: Found META-INF/neoforge.mods.toml mod of type null: D:\ServerFiles-5.1\mods\ae2jeiintegration-1.2.0.jar
[25nov2025 22:14:41.689] [main/DEBUG] [net.neoforged.fml.loading.moddiscovery.ModFileParser/LOADING]: Considering mod file candidate D:\ServerFiles-5.1\mods\ae2jeiintegration-1.2.0.jar
[25nov2025 22:14:41.689] [main/DEBUG] [net.neoforged.fml.loading.moddiscovery.ModFileInfo/LOADING]: Found valid mod file ae2jeiintegration-1.2.0.jar with {ae2jeiintegration} mods - versions {1.2.0}
[25nov2025 22:14:41.689] [main/INFO] [net.neoforged.fml.loading.moddiscovery.ModDiscoverer/SCAN]: Found mod file "ae2jeiintegration-1.2.0.jar" [locator: {mods folder locator at D:\ServerFiles-5.1\mods}, reader: mod manifest]
[25nov2025 22:14:41.692] [main/DEBUG] [net.neoforged.fml.loading.moddiscovery.readers.JarModsDotTomlModFileReader/SCAN]: Found META-INF/neoforge.mods.toml mod of type null: D:\ServerFiles-5.1\mods\AE2NetworkAnalyzer-1.21-2.1.3-neoforge.jar
[25nov2025 22:14:41.693] [main/DEBUG] [net.neoforged.fml.loading.moddiscovery.ModFileParser/LOADING]: Considering mod file candidate D:\ServerFiles-5.1\mods\AE2NetworkAnalyzer-1.21-2.1.3-neoforge.jar
[25nov2025 22:14:41.694] [main/DEBUG] [net.neoforged.fml.loading.moddiscovery.ModFileInfo/LOADING]: Found valid mod file AE2NetworkAnalyzer-1.21-2.1.3-neoforge.jar with {ae2netanalyser} mods - versions {1.21-2.1.3-neoforge}
[25nov2025 22:14:41.694] [main/INFO] [net.neoforged.fml.loading.moddiscovery.ModDiscoverer/SCAN]: Found mod file "AE2NetworkAnalyzer-1.21-2.1.3-neoforge.jar" [locator: {mods folder locator at D:\ServerFiles-5.1\mods}, reader: mod manifest]
[25nov2025 22:14:41.696] [main/DEBUG] [net.neoforged.fml.loading.moddiscovery.readers.JarModsDotTomlModFileReader/SCAN]: Found META-INF/neoforge.mods.toml mod of type null: D:\ServerFiles-5.1\mods\ae2wtlib-19.2.6.jar
[25nov2025 22:14:41.696] [main/DEBUG] [net.neoforged.fml.loading.moddiscovery.ModFileParser/LOADING]: Considering mod file candidate D:\ServerFiles-5.1\mods\ae2wtlib-19.2.6.jar
[25nov2025 22:14:41.697] [main/DEBUG] [net.neoforged.fml.loading.moddiscovery.ModFileInfo/LOADING]: Found valid mod file ae2wtlib-19.2.6.jar with {ae2wtlib} mods - versions {19.2.6}
[25nov2025 22:14:41.697] [main/INFO] [net.neoforged.fml.loading.moddiscovery.ModDiscoverer/SCAN]: Found mod file "ae2wtlib-19.2.6.jar" [locator: {mods folder locator at D:\ServerFiles-5.1\mods}, reader: mod manifest]
[25nov2025 22:14:41.700] [main/DEBUG] [net.neoforged.fml.loading.moddiscovery.readers.JarModsDotTomlModFileReader/SCAN]: Found META-INF/neoforge.mods.toml mod of type null: D:\ServerFiles-5.1\mods\aeinfinitybooster-neoforge-1.21.1-1.0.0.52.jar
[25nov2025 22:14:41.700] [main/DEBUG] [net.neoforged.fml.loading.moddiscovery.ModFileParser/LOADING]: Considering mod file candidate D:\ServerFiles-5.1\mods\aeinfinitybooster-neoforge-1.21.1-1.0.0.52.jar
[25nov2025 22:14:41.702] [main/DEBUG] [net.neoforged.fml.loading.moddiscovery.ModFileInfo/LOADING]: Found valid mod file aeinfinitybooster-neoforge-1.21.1-1.0.0.52.jar with {aeinfinitybooster} mods - versions {1.21.1-1.0.0.52}
[25nov2025 22:14:41.702] [main/INFO] [net.neoforged.fml.loading.moddiscovery.ModDiscoverer/SCAN]: Found mod file "aeinfinitybooster-neoforge-1.21.1-1.0.0.52.jar" [locator: {mods folder locator at D:\ServerFiles-5.1\mods}, reader: mod manifest]
[25nov2025 22:14:41.705] [main/DEBUG] [net.neoforged.fml.loading.moddiscovery.readers.JarModsDotTomlModFileReader/SCAN]: Found META-INF/neoforge.mods.toml mod of type null: D:\ServerFiles-5.1\mods\aether-1.21.1-1.5.10-neoforge.jar
[25nov2025 22:14:41.705] [main/DEBUG] [net.neoforged.fml.loading.moddiscovery.ModFileParser/LOADING]: Considering mod file candidate D:\ServerFiles-5.1\mods\aether-1.21.1-1.5.10-neoforge.jar
[25nov2025 22:14:41.706] [main/DEBUG] [net.neoforged.fml.loading.moddiscovery.ModFileInfo/LOADING]: Found valid mod file aether-1.21.1-1.5.10-neoforge.jar with {aether} mods - versions {1.5.10}
[25nov2025 22:14:41.707] [main/INFO] [net.neoforged.fml.loading.moddiscovery.ModDiscoverer/SCAN]: Found mod file "aether-1.21.1-1.5.10-neoforge.jar" [locator: {mods folder locator at D:\ServerFiles-5.1\mods}, reader: mod manifest]
[25nov2025 22:14:41.708] [main/DEBUG] [net.neoforged.fml.loading.moddiscovery.readers.JarModsDotTomlModFileReader/SCAN]: Found META-INF/neoforge.mods.toml mod of type null: D:\ServerFiles-5.1\mods\AI-Improvements-1.21-0.5.3.jar
[25nov2025 22:14:41.709] [main/DEBUG] [net.neoforged.fml.loading.moddiscovery.ModFileParser/LOADING]: Considering mod file candidate D:\ServerFiles-5.1\mods\AI-Improvements-1.21-0.5.3.jar
[25nov2025 22:14:41.710] [main/DEBUG] [net.neoforged.fml.loading.moddiscovery.ModFileInfo/LOADING]: Found valid mod file AI-Improvements-1.21-0.5.3.jar with {aiimprovements} mods - versions {0.5.3}
[25nov2025 22:14:41.710] [main/INFO] [net.neoforged.fml.loading.moddiscovery.ModDiscoverer/SCAN]: Found mod file "AI-Improvements-1.21-0.5.3.jar" [locator: {mods folder locator at D:\ServerFiles-5.1\mods}, reader: mod manifest]
[25nov2025 22:14:41.711] [main/DEBUG] [net.neoforged.fml.loading.moddiscovery.readers.JarModsDotTomlModFileReader/SCAN]: Found META-INF/neoforge.mods.toml mod of type null: D:\ServerFiles-5.1\mods\AkashicTome-1.8-29.jar
[25nov2025 22:14:41.711] [main/DEBUG] [net.neoforged.fml.loading.moddiscovery.ModFileParser/LOADING]: Considering mod file candidate D:\ServerFiles-5.1\mods\AkashicTome-1.8-29.jar
[25nov2025 22:14:41.713] [main/DEBUG] [net.neoforged.fml.loading.moddiscovery.ModFileInfo/LOADING]: Found valid mod file AkashicTome-1.8-29.jar with {akashictome} mods - versions {1.8-29}
[25nov2025 22:14:41.713] [main/INFO] [net.neoforged.fml.loading.moddiscovery.ModDiscoverer/SCAN]: Found mod file "AkashicTome-1.8-29.jar" [locator: {mods folder locator at D:\ServerFiles-5.1\mods}, reader: mod manifest]
[25nov2025 22:14:41.715] [main/DEBUG] [net.neoforged.fml.loading.moddiscovery.readers.JarModsDotTomlModFileReader/SCAN]: Found META-INF/neoforge.mods.toml mod of type null: D:\ServerFiles-5.1\mods\allthearcanistgear-1.21.1-21.3.2.jar
[25nov2025 22:14:41.715] [main/DEBUG] [net.neoforged.fml.loading.moddiscovery.ModFileParser/LOADING]: Considering mod file candidate D:\ServerFiles-5.1\mods\allthearcanistgear-1.21.1-21.3.2.jar
[25nov2025 22:14:41.717] [main/DEBUG] [net.neoforged.fml.loading.moddiscovery.ModFileInfo/LOADING]: Found valid mod file allthearcanistgear-1.21.1-21.3.2.jar with {allthearcanistgear} mods - versions {1.21.1-21.3.2}
[25nov2025 22:14:41.717] [main/INFO] [net.neoforged.fml.loading.moddiscovery.ModDiscoverer/SCAN]: Found mod file "allthearcanistgear-1.21.1-21.3.2.jar" [locator: {mods folder locator at D:\ServerFiles-5.1\mods}, reader: mod manifest]
[25nov2025 22:14:41.722] [main/DEBUG] [net.neoforged.fml.loading.moddiscovery.readers.JarModsDotTomlModFileReader/SCAN]: Found META-INF/neoforge.mods.toml mod of type null: D:\ServerFiles-5.1\mods\allthecompressed-1.21.1-4.3.0.jar
[25nov2025 22:14:41.722] [main/DEBUG] [net.neoforged.fml.loading.moddiscovery.ModFileParser/LOADING]: Considering mod file candidate D:\ServerFiles-5.1\mods\allthecompressed-1.21.1-4.3.0.jar
[25nov2025 22:14:41.724] [main/DEBUG] [net.neoforged.fml.loading.moddiscovery.ModFileInfo/LOADING]: Found valid mod file allthecompressed-1.21.1-4.3.0.jar with {allthecompressed} mods - versions {4.3.0}
[25nov2025 22:14:41.724] [main/INFO] [net.neoforged.fml.loading.moddiscovery.ModDiscoverer/SCAN]: Found mod file "allthecompressed-1.21.1-4.3.0.jar" [locator: {mods folder locator at D:\ServerFiles-5.1\mods}, reader: mod manifest]
[25nov2025 22:14:41.726] [main/DEBUG] [net.neoforged.fml.loading.moddiscovery.readers.JarModsDotTomlModFileReader/SCAN]: Found META-INF/neoforge.mods.toml mod of type null: D:\ServerFiles-5.1\mods\alltheleaks-1.1.2+1.21.1-neoforge.jar
[25nov2025 22:14:41.726] [main/DEBUG] [net.neoforged.fml.loading.moddiscovery.ModFileParser/LOADING]: Considering mod file candidate D:\ServerFiles-5.1\mods\alltheleaks-1.1.2+1.21.1-neoforge.jar
[25nov2025 22:14:41.728] [main/DEBUG] [net.neoforged.fml.loading.moddiscovery.ModFileInfo/LOADING]: Found valid mod file alltheleaks-1.1.2+1.21.1-neoforge.jar with {alltheleaks} mods - versions {1.1.2+1.21.1-neoforge}
[25nov2025 22:14:41.728] [main/INFO] [net.neoforged.fml.loading.moddiscovery.ModDiscoverer/SCAN]: Found mod file "alltheleaks-1.1.2+1.21.1-neoforge.jar" [locator: {mods folder locator at D:\ServerFiles-5.1\mods}, reader: mod manifest]
[25nov2025 22:14:41.731] [main/DEBUG] [net.neoforged.fml.loading.moddiscovery.readers.JarModsDotTomlModFileReader/SCAN]: Found META-INF/neoforge.mods.toml mod of type null: D:\ServerFiles-5.1\mods\allthemodium-2.9.4_mc_1.21.1.jar
[25nov2025 22:14:41.731] [main/DEBUG] [net.neoforged.fml.loading.moddiscovery.ModFileParser/LOADING]: Considering mod file candidate D:\ServerFiles-5.1\mods\allthemodium-2.9.4_mc_1.21.1.jar
[25nov2025 22:14:41.734] [main/DEBUG] [net.neoforged.fml.loading.moddiscovery.ModFileInfo/LOADING]: Found valid mod file allthemodium-2.9.4_mc_1.21.1.jar with {allthemodium} mods - versions {2.9.4}
[25nov2025 22:14:41.734] [main/INFO] [net.neoforged.fml.loading.moddiscovery.ModDiscoverer/SCAN]: Found mod file "allthemodium-2.9.4_mc_1.21.1.jar" [locator: {mods folder locator at D:\ServerFiles-5.1\mods}, reader: mod manifest]
[25nov2025 22:14:41.737] [main/DEBUG] [net.neoforged.fml.loading.moddiscovery.readers.JarModsDotTomlModFileReader/SCAN]: Found META-INF/neoforge.mods.toml mod of type null: D:\ServerFiles-5.1\mods\alltheores-3.1.8_neoforge_1.21.1.jar
[25nov2025 22:14:41.737] [main/DEBUG] [net.neoforged.fml.loading.moddiscovery.ModFileParser/LOADING]: Considering mod file candidate D:\ServerFiles-5.1\mods\alltheores-3.1.8_neoforge_1.21.1.jar
[25nov2025 22:14:41.739] [main/DEBUG] [net.neoforged.fml.loading.moddiscovery.ModFileInfo/LOADING]: Found valid mod file alltheores-3.1.8_neoforge_1.21.1.jar with {alltheores} mods - versions {3.1.8}
[25nov2025 22:14:41.739] [main/INFO] [net.neoforged.fml.loading.moddiscovery.ModDiscoverer/SCAN]: Found mod file "alltheores-3.1.8_neoforge_1.21.1.jar" [locator: {mods folder locator at D:\ServerFiles-5.1\mods}, reader: mod manifest]
[25nov2025 22:14:41.742] [main/DEBUG] [net.neoforged.fml.loading.moddiscovery.readers.JarModsDotTomlModFileReader/SCAN]: Found META-INF/neoforge.mods.toml mod of type null: D:\ServerFiles-5.1\mods\allthetweaks-1.21.1-2.7.0.jar
[25nov2025 22:14:41.742] [main/DEBUG] [net.neoforged.fml.loading.moddiscovery.ModFileParser/LOADING]: Considering mod file candidate D:\ServerFiles-5.1\mods\allthetweaks-1.21.1-2.7.0.jar
[25nov2025 22:14:41.744] [main/DEBUG] [net.neoforged.fml.loading.moddiscovery.ModFileInfo/LOADING]: Found valid mod file allthetweaks-1.21.1-2.7.0.jar with {allthetweaks} mods - versions {2.7.0}
[25nov2025 22:14:41.744] [main/INFO] [net.neoforged.fml.loading.moddiscovery.ModDiscoverer/SCAN]: Found mod file "allthetweaks-1.21.1-2.7.0.jar" [locator: {mods folder locator at D:\ServerFiles-5.1\mods}, reader: mod manifest]
[25nov2025 22:14:41.747] [main/DEBUG] [net.neoforged.fml.loading.moddiscovery.readers.JarModsDotTomlModFileReader/SCAN]: Found META-INF/neoforge.mods.toml mod of type null: D:\ServerFiles-5.1\mods\allthewizardgear-1.21.1-1.1.11.jar
[25nov2025 22:14:41.747] [main/DEBUG] [net.neoforged.fml.loading.moddiscovery.ModFileParser/LOADING]: Considering mod file candidate D:\ServerFiles-5.1\mods\allthewizardgear-1.21.1-1.1.11.jar
[25nov2025 22:14:41.749] [main/DEBUG] [net.neoforged.fml.loading.moddiscovery.ModFileInfo/LOADING]: Found valid mod file allthewizardgear-1.21.1-1.1.11.jar with {allthewizardgear} mods - versions {1.21.1-1.1.11}
[25nov2025 22:14:41.749] [main/INFO] [net.neoforged.fml.loading.moddiscovery.ModDiscoverer/SCAN]: Found mod file "allthewizardgear-1.21.1-1.1.11.jar" [locator: {mods folder locator at D:\ServerFiles-5.1\mods}, reader: mod manifest]
[25nov2025 22:14:41.752] [main/DEBUG] [net.neoforged.fml.loading.moddiscovery.readers.JarModsDotTomlModFileReader/SCAN]: Found META-INF/neoforge.mods.toml mod of type null: D:\ServerFiles-5.1\mods\almostunified-neoforge-1.21.1-1.3.0.jar
[25nov2025 22:14:41.752] [main/DEBUG] [net.neoforged.fml.loading.moddiscovery.ModFileParser/LOADING]: Considering mod file candidate D:\ServerFiles-5.1\mods\almostunified-neoforge-1.21.1-1.3.0.jar
[25nov2025 22:14:41.754] [main/DEBUG] [net.neoforged.fml.loading.moddiscovery.ModFileInfo/LOADING]: Found valid mod file almostunified-neoforge-1.21.1-1.3.0.jar with {almostunified} mods - versions {1.21.1-1.3.0}
[25nov2025 22:14:41.754] [main/INFO] [net.neoforged.fml.loading.moddiscovery.ModDiscoverer/SCAN]: Found mod file "almostunified-neoforge-1.21.1-1.3.0.jar" [locator: {mods folder locator at D:\ServerFiles-5.1\mods}, reader: mod manifest]
[25nov2025 22:14:41.756] [main/DEBUG] [net.neoforged.fml.loading.moddiscovery.readers.JarModsDotTomlModFileReader/SCAN]: Found META-INF/neoforge.mods.toml mod of type null: D:\ServerFiles-5.1\mods\amendments-1.21-2.0.8-neoforge.jar
[25nov2025 22:14:41.756] [main/DEBUG] [net.neoforged.fml.loading.moddiscovery.ModFileParser/LOADING]: Considering mod file candidate D:\ServerFiles-5.1\mods\amendments-1.21-2.0.8-neoforge.jar
[25nov2025 22:14:41.757] [main/DEBUG] [net.neoforged.fml.loading.moddiscovery.ModFileInfo/LOADING]: Found valid mod file amendments-1.21-2.0.8-neoforge.jar with {amendments} mods - versions {1.21-2.0.8}
[25nov2025 22:14:41.757] [main/INFO] [net.neoforged.fml.loading.moddiscovery.ModDiscoverer/SCAN]: Found mod file "amendments-1.21-2.0.8-neoforge.jar" [locator: {mods folder locator at D:\ServerFiles-5.1\mods}, reader: mod manifest]
[25nov2025 22:14:41.759] [main/DEBUG] [net.neoforged.fml.loading.moddiscovery.readers.JarModsDotTomlModFileReader/SCAN]: Found META-INF/neoforge.mods.toml mod of type null: D:\ServerFiles-5.1\mods\Apotheosis-1.21.1-8.4.1.jar
[25nov2025 22:14:41.759] [main/DEBUG] [net.neoforged.fml.loading.moddiscovery.ModFileParser/LOADING]: Considering mod file candidate D:\ServerFiles-5.1\mods\Apotheosis-1.21.1-8.4.1.jar
[25nov2025 22:14:41.760] [main/DEBUG] [net.neoforged.fml.loading.moddiscovery.ModFileInfo/LOADING]: Found valid mod file Apotheosis-1.21.1-8.4.1.jar with {apotheosis} mods - versions {8.4.1}
[25nov2025 22:14:41.760] [main/INFO] [net.neoforged.fml.loading.moddiscovery.ModDiscoverer/SCAN]: Found mod file "Apotheosis-1.21.1-8.4.1.jar" [locator: {mods folder locator at D:\ServerFiles-5.1\mods}, reader: mod manifest]
[25nov2025 22:14:41.763] [main/DEBUG] [net.neoforged.fml.loading.moddiscovery.readers.JarModsDotTomlModFileReader/SCAN]: Found META-INF/neoforge.mods.toml mod of type null: D:\ServerFiles-5.1\mods\ApothicAttributes-1.21.1-2.9.0.jar
[25nov2025 22:14:41.764] [main/DEBUG] [net.neoforged.fml.loading.moddiscovery.ModFileParser/LOADING]: Considering mod file candidate D:\ServerFiles-5.1\mods\ApothicAttributes-1.21.1-2.9.0.jar
[25nov2025 22:14:41.765] [main/DEBUG] [net.neoforged.fml.loading.moddiscovery.ModFileInfo/LOADING]: Found valid mod file ApothicAttributes-1.21.1-2.9.0.jar with {apothic_attributes} mods - versions {2.9.0}
[25nov2025 22:14:41.765] [main/INFO] [net.neoforged.fml.loading.moddiscovery.ModDiscoverer/SCAN]: Found mod file "ApothicAttributes-1.21.1-2.9.0.jar" [locator: {mods folder locator at D:\ServerFiles-5.1\mods}, reader: mod manifest]
[25nov2025 22:14:41.767] [main/DEBUG] [net.neoforged.fml.loading.moddiscovery.readers.JarModsDotTomlModFileReader/SCAN]: Found META-INF/neoforge.mods.toml mod of type null: D:\ServerFiles-5.1\mods\ApothicEnchanting-1.21.1-1.5.0.jar
[25nov2025 22:14:41.767] [main/DEBUG] [net.neoforged.fml.loading.moddiscovery.ModFileParser/LOADING]: Considering mod file candidate D:\ServerFiles-5.1\mods\ApothicEnchanting-1.21.1-1.5.0.jar
[25nov2025 22:14:41.768] [main/DEBUG] [net.neoforged.fml.loading.moddiscovery.ModFileInfo/LOADING]: Found valid mod file ApothicEnchanting-1.21.1-1.5.0.jar with {apothic_enchanting} mods - versions {1.5.0}
[25nov2025 22:14:41.768] [main/INFO] [net.neoforged.fml.loading.moddiscovery.ModDiscoverer/SCAN]: Found mod file "ApothicEnchanting-1.21.1-1.5.0.jar" [locator: {mods folder locator at D:\ServerFiles-5.1\mods}, reader: mod manifest]
[25nov2025 22:14:41.770] [main/DEBUG] [net.neoforged.fml.loading.moddiscovery.readers.JarModsDotTomlModFileReader/SCAN]: Found META-INF/neoforge.mods.toml mod of type null: D:\ServerFiles-5.1\mods\ApothicSpawners-1.21.1-1.3.2.jar
[25nov2025 22:14:41.770] [main/DEBUG] [net.neoforged.fml.loading.moddiscovery.ModFileParser/LOADING]: Considering mod file candidate D:\ServerFiles-5.1\mods\ApothicSpawners-1.21.1-1.3.2.jar
[25nov2025 22:14:41.771] [main/DEBUG] [net.neoforged.fml.loading.moddiscovery.ModFileInfo/LOADING]: Found valid mod file ApothicSpawners-1.21.1-1.3.2.jar with {apothic_spawners} mods - versions {1.3.2}
[25nov2025 22:14:41.771] [main/INFO] [net.neoforged.fml.loading.moddiscovery.ModDiscoverer/SCAN]: Found mod file "ApothicSpawners-1.21.1-1.3.2.jar" [locator: {mods folder locator at D:\ServerFiles-5.1\mods}, reader: mod manifest]
[25nov2025 22:14:41.772] [main/DEBUG] [net.neoforged.fml.loading.moddiscovery.readers.JarModsDotTomlModFileReader/SCAN]: Found META-INF/neoforge.mods.toml mod of type null: D:\ServerFiles-5.1\mods\appleskin-neoforge-mc1.21-3.0.7.jar
[25nov2025 22:14:41.772] [main/DEBUG] [net.neoforged.fml.loading.moddiscovery.ModFileParser/LOADING]: Considering mod file candidate D:\ServerFiles-5.1\mods\appleskin-neoforge-mc1.21-3.0.7.jar
[25nov2025 22:14:41.773] [main/DEBUG] [net.neoforged.fml.loading.moddiscovery.ModFileInfo/LOADING]: Found valid mod file appleskin-neoforge-mc1.21-3.0.7.jar with {appleskin} mods - versions {3.0.7+mc1.21}
[25nov2025 22:14:41.773] [main/INFO] [net.neoforged.fml.loading.moddiscovery.ModDiscoverer/SCAN]: Found mod file "appleskin-neoforge-mc1.21-3.0.7.jar" [locator: {mods folder locator at D:\ServerFiles-5.1\mods}, reader: mod manifest]
[25nov2025 22:14:41.775] [main/DEBUG] [net.neoforged.fml.loading.moddiscovery.readers.JarModsDotTomlModFileReader/SCAN]: Found META-INF/neoforge.mods.toml mod of type null: D:\ServerFiles-5.1\mods\Applied-Mekanistics-1.6.3.jar
[25nov2025 22:14:41.775] [main/DEBUG] [net.neoforged.fml.loading.moddiscovery.ModFileParser/LOADING]: Considering mod file candidate D:\ServerFiles-5.1\mods\Applied-Mekanistics-1.6.3.jar
[25nov2025 22:14:41.775] [main/DEBUG] [net.neoforged.fml.loading.moddiscovery.ModFileInfo/LOADING]: Found valid mod file Applied-Mekanistics-1.6.3.jar with {appmek} mods - versions {1.6.3}
[25nov2025 22:14:41.776] [main/INFO] [net.neoforged.fml.loading.moddiscovery.ModDiscoverer/SCAN]: Found mod file "Applied-Mekanistics-1.6.3.jar" [locator: {mods folder locator at D:\ServerFiles-5.1\mods}, reader: mod manifest]
[25nov2025 22:14:41.778] [main/DEBUG] [net.neoforged.fml.loading.moddiscovery.readers.JarModsDotTomlModFileReader/SCAN]: Found META-INF/neoforge.mods.toml mod of type null: D:\ServerFiles-5.1\mods\appliedenergistics2-19.2.17.jar
[25nov2025 22:14:41.778] [main/DEBUG] [net.neoforged.fml.loading.moddiscovery.ModFileParser/LOADING]: Considering mod file candidate D:\ServerFiles-5.1\mods\appliedenergistics2-19.2.17.jar
[25nov2025 22:14:41.780] [main/DEBUG] [net.neoforged.fml.loading.moddiscovery.ModFileInfo/LOADING]: Found valid mod file appliedenergistics2-19.2.17.jar with {ae2} mods - versions {19.2.17}
[25nov2025 22:14:41.780] [main/INFO] [net.neoforged.fml.loading.moddiscovery.ModDiscoverer/SCAN]: Found mod file "appliedenergistics2-19.2.17.jar" [locator: {mods folder locator at D:\ServerFiles-5.1\mods}, reader: mod manifest]
[25nov2025 22:14:41.781] [main/DEBUG] [net.neoforged.fml.loading.moddiscovery.readers.JarModsDotTomlModFileReader/SCAN]: Found META-INF/neoforge.mods.toml mod of type null: D:\ServerFiles-5.1\mods\AppliedFlux-1.21-2.1.3-neoforge.jar
[25nov2025 22:14:41.781] [main/DEBUG] [net.neoforged.fml.loading.moddiscovery.ModFileParser/LOADING]: Considering mod file candidate D:\ServerFiles-5.1\mods\AppliedFlux-1.21-2.1.3-neoforge.jar
[25nov2025 22:14:41.783] [main/DEBUG] [net.neoforged.fml.loading.moddiscovery.ModFileInfo/LOADING]: Found valid mod file AppliedFlux-1.21-2.1.3-neoforge.jar with {appflux} mods - versions {1.21-2.1.3-neoforge}
[25nov2025 22:14:41.783] [main/INFO] [net.neoforged.fml.loading.moddiscovery.ModDiscoverer/SCAN]: Found mod file "AppliedFlux-1.21-2.1.3-neoforge.jar" [locator: {mods folder locator at D:\ServerFiles-5.1\mods}, reader: mod manifest]
[25nov2025 22:14:41.785] [main/DEBUG] [net.neoforged.fml.loading.moddiscovery.readers.JarModsDotTomlModFileReader/SCAN]: Found META-INF/neoforge.mods.toml mod of type null: D:\ServerFiles-5.1\mods\Aquaculture-1.21.1-2.7.14.jar
[25nov2025 22:14:41.785] [main/DEBUG] [net.neoforged.fml.loading.moddiscovery.ModFileParser/LOADING]: Considering mod file candidate D:\ServerFiles-5.1\mods\Aquaculture-1.21.1-2.7.14.jar
[25nov2025 22:14:41.786] [main/DEBUG] [net.neoforged.fml.loading.moddiscovery.ModFileInfo/LOADING]: Found valid mod file Aquaculture-1.21.1-2.7.14.jar with {aquaculture} mods - versions {2.7.14}
[25nov2025 22:14:41.786] [main/INFO] [net.neoforged.fml.loading.moddiscovery.ModDiscoverer/SCAN]: Found mod file "Aquaculture-1.21.1-2.7.14.jar" [locator: {mods folder locator at D:\ServerFiles-5.1\mods}, reader: mod manifest]
[25nov2025 22:14:41.787] [main/DEBUG] [net.neoforged.fml.loading.moddiscovery.readers.JarModsDotTomlModFileReader/SCAN]: Found META-INF/neoforge.mods.toml mod of type null: D:\ServerFiles-5.1\mods\architectury-13.0.8-neoforge.jar
[25nov2025 22:14:41.788] [main/DEBUG] [net.neoforged.fml.loading.moddiscovery.ModFileParser/LOADING]: Considering mod file candidate D:\ServerFiles-5.1\mods\architectury-13.0.8-neoforge.jar
[25nov2025 22:14:41.788] [main/DEBUG] [net.neoforged.fml.loading.moddiscovery.ModFileInfo/LOADING]: Found valid mod file architectury-13.0.8-neoforge.jar with {architectury} mods - versions {13.0.8}
[25nov2025 22:14:41.788] [main/INFO] [net.neoforged.fml.loading.moddiscovery.ModDiscoverer/SCAN]: Found mod file "architectury-13.0.8-neoforge.jar" [locator: {mods folder locator at D:\ServerFiles-5.1\mods}, reader: mod manifest]
[25nov2025 22:14:41.790] [main/DEBUG] [net.neoforged.fml.loading.moddiscovery.readers.JarModsDotTomlModFileReader/SCAN]: Found META-INF/neoforge.mods.toml mod of type null: D:\ServerFiles-5.1\mods\ars_additions-1.21.1-21.2.3.jar
[25nov2025 22:14:41.790] [main/DEBUG] [net.neoforged.fml.loading.moddiscovery.ModFileParser/LOADING]: Considering mod file candidate D:\ServerFiles-5.1\mods\ars_additions-1.21.1-21.2.3.jar
[25nov2025 22:14:41.791] [main/DEBUG] [net.neoforged.fml.loading.moddiscovery.ModFileInfo/LOADING]: Found valid mod file ars_additions-1.21.1-21.2.3.jar with {ars_additions} mods - versions {1.21.1-21.2.3}
[25nov2025 22:14:41.791] [main/INFO] [net.neoforged.fml.loading.moddiscovery.ModDiscoverer/SCAN]: Found mod file "ars_additions-1.21.1-21.2.3.jar" [locator: {mods folder locator at D:\ServerFiles-5.1\mods}, reader: mod manifest]
[25nov2025 22:14:41.794] [main/DEBUG] [net.neoforged.fml.loading.moddiscovery.readers.JarModsDotTomlModFileReader/SCAN]: Found META-INF/neoforge.mods.toml mod of type null: D:\ServerFiles-5.1\mods\ars_controle-1.21.1-1.6.10.jar
[25nov2025 22:14:41.794] [main/DEBUG] [net.neoforged.fml.loading.moddiscovery.ModFileParser/LOADING]: Considering mod file candidate D:\ServerFiles-5.1\mods\ars_controle-1.21.1-1.6.10.jar
[25nov2025 22:14:41.796] [main/DEBUG] [net.neoforged.fml.loading.moddiscovery.ModFileInfo/LOADING]: Found valid mod file ars_controle-1.21.1-1.6.10.jar with {ars_controle} mods - versions {1.21.1-1.6.10}
[25nov2025 22:14:41.796] [main/INFO] [net.neoforged.fml.loading.moddiscovery.ModDiscoverer/SCAN]: Found mod file "ars_controle-1.21.1-1.6.10.jar" [locator: {mods folder locator at D:\ServerFiles-5.1\mods}, reader: mod manifest]
[25nov2025 22:14:41.798] [main/DEBUG] [net.neoforged.fml.loading.moddiscovery.readers.JarModsDotTomlModFileReader/SCAN]: Found META-INF/neoforge.mods.toml mod of type null: D:\ServerFiles-5.1\mods\ars_creo-1.21.1-5.1.0.jar
[25nov2025 22:14:41.798] [main/DEBUG] [net.neoforged.fml.loading.moddiscovery.ModFileParser/LOADING]: Considering mod file candidate D:\ServerFiles-5.1\mods\ars_creo-1.21.1-5.1.0.jar
[25nov2025 22:14:41.799] [main/DEBUG] [net.neoforged.fml.loading.moddiscovery.ModFileInfo/LOADING]: Found valid mod file ars_creo-1.21.1-5.1.0.jar with {ars_creo} mods - versions {5.1.0}
[25nov2025 22:14:41.800] [main/INFO] [net.neoforged.fml.loading.moddiscovery.ModDiscoverer/SCAN]: Found mod file "ars_creo-1.21.1-5.1.0.jar" [locator: {mods folder locator at D:\ServerFiles-5.1\mods}, reader: mod manifest]
[25nov2025 22:14:41.801] [main/DEBUG] [net.neoforged.fml.loading.moddiscovery.readers.JarModsDotTomlModFileReader/SCAN]: Found META-INF/neoforge.mods.toml mod of type null: D:\ServerFiles-5.1\mods\ars_elemancy-1.21.1-1.11.jar
[25nov2025 22:14:41.801] [main/DEBUG] [net.neoforged.fml.loading.moddiscovery.ModFileParser/LOADING]: Considering mod file candidate D:\ServerFiles-5.1\mods\ars_elemancy-1.21.1-1.11.jar
[25nov2025 22:14:41.803] [main/DEBUG] [net.neoforged.fml.loading.moddiscovery.ModFileInfo/LOADING]: Found valid mod file ars_elemancy-1.21.1-1.11.jar with {ars_elemancy} mods - versions {1.11}
[25nov2025 22:14:41.803] [main/INFO] [net.neoforged.fml.loading.moddiscovery.ModDiscoverer/SCAN]: Found mod file "ars_elemancy-1.21.1-1.11.jar" [locator: {mods folder locator at D:\ServerFiles-5.1\mods}, reader: mod manifest]
[25nov2025 22:14:41.805] [main/DEBUG] [net.neoforged.fml.loading.moddiscovery.readers.JarModsDotTomlModFileReader/SCAN]: Found META-INF/neoforge.mods.toml mod of type null: D:\ServerFiles-5.1\mods\ars_elemental-1.21.1-0.7.6.6.jar
[25nov2025 22:14:41.805] [main/DEBUG] [net.neoforged.fml.loading.moddiscovery.ModFileParser/LOADING]: Considering mod file candidate D:\ServerFiles-5.1\mods\ars_elemental-1.21.1-0.7.6.6.jar
[25nov2025 22:14:41.805] [main/DEBUG] [net.neoforged.fml.loading.moddiscovery.ModFileInfo/LOADING]: Found valid mod file ars_elemental-1.21.1-0.7.6.6.jar with {ars_elemental} mods - versions {0.7.6.6}
[25nov2025 22:14:41.805] [main/INFO] [net.neoforged.fml.loading.moddiscovery.ModDiscoverer/SCAN]: Found mod file "ars_elemental-1.21.1-0.7.6.6.jar" [locator: {mods folder locator at D:\ServerFiles-5.1\mods}, reader: mod manifest]
[25nov2025 22:14:41.810] [main/DEBUG] [net.neoforged.fml.loading.moddiscovery.readers.JarModsDotTomlModFileReader/SCAN]: Found META-INF/neoforge.mods.toml mod of type null: D:\ServerFiles-5.1\mods\ars_nouveau-1.21.1-5.10.6.jar
[25nov2025 22:14:41.810] [main/DEBUG] [net.neoforged.fml.loading.moddiscovery.ModFileParser/LOADING]: Considering mod file candidate D:\ServerFiles-5.1\mods\ars_nouveau-1.21.1-5.10.6.jar
[25nov2025 22:14:41.811] [main/DEBUG] [net.neoforged.fml.loading.moddiscovery.ModFileInfo/LOADING]: Found valid mod file ars_nouveau-1.21.1-5.10.6.jar with {ars_nouveau} mods - versions {5.10.6}
[25nov2025 22:14:41.811] [main/INFO] [net.neoforged.fml.loading.moddiscovery.ModDiscoverer/SCAN]: Found mod file "ars_nouveau-1.21.1-5.10.6.jar" [locator: {mods folder locator at D:\ServerFiles-5.1\mods}, reader: mod manifest]
[25nov2025 22:14:41.814] [main/DEBUG] [net.neoforged.fml.loading.moddiscovery.readers.JarModsDotTomlModFileReader/SCAN]: Found META-INF/neoforge.mods.toml mod of type null: D:\ServerFiles-5.1\mods\ars_ocultas-1.21.1-2.2.0.jar
[25nov2025 22:14:41.814] [main/DEBUG] [net.neoforged.fml.loading.moddiscovery.ModFileParser/LOADING]: Considering mod file candidate D:\ServerFiles-5.1\mods\ars_ocultas-1.21.1-2.2.0.jar
[25nov2025 22:14:41.815] [main/DEBUG] [net.neoforged.fml.loading.moddiscovery.ModFileInfo/LOADING]: Found valid mod file ars_ocultas-1.21.1-2.2.0.jar with {ars_ocultas} mods - versions {2.2.0}
[25nov2025 22:14:41.815] [main/INFO] [net.neoforged.fml.loading.moddiscovery.ModDiscoverer/SCAN]: Found mod file "ars_ocultas-1.21.1-2.2.0.jar" [locator: {mods folder locator at D:\ServerFiles-5.1\mods}, reader: mod manifest]
[25nov2025 22:14:41.817] [main/DEBUG] [net.neoforged.fml.loading.moddiscovery.readers.JarModsDotTomlModFileReader/SCAN]: Found META-INF/neoforge.mods.toml mod of type null: D:\ServerFiles-5.1\mods\ars_polymorphia-1.0.3.jar
[25nov2025 22:14:41.817] [main/DEBUG] [net.neoforged.fml.loading.moddiscovery.ModFileParser/LOADING]: Considering mod file candidate D:\ServerFiles-5.1\mods\ars_polymorphia-1.0.3.jar
[25nov2025 22:14:41.818] [main/DEBUG] [net.neoforged.fml.loading.moddiscovery.ModFileInfo/LOADING]: Found valid mod file ars_polymorphia-1.0.3.jar with {ars_polymorphia} mods - versions {1.0.3}
[25nov2025 22:14:41.818] [main/INFO] [net.neoforged.fml.loading.moddiscovery.ModDiscoverer/SCAN]: Found mod file "ars_polymorphia-1.0.3.jar" [locator: {mods folder locator at D:\ServerFiles-5.1\mods}, reader: mod manifest]
[25nov2025 22:14:41.819] [main/DEBUG] [net.neoforged.fml.loading.moddiscovery.readers.JarModsDotTomlModFileReader/SCAN]: Found META-INF/neoforge.mods.toml mod of type null: D:\ServerFiles-5.1\mods\ars_technica-1.21.1-2.4.0.jar
[25nov2025 22:14:41.819] [main/DEBUG] [net.neoforged.fml.loading.moddiscovery.ModFileParser/LOADING]: Considering mod file candidate D:\ServerFiles-5.1\mods\ars_technica-1.21.1-2.4.0.jar
[25nov2025 22:14:41.821] [main/DEBUG] [net.neoforged.fml.loading.moddiscovery.ModFileInfo/LOADING]: Found valid mod file ars_technica-1.21.1-2.4.0.jar with {ars_technica} mods - versions {2.4.0}
[25nov2025 22:14:41.821] [main/INFO] [net.neoforged.fml.loading.moddiscovery.ModDiscoverer/SCAN]: Found mod file "ars_technica-1.21.1-2.4.0.jar" [locator: {mods folder locator at D:\ServerFiles-5.1\mods}, reader: mod manifest]
[25nov2025 22:14:41.822] [main/DEBUG] [net.neoforged.fml.loading.moddiscovery.readers.JarModsDotTomlModFileReader/SCAN]: Found META-INF/neoforge.mods.toml mod of type null: D:\ServerFiles-5.1\mods\ars_unification-1.2.16.jar
[25nov2025 22:14:41.822] [main/DEBUG] [net.neoforged.fml.loading.moddiscovery.ModFileParser/LOADING]: Considering mod file candidate D:\ServerFiles-5.1\mods\ars_unification-1.2.16.jar
[25nov2025 22:14:41.825] [main/DEBUG] [net.neoforged.fml.loading.moddiscovery.ModFileInfo/LOADING]: Found valid mod file ars_unification-1.2.16.jar with {ars_unification} mods - versions {1.2.16}
[25nov2025 22:14:41.825] [main/INFO] [net.neoforged.fml.loading.moddiscovery.ModDiscoverer/SCAN]: Found mod file "ars_unification-1.2.16.jar" [locator: {mods folder locator at D:\ServerFiles-5.1\mods}, reader: mod manifest]
[25nov2025 22:14:41.827] [main/DEBUG] [net.neoforged.fml.loading.moddiscovery.readers.JarModsDotTomlModFileReader/SCAN]: Found META-INF/neoforge.mods.toml mod of type null: D:\ServerFiles-5.1\mods\arseng-2.1.1-beta.jar
[25nov2025 22:14:41.827] [main/DEBUG] [net.neoforged.fml.loading.moddiscovery.ModFileParser/LOADING]: Considering mod file candidate D:\ServerFiles-5.1\mods\arseng-2.1.1-beta.jar
[25nov2025 22:14:41.828] [main/DEBUG] [net.neoforged.fml.loading.moddiscovery.ModFileInfo/LOADING]: Found valid mod file arseng-2.1.1-beta.jar with {arseng} mods - versions {2.1.1-beta}
[25nov2025 22:14:41.828] [main/INFO] [net.neoforged.fml.loading.moddiscovery.ModDiscoverer/SCAN]: Found mod file "arseng-2.1.1-beta.jar" [locator: {mods folder locator at D:\ServerFiles-5.1\mods}, reader: mod manifest]
[25nov2025 22:14:41.830] [main/DEBUG] [net.neoforged.fml.loading.moddiscovery.readers.JarModsDotTomlModFileReader/SCAN]: Found META-INF/neoforge.mods.toml mod of type null: D:\ServerFiles-5.1\mods\artifacts-neoforge-13.1.0.jar
[25nov2025 22:14:41.830] [main/DEBUG] [net.neoforged.fml.loading.moddiscovery.ModFileParser/LOADING]: Considering mod file candidate D:\ServerFiles-5.1\mods\artifacts-neoforge-13.1.0.jar
[25nov2025 22:14:41.831] [main/DEBUG] [net.neoforged.fml.loading.moddiscovery.ModFileInfo/LOADING]: Found valid mod file artifacts-neoforge-13.1.0.jar with {artifacts} mods - versions {13.1.0}
[25nov2025 22:14:41.831] [main/INFO] [net.neoforged.fml.loading.moddiscovery.ModDiscoverer/SCAN]: Found mod file "artifacts-neoforge-13.1.0.jar" [locator: {mods folder locator at D:\ServerFiles-5.1\mods}, reader: mod manifest]
[25nov2025 22:14:41.833] [main/DEBUG] [net.neoforged.fml.loading.moddiscovery.readers.JarModsDotTomlModFileReader/SCAN]: Found META-INF/neoforge.mods.toml mod of type null: D:\ServerFiles-5.1\mods\athena-neoforge-1.21-4.0.2.jar
[25nov2025 22:14:41.833] [main/DEBUG] [net.neoforged.fml.loading.moddiscovery.ModFileParser/LOADING]: Considering mod file candidate D:\ServerFiles-5.1\mods\athena-neoforge-1.21-4.0.2.jar
[25nov2025 22:14:41.834] [main/DEBUG] [net.neoforged.fml.loading.moddiscovery.ModFileInfo/LOADING]: Found valid mod file athena-neoforge-1.21-4.0.2.jar with {athena} mods - versions {4.0.2}
[25nov2025 22:14:41.834] [main/INFO] [net.neoforged.fml.loading.moddiscovery.ModDiscoverer/SCAN]: Found mod file "athena-neoforge-1.21-4.0.2.jar" [locator: {mods folder locator at D:\ServerFiles-5.1\mods}, reader: mod manifest]
[25nov2025 22:14:41.836] [main/DEBUG] [net.neoforged.fml.loading.moddiscovery.readers.JarModsDotTomlModFileReader/SCAN]: Found META-INF/neoforge.mods.toml mod of type null: D:\ServerFiles-5.1\mods\atlas_api-1.21.1-1.2.0.jar
[25nov2025 22:14:41.836] [main/DEBUG] [net.neoforged.fml.loading.moddiscovery.ModFileParser/LOADING]: Considering mod file candidate D:\ServerFiles-5.1\mods\atlas_api-1.21.1-1.2.0.jar
[25nov2025 22:14:41.837] [main/DEBUG] [net.neoforged.fml.loading.moddiscovery.ModFileInfo/LOADING]: Found valid mod file atlas_api-1.21.1-1.2.0.jar with {atlas_api} mods - versions {1.21.1-1.2.0}
[25nov2025 22:14:41.837] [main/INFO] [net.neoforged.fml.loading.moddiscovery.ModDiscoverer/SCAN]: Found mod file "atlas_api-1.21.1-1.2.0.jar" [locator: {mods folder locator at D:\ServerFiles-5.1\mods}, reader: mod manifest]
[25nov2025 22:14:41.839] [main/DEBUG] [net.neoforged.fml.loading.moddiscovery.readers.JarModsDotTomlModFileReader/SCAN]: Found META-INF/neoforge.mods.toml mod of type null: D:\ServerFiles-5.1\mods\attributefix-neoforge-1.21.1-21.1.3.jar
[25nov2025 22:14:41.839] [main/DEBUG] [net.neoforged.fml.loading.moddiscovery.ModFileParser/LOADING]: Considering mod file candidate D:\ServerFiles-5.1\mods\attributefix-neoforge-1.21.1-21.1.3.jar
[25nov2025 22:14:41.840] [main/DEBUG] [net.neoforged.fml.loading.moddiscovery.ModFileInfo/LOADING]: Found valid mod file attributefix-neoforge-1.21.1-21.1.3.jar with {attributefix} mods - versions {21.1.3}
[25nov2025 22:14:41.840] [main/INFO] [net.neoforged.fml.loading.moddiscovery.ModDiscoverer/SCAN]: Found mod file "attributefix-neoforge-1.21.1-21.1.3.jar" [locator: {mods folder locator at D:\ServerFiles-5.1\mods}, reader: mod manifest]
[25nov2025 22:14:41.842] [main/DEBUG] [net.neoforged.fml.loading.moddiscovery.readers.JarModsDotTomlModFileReader/SCAN]: Found META-INF/neoforge.mods.toml mod of type null: D:\ServerFiles-5.1\mods\balm-neoforge-1.21.1-21.0.54.jar
[25nov2025 22:14:41.842] [main/DEBUG] [net.neoforged.fml.loading.moddiscovery.ModFileParser/LOADING]: Considering mod file candidate D:\ServerFiles-5.1\mods\balm-neoforge-1.21.1-21.0.54.jar
[25nov2025 22:14:41.843] [main/DEBUG] [net.neoforged.fml.loading.moddiscovery.ModFileInfo/LOADING]: Found valid mod file balm-neoforge-1.21.1-21.0.54.jar with {balm} mods - versions {21.0.54}
[25nov2025 22:14:41.843] [main/INFO] [net.neoforged.fml.loading.moddiscovery.ModDiscoverer/SCAN]: Found mod file "balm-neoforge-1.21.1-21.0.54.jar" [locator: {mods folder locator at D:\ServerFiles-5.1\mods}, reader: mod manifest]
[25nov2025 22:14:41.844] [main/DEBUG] [net.neoforged.fml.loading.moddiscovery.readers.JarModsDotTomlModFileReader/SCAN]: Found META-INF/neoforge.mods.toml mod of type null: D:\ServerFiles-5.1\mods\baubley-heart-canisters-1.21.1-1.2.3.jar
[25nov2025 22:14:41.844] [main/DEBUG] [net.neoforged.fml.loading.moddiscovery.ModFileParser/LOADING]: Considering mod file candidate D:\ServerFiles-5.1\mods\baubley-heart-canisters-1.21.1-1.2.3.jar
[25nov2025 22:14:41.846] [main/DEBUG] [net.neoforged.fml.loading.moddiscovery.ModFileInfo/LOADING]: Found valid mod file baubley-heart-canisters-1.21.1-1.2.3.jar with {bhc} mods - versions {1.21.1-1.2.3}
[25nov2025 22:14:41.846] [main/INFO] [net.neoforged.fml.loading.moddiscovery.ModDiscoverer/SCAN]: Found mod file "baubley-heart-canisters-1.21.1-1.2.3.jar" [locator: {mods folder locator at D:\ServerFiles-5.1\mods}, reader: mod manifest]
[25nov2025 22:14:41.848] [main/DEBUG] [net.neoforged.fml.loading.moddiscovery.readers.JarModsDotTomlModFileReader/SCAN]: Found META-INF/neoforge.mods.toml mod of type null: D:\ServerFiles-5.1\mods\bcc-21.1.5+mc1.21.1.jar
[25nov2025 22:14:41.848] [main/DEBUG] [net.neoforged.fml.loading.moddiscovery.ModFileParser/LOADING]: Considering mod file candidate D:\ServerFiles-5.1\mods\bcc-21.1.5+mc1.21.1.jar
[25nov2025 22:14:41.849] [main/DEBUG] [net.neoforged.fml.loading.moddiscovery.ModFileInfo/LOADING]: Found valid mod file bcc-21.1.5+mc1.21.1.jar with {bcc} mods - versions {21.1.5}
[25nov2025 22:14:41.849] [main/INFO] [net.neoforged.fml.loading.moddiscovery.ModDiscoverer/SCAN]: Found mod file "bcc-21.1.5+mc1.21.1.jar" [locator: {mods folder locator at D:\ServerFiles-5.1\mods}, reader: mod manifest]
[25nov2025 22:14:41.851] [main/DEBUG] [net.neoforged.fml.loading.moddiscovery.readers.JarModsDotTomlModFileReader/SCAN]: Found META-INF/neoforge.mods.toml mod of type null: D:\ServerFiles-5.1\mods\bellsandwhistles-0.4.7-1.21.1.jar
[25nov2025 22:14:41.851] [main/DEBUG] [net.neoforged.fml.loading.moddiscovery.ModFileParser/LOADING]: Considering mod file candidate D:\ServerFiles-5.1\mods\bellsandwhistles-0.4.7-1.21.1.jar
[25nov2025 22:14:41.852] [main/DEBUG] [net.neoforged.fml.loading.moddiscovery.ModFileInfo/LOADING]: Found valid mod file bellsandwhistles-0.4.7-1.21.1.jar with {bellsandwhistles} mods - versions {0.4.7-1.21.1}
[25nov2025 22:14:41.852] [main/INFO] [net.neoforged.fml.loading.moddiscovery.ModDiscoverer/SCAN]: Found mod file "bellsandwhistles-0.4.7-1.21.1.jar" [locator: {mods folder locator at D:\ServerFiles-5.1\mods}, reader: mod manifest]
[25nov2025 22:14:41.876] [main/DEBUG] [net.neoforged.fml.loading.moddiscovery.readers.JarModsDotTomlModFileReader/SCAN]: Found META-INF/neoforge.mods.toml mod of type null: D:\ServerFiles-5.1\mods\bibliobiomes-1.21.1-1.6.0.jar
[25nov2025 22:14:41.876] [main/DEBUG] [net.neoforged.fml.loading.moddiscovery.ModFileParser/LOADING]: Considering mod file candidate D:\ServerFiles-5.1\mods\bibliobiomes-1.21.1-1.6.0.jar
[25nov2025 22:14:41.877] [main/DEBUG] [net.neoforged.fml.loading.moddiscovery.ModFileInfo/LOADING]: Found valid mod file bibliobiomes-1.21.1-1.6.0.jar with {bibliobiomes} mods - versions {1.6.0}
[25nov2025 22:14:41.877] [main/INFO] [net.neoforged.fml.loading.moddiscovery.ModDiscoverer/SCAN]: Found mod file "bibliobiomes-1.21.1-1.6.0.jar" [locator: {mods folder locator at D:\ServerFiles-5.1\mods}, reader: mod manifest]
[25nov2025 22:14:41.883] [main/DEBUG] [net.neoforged.fml.loading.moddiscovery.readers.JarModsDotTomlModFileReader/SCAN]: Found META-INF/neoforge.mods.toml mod of type MOD: D:\ServerFiles-5.1\mods\bibliocraft-1.21.1-1.6.2.jar
[25nov2025 22:14:41.883] [main/DEBUG] [net.neoforged.fml.loading.moddiscovery.ModFileParser/LOADING]: Considering mod file candidate D:\ServerFiles-5.1\mods\bibliocraft-1.21.1-1.6.2.jar
[25nov2025 22:14:41.884] [main/DEBUG] [net.neoforged.fml.loading.moddiscovery.ModFileInfo/LOADING]: Found valid mod file bibliocraft-1.21.1-1.6.2.jar with {bibliocraft} mods - versions {1.6.2}
[25nov2025 22:14:41.884] [main/INFO] [net.neoforged.fml.loading.moddiscovery.ModDiscoverer/SCAN]: Found mod file "bibliocraft-1.21.1-1.6.2.jar" [locator: {mods folder locator at D:\ServerFiles-5.1\mods}, reader: mod manifest]
[25nov2025 22:14:41.896] [main/DEBUG] [net.neoforged.fml.loading.moddiscovery.readers.JarModsDotTomlModFileReader/SCAN]: Found META-INF/neoforge.mods.toml mod of type null: D:\ServerFiles-5.1\mods\bibliowoods-1.21.1-1.6.0.jar
[25nov2025 22:14:41.896] [main/DEBUG] [net.neoforged.fml.loading.moddiscovery.ModFileParser/LOADING]: Considering mod file candidate D:\ServerFiles-5.1\mods\bibliowoods-1.21.1-1.6.0.jar
[25nov2025 22:14:41.898] [main/DEBUG] [net.neoforged.fml.loading.moddiscovery.ModFileInfo/LOADING]: Found valid mod file bibliowoods-1.21.1-1.6.0.jar with {bibliowoods} mods - versions {1.6.0}
[25nov2025 22:14:41.898] [main/INFO] [net.neoforged.fml.loading.moddiscovery.ModDiscoverer/SCAN]: Found mod file "bibliowoods-1.21.1-1.6.0.jar" [locator: {mods folder locator at D:\ServerFiles-5.1\mods}, reader: mod manifest]
[25nov2025 22:14:41.899] [main/DEBUG] [net.neoforged.fml.loading.moddiscovery.readers.JarModsDotTomlModFileReader/SCAN]: Found META-INF/neoforge.mods.toml mod of type null: D:\ServerFiles-5.1\mods\blockui-1.0.206-1.21.1-snapshot.jar
[25nov2025 22:14:41.900] [main/DEBUG] [net.neoforged.fml.loading.moddiscovery.ModFileParser/LOADING]: Considering mod file candidate D:\ServerFiles-5.1\mods\blockui-1.0.206-1.21.1-snapshot.jar
[25nov2025 22:14:41.900] [main/DEBUG] [net.neoforged.fml.loading.moddiscovery.ModFileInfo/LOADING]: Found valid mod file blockui-1.0.206-1.21.1-snapshot.jar with {blockui} mods - versions {1.0.206-1.21.1-snapshot}
[25nov2025 22:14:41.900] [main/INFO] [net.neoforged.fml.loading.moddiscovery.ModDiscoverer/SCAN]: Found mod file "blockui-1.0.206-1.21.1-snapshot.jar" [locator: {mods folder locator at D:\ServerFiles-5.1\mods}, reader: mod manifest]
[25nov2025 22:14:41.902] [main/DEBUG] [net.neoforged.fml.loading.moddiscovery.readers.JarModsDotTomlModFileReader/SCAN]: Found META-INF/neoforge.mods.toml mod of type null: D:\ServerFiles-5.1\mods\blueflame-1.21.1-1.1.1.jar
[25nov2025 22:14:41.902] [main/DEBUG] [net.neoforged.fml.loading.moddiscovery.ModFileParser/LOADING]: Considering mod file candidate D:\ServerFiles-5.1\mods\blueflame-1.21.1-1.1.1.jar
[25nov2025 22:14:41.902] [main/DEBUG] [net.neoforged.fml.loading.moddiscovery.ModFileInfo/LOADING]: Found valid mod file blueflame-1.21.1-1.1.1.jar with {blueflame} mods - versions {1.21.1-1.1.1}
[25nov2025 22:14:41.902] [main/INFO] [net.neoforged.fml.loading.moddiscovery.ModDiscoverer/SCAN]: Found mod file "blueflame-1.21.1-1.1.1.jar" [locator: {mods folder locator at D:\ServerFiles-5.1\mods}, reader: mod manifest]
[25nov2025 22:14:41.905] [main/DEBUG] [net.neoforged.fml.loading.moddiscovery.readers.JarModsDotTomlModFileReader/SCAN]: Found META-INF/neoforge.mods.toml mod of type null: D:\ServerFiles-5.1\mods\bookshelf-neoforge-1.21.1-21.1.78.jar
[25nov2025 22:14:41.905] [main/DEBUG] [net.neoforged.fml.loading.moddiscovery.ModFileParser/LOADING]: Considering mod file candidate D:\ServerFiles-5.1\mods\bookshelf-neoforge-1.21.1-21.1.78.jar
[25nov2025 22:14:41.906] [main/DEBUG] [net.neoforged.fml.loading.moddiscovery.ModFileInfo/LOADING]: Found valid mod file bookshelf-neoforge-1.21.1-21.1.78.jar with {bookshelf} mods - versions {21.1.78}
[25nov2025 22:14:41.906] [main/INFO] [net.neoforged.fml.loading.moddiscovery.ModDiscoverer/SCAN]: Found mod file "bookshelf-neoforge-1.21.1-21.1.78.jar" [locator: {mods folder locator at D:\ServerFiles-5.1\mods}, reader: mod manifest]
[25nov2025 22:14:41.908] [main/DEBUG] [net.neoforged.fml.loading.moddiscovery.readers.JarModsDotTomlModFileReader/SCAN]: Found META-INF/neoforge.mods.toml mod of type null: D:\ServerFiles-5.1\mods\botanypots-neoforge-1.21.1-21.1.41.jar
[25nov2025 22:14:41.908] [main/DEBUG] [net.neoforged.fml.loading.moddiscovery.ModFileParser/LOADING]: Considering mod file candidate D:\ServerFiles-5.1\mods\botanypots-neoforge-1.21.1-21.1.41.jar
[25nov2025 22:14:41.909] [main/DEBUG] [net.neoforged.fml.loading.moddiscovery.ModFileInfo/LOADING]: Found valid mod file botanypots-neoforge-1.21.1-21.1.41.jar with {botanypots} mods - versions {21.1.41}
[25nov2025 22:14:41.909] [main/INFO] [net.neoforged.fml.loading.moddiscovery.ModDiscoverer/SCAN]: Found mod file "botanypots-neoforge-1.21.1-21.1.41.jar" [locator: {mods folder locator at D:\ServerFiles-5.1\mods}, reader: mod manifest]
[25nov2025 22:14:41.910] [main/DEBUG] [net.neoforged.fml.loading.moddiscovery.readers.JarModsDotTomlModFileReader/SCAN]: Found META-INF/neoforge.mods.toml mod of type null: D:\ServerFiles-5.1\mods\botanypotsmystical-neoforge-1.21.1-21.1.11.jar
[25nov2025 22:14:41.910] [main/DEBUG] [net.neoforged.fml.loading.moddiscovery.ModFileParser/LOADING]: Considering mod file candidate D:\ServerFiles-5.1\mods\botanypotsmystical-neoforge-1.21.1-21.1.11.jar
[25nov2025 22:14:41.911] [main/DEBUG] [net.neoforged.fml.loading.moddiscovery.ModFileInfo/LOADING]: Found valid mod file botanypotsmystical-neoforge-1.21.1-21.1.11.jar with {botanypotsmystical} mods - versions {21.1.11}
[25nov2025 22:14:41.911] [main/INFO] [net.neoforged.fml.loading.moddiscovery.ModDiscoverer/SCAN]: Found mod file "botanypotsmystical-neoforge-1.21.1-21.1.11.jar" [locator: {mods folder locator at D:\ServerFiles-5.1\mods}, reader: mod manifest]
[25nov2025 22:14:41.912] [main/DEBUG] [net.neoforged.fml.loading.moddiscovery.readers.JarModsDotTomlModFileReader/SCAN]: Found META-INF/neoforge.mods.toml mod of type null: D:\ServerFiles-5.1\mods\botanytrees-neoforge-1.21.1-21.1.1.jar
[25nov2025 22:14:41.912] [main/DEBUG] [net.neoforged.fml.loading.moddiscovery.ModFileParser/LOADING]: Considering mod file candidate D:\ServerFiles-5.1\mods\botanytrees-neoforge-1.21.1-21.1.1.jar
[25nov2025 22:14:41.913] [main/DEBUG] [net.neoforged.fml.loading.moddiscovery.ModFileInfo/LOADING]: Found valid mod file botanytrees-neoforge-1.21.1-21.1.1.jar with {botanytrees} mods - versions {21.1.1}
[25nov2025 22:14:41.913] [main/INFO] [net.neoforged.fml.loading.moddiscovery.ModDiscoverer/SCAN]: Found mod file "botanytrees-neoforge-1.21.1-21.1.1.jar" [locator: {mods folder locator at D:\ServerFiles-5.1\mods}, reader: mod manifest]
[25nov2025 22:14:41.919] [main/DEBUG] [net.neoforged.fml.loading.moddiscovery.readers.JarModsDotTomlModFileReader/SCAN]: Found META-INF/neoforge.mods.toml mod of type null: D:\ServerFiles-5.1\mods\BrandonsCore-1.21.1-3.2.1.309.jar
[25nov2025 22:14:41.919] [main/DEBUG] [net.neoforged.fml.loading.moddiscovery.ModFileParser/LOADING]: Considering mod file candidate D:\ServerFiles-5.1\mods\BrandonsCore-1.21.1-3.2.1.309.jar
[25nov2025 22:14:41.920] [main/DEBUG] [net.neoforged.fml.loading.moddiscovery.ModFileInfo/LOADING]: Found valid mod file BrandonsCore-1.21.1-3.2.1.309.jar with {brandonscore} mods - versions {3.2.1.309}
[25nov2025 22:14:41.920] [main/INFO] [net.neoforged.fml.loading.moddiscovery.ModDiscoverer/SCAN]: Found mod file "BrandonsCore-1.21.1-3.2.1.309.jar" [locator: {mods folder locator at D:\ServerFiles-5.1\mods}, reader: mod manifest]
[25nov2025 22:14:41.922] [main/DEBUG] [net.neoforged.fml.loading.moddiscovery.readers.JarModsDotTomlModFileReader/SCAN]: Found META-INF/neoforge.mods.toml mod of type null: D:\ServerFiles-5.1\mods\BridgingMod-2.6.2+1.21.1.neoforge-release.jar
[25nov2025 22:14:41.922] [main/DEBUG] [net.neoforged.fml.loading.moddiscovery.ModFileParser/LOADING]: Considering mod file candidate D:\ServerFiles-5.1\mods\BridgingMod-2.6.2+1.21.1.neoforge-release.jar
[25nov2025 22:14:41.923] [main/DEBUG] [net.neoforged.fml.loading.moddiscovery.ModFileInfo/LOADING]: Found valid mod file BridgingMod-2.6.2+1.21.1.neoforge-release.jar with {bridgingmod} mods - versions {2.6.2+1.21.1}
[25nov2025 22:14:41.923] [main/INFO] [net.neoforged.fml.loading.moddiscovery.ModDiscoverer/SCAN]: Found mod file "BridgingMod-2.6.2+1.21.1.neoforge-release.jar" [locator: {mods folder locator at D:\ServerFiles-5.1\mods}, reader: mod manifest]
[25nov2025 22:14:41.924] [main/DEBUG] [net.neoforged.fml.loading.moddiscovery.readers.JarModsDotTomlModFileReader/SCAN]: Found META-INF/neoforge.mods.toml mod of type null: D:\ServerFiles-5.1\mods\buildinggadgets2-1.3.9.jar
[25nov2025 22:14:41.924] [main/DEBUG] [net.neoforged.fml.loading.moddiscovery.ModFileParser/LOADING]: Considering mod file candidate D:\ServerFiles-5.1\mods\buildinggadgets2-1.3.9.jar
[25nov2025 22:14:41.925] [main/DEBUG] [net.neoforged.fml.loading.moddiscovery.ModFileInfo/LOADING]: Found valid mod file buildinggadgets2-1.3.9.jar with {buildinggadgets2} mods - versions {1.3.9}
[25nov2025 22:14:41.925] [main/INFO] [net.neoforged.fml.loading.moddiscovery.ModDiscoverer/SCAN]: Found mod file "buildinggadgets2-1.3.9.jar" [locator: {mods folder locator at D:\ServerFiles-5.1\mods}, reader: mod manifest]
[25nov2025 22:14:41.927] [main/DEBUG] [net.neoforged.fml.loading.moddiscovery.readers.JarModsDotTomlModFileReader/SCAN]: Found META-INF/neoforge.mods.toml mod of type null: D:\ServerFiles-5.1\mods\bwncr-neoforge-1.21.1-3.20.3.jar
[25nov2025 22:14:41.927] [main/DEBUG] [net.neoforged.fml.loading.moddiscovery.ModFileParser/LOADING]: Considering mod file candidate D:\ServerFiles-5.1\mods\bwncr-neoforge-1.21.1-3.20.3.jar
[25nov2025 22:14:41.928] [main/DEBUG] [net.neoforged.fml.loading.moddiscovery.ModFileInfo/LOADING]: Found valid mod file bwncr-neoforge-1.21.1-3.20.3.jar with {bwncr} mods - versions {3.20.3}
[25nov2025 22:14:41.929] [main/INFO] [net.neoforged.fml.loading.moddiscovery.ModDiscoverer/SCAN]: Found mod file "bwncr-neoforge-1.21.1-3.20.3.jar" [locator: {mods folder locator at D:\ServerFiles-5.1\mods}, reader: mod manifest]
[25nov2025 22:14:41.933] [main/DEBUG] [net.neoforged.fml.loading.moddiscovery.readers.JarModsDotTomlModFileReader/SCAN]: Found META-INF/neoforge.mods.toml mod of type null: D:\ServerFiles-5.1\mods\Byzantine-1.21.1-42.jar
[25nov2025 22:14:41.933] [main/DEBUG] [net.neoforged.fml.loading.moddiscovery.ModFileParser/LOADING]: Considering mod file candidate D:\ServerFiles-5.1\mods\Byzantine-1.21.1-42.jar
[25nov2025 22:14:41.934] [main/DEBUG] [net.neoforged.fml.loading.moddiscovery.ModFileInfo/LOADING]: Found valid mod file Byzantine-1.21.1-42.jar with {byzantine} mods - versions {42}
[25nov2025 22:14:41.935] [main/INFO] [net.neoforged.fml.loading.moddiscovery.ModDiscoverer/SCAN]: Found mod file "Byzantine-1.21.1-42.jar" [locator: {mods folder locator at D:\ServerFiles-5.1\mods}, reader: mod manifest]
[25nov2025 22:14:41.937] [main/DEBUG] [net.neoforged.fml.loading.moddiscovery.readers.JarModsDotTomlModFileReader/SCAN]: Found META-INF/neoforge.mods.toml mod of type null: D:\ServerFiles-5.1\mods\cabletiers-neoforge-1.21.1-0.6.8.jar
[25nov2025 22:14:41.937] [main/DEBUG] [net.neoforged.fml.loading.moddiscovery.ModFileParser/LOADING]: Considering mod file candidate D:\ServerFiles-5.1\mods\cabletiers-neoforge-1.21.1-0.6.8.jar
[25nov2025 22:14:41.938] [main/DEBUG] [net.neoforged.fml.loading.moddiscovery.ModFileInfo/LOADING]: Found valid mod file cabletiers-neoforge-1.21.1-0.6.8.jar with {cabletiers} mods - versions {1.21.1-0.6.8}
[25nov2025 22:14:41.938] [main/INFO] [net.neoforged.fml.loading.moddiscovery.ModDiscoverer/SCAN]: Found mod file "cabletiers-neoforge-1.21.1-0.6.8.jar" [locator: {mods folder locator at D:\ServerFiles-5.1\mods}, reader: mod manifest]
[25nov2025 22:14:41.940] [main/DEBUG] [net.neoforged.fml.loading.moddiscovery.readers.JarModsDotTomlModFileReader/SCAN]: Found META-INF/neoforge.mods.toml mod of type null: D:\ServerFiles-5.1\mods\caelus-neoforge-7.0.1+1.21.1.jar
[25nov2025 22:14:41.940] [main/DEBUG] [net.neoforged.fml.loading.moddiscovery.ModFileParser/LOADING]: Considering mod file candidate D:\ServerFiles-5.1\mods\caelus-neoforge-7.0.1+1.21.1.jar
[25nov2025 22:14:41.941] [main/DEBUG] [net.neoforged.fml.loading.moddiscovery.ModFileInfo/LOADING]: Found valid mod file caelus-neoforge-7.0.1+1.21.1.jar with {caelus} mods - versions {7.0.1+1.21.1}
[25nov2025 22:14:41.941] [main/INFO] [net.neoforged.fml.loading.moddiscovery.ModDiscoverer/SCAN]: Found mod file "caelus-neoforge-7.0.1+1.21.1.jar" [locator: {mods folder locator at D:\ServerFiles-5.1\mods}, reader: mod manifest]
[25nov2025 22:14:41.943] [main/DEBUG] [net.neoforged.fml.loading.moddiscovery.readers.JarModsDotTomlModFileReader/SCAN]: Found META-INF/neoforge.mods.toml mod of type null: D:\ServerFiles-5.1\mods\camol-1.21.1-0.3.0.jar
[25nov2025 22:14:41.943] [main/DEBUG] [net.neoforged.fml.loading.moddiscovery.ModFileParser/LOADING]: Considering mod file candidate D:\ServerFiles-5.1\mods\camol-1.21.1-0.3.0.jar
[25nov2025 22:14:41.944] [main/DEBUG] [net.neoforged.fml.loading.moddiscovery.ModFileInfo/LOADING]: Found valid mod file camol-1.21.1-0.3.0.jar with {camol} mods - versions {1.21.1-0.3.0}
[25nov2025 22:14:41.944] [main/INFO] [net.neoforged.fml.loading.moddiscovery.ModDiscoverer/SCAN]: Found mod file "camol-1.21.1-0.3.0.jar" [locator: {mods folder locator at D:\ServerFiles-5.1\mods}, reader: mod manifest]
[25nov2025 22:14:41.945] [main/DEBUG] [net.neoforged.fml.loading.moddiscovery.readers.JarModsDotTomlModFileReader/SCAN]: Found META-INF/neoforge.mods.toml mod of type null: D:\ServerFiles-5.1\mods\catjammies-1.21-1.7.1.jar
[25nov2025 22:14:41.945] [main/DEBUG] [net.neoforged.fml.loading.moddiscovery.ModFileParser/LOADING]: Considering mod file candidate D:\ServerFiles-5.1\mods\catjammies-1.21-1.7.1.jar
[25nov2025 22:14:41.946] [main/DEBUG] [net.neoforged.fml.loading.moddiscovery.ModFileInfo/LOADING]: Found valid mod file catjammies-1.21-1.7.1.jar with {catjammies} mods - versions {1.21-1.7.1}
[25nov2025 22:14:41.946] [main/INFO] [net.neoforged.fml.loading.moddiscovery.ModDiscoverer/SCAN]: Found mod file "catjammies-1.21-1.7.1.jar" [locator: {mods folder locator at D:\ServerFiles-5.1\mods}, reader: mod manifest]
[25nov2025 22:14:41.949] [main/DEBUG] [net.neoforged.fml.loading.moddiscovery.readers.JarModsDotTomlModFileReader/SCAN]: Found META-INF/neoforge.mods.toml mod of type null: D:\ServerFiles-5.1\mods\cc-tweaked-1.21.1-forge-1.113.1.jar
[25nov2025 22:14:41.949] [main/DEBUG] [net.neoforged.fml.loading.moddiscovery.ModFileParser/LOADING]: Considering mod file candidate D:\ServerFiles-5.1\mods\cc-tweaked-1.21.1-forge-1.113.1.jar
[25nov2025 22:14:41.950] [main/DEBUG] [net.neoforged.fml.loading.moddiscovery.ModFileInfo/LOADING]: Found valid mod file cc-tweaked-1.21.1-forge-1.113.1.jar with {computercraft} mods - versions {1.113.1}
[25nov2025 22:14:41.950] [main/INFO] [net.neoforged.fml.loading.moddiscovery.ModDiscoverer/SCAN]: Found mod file "cc-tweaked-1.21.1-forge-1.113.1.jar" [locator: {mods folder locator at D:\ServerFiles-5.1\mods}, reader: mod manifest]
[25nov2025 22:14:41.952] [main/DEBUG] [net.neoforged.fml.loading.moddiscovery.readers.JarModsDotTomlModFileReader/SCAN]: Found META-INF/neoforge.mods.toml mod of type null: D:\ServerFiles-5.1\mods\cc-tweaked-1.21.1-forge-1.116.1.jar
[25nov2025 22:14:41.952] [main/DEBUG] [net.neoforged.fml.loading.moddiscovery.ModFileParser/LOADING]: Considering mod file candidate D:\ServerFiles-5.1\mods\cc-tweaked-1.21.1-forge-1.116.1.jar
[25nov2025 22:14:41.953] [main/DEBUG] [net.neoforged.fml.loading.moddiscovery.ModFileInfo/LOADING]: Found valid mod file cc-tweaked-1.21.1-forge-1.116.1.jar with {computercraft} mods - versions {1.116.1}
[25nov2025 22:14:41.953] [main/INFO] [net.neoforged.fml.loading.moddiscovery.ModDiscoverer/SCAN]: Found mod file "cc-tweaked-1.21.1-forge-1.116.1.jar" [locator: {mods folder locator at D:\ServerFiles-5.1\mods}, reader: mod manifest]
[25nov2025 22:14:41.955] [main/DEBUG] [net.neoforged.fml.loading.moddiscovery.readers.JarModsDotTomlModFileReader/SCAN]: Found META-INF/neoforge.mods.toml mod of type null: D:\ServerFiles-5.1\mods\charginggadgets-1.14.1.jar
[25nov2025 22:14:41.955] [main/DEBUG] [net.neoforged.fml.loading.moddiscovery.ModFileParser/LOADING]: Considering mod file candidate D:\ServerFiles-5.1\mods\charginggadgets-1.14.1.jar
[25nov2025 22:14:41.956] [main/DEBUG] [net.neoforged.fml.loading.moddiscovery.ModFileInfo/LOADING]: Found valid mod file charginggadgets-1.14.1.jar with {charginggadgets} mods - versions {1.14.1}
[25nov2025 22:14:41.956] [main/INFO] [net.neoforged.fml.loading.moddiscovery.ModDiscoverer/SCAN]: Found mod file "charginggadgets-1.14.1.jar" [locator: {mods folder locator at D:\ServerFiles-5.1\mods}, reader: mod manifest]
[25nov2025 22:14:41.968] [main/DEBUG] [net.neoforged.fml.loading.moddiscovery.readers.JarModsDotTomlModFileReader/SCAN]: Found META-INF/neoforge.mods.toml mod of type null: D:\ServerFiles-5.1\mods\chipped-neoforge-1.21.1-4.0.2.jar
[25nov2025 22:14:41.968] [main/DEBUG] [net.neoforged.fml.loading.moddiscovery.ModFileParser/LOADING]: Considering mod file candidate D:\ServerFiles-5.1\mods\chipped-neoforge-1.21.1-4.0.2.jar
[25nov2025 22:14:41.968] [main/DEBUG] [net.neoforged.fml.loading.moddiscovery.ModFileInfo/LOADING]: Found valid mod file chipped-neoforge-1.21.1-4.0.2.jar with {chipped} mods - versions {4.0.2}
[25nov2025 22:14:41.969] [main/INFO] [net.neoforged.fml.loading.moddiscovery.ModDiscoverer/SCAN]: Found mod file "chipped-neoforge-1.21.1-4.0.2.jar" [locator: {mods folder locator at D:\ServerFiles-5.1\mods}, reader: mod manifest]
[25nov2025 22:14:41.975] [main/DEBUG] [net.neoforged.fml.loading.moddiscovery.readers.JarModsDotTomlModFileReader/SCAN]: Found META-INF/neoforge.mods.toml mod of type null: D:\ServerFiles-5.1\mods\chisel-neoforge-2.0.0+mc1.21.1.jar
[25nov2025 22:14:41.975] [main/DEBUG] [net.neoforged.fml.loading.moddiscovery.ModFileParser/LOADING]: Considering mod file candidate D:\ServerFiles-5.1\mods\chisel-neoforge-2.0.0+mc1.21.1.jar
[25nov2025 22:14:41.976] [main/DEBUG] [net.neoforged.fml.loading.moddiscovery.ModFileInfo/LOADING]: Found valid mod file chisel-neoforge-2.0.0+mc1.21.1.jar with {chisel} mods - versions {2.0.0+mc1.21.1}
[25nov2025 22:14:41.976] [main/INFO] [net.neoforged.fml.loading.moddiscovery.ModDiscoverer/SCAN]: Found mod file "chisel-neoforge-2.0.0+mc1.21.1.jar" [locator: {mods folder locator at D:\ServerFiles-5.1\mods}, reader: mod manifest]
[25nov2025 22:14:41.978] [main/DEBUG] [net.neoforged.fml.loading.moddiscovery.readers.JarModsDotTomlModFileReader/SCAN]: Found META-INF/neoforge.mods.toml mod of type null: D:\ServerFiles-5.1\mods\chromacarvings-1.21.1-0.2.0.jar
[25nov2025 22:14:41.978] [main/DEBUG] [net.neoforged.fml.loading.moddiscovery.ModFileParser/LOADING]: Considering mod file candidate D:\ServerFiles-5.1\mods\chromacarvings-1.21.1-0.2.0.jar
[25nov2025 22:14:41.979] [main/DEBUG] [net.neoforged.fml.loading.moddiscovery.ModFileInfo/LOADING]: Found valid mod file chromacarvings-1.21.1-0.2.0.jar with {chromacarvings} mods - versions {1.21.1-0.2.0}
[25nov2025 22:14:41.979] [main/INFO] [net.neoforged.fml.loading.moddiscovery.ModDiscoverer/SCAN]: Found mod file "chromacarvings-1.21.1-0.2.0.jar" [locator: {mods folder locator at D:\ServerFiles-5.1\mods}, reader: mod manifest]
[25nov2025 22:14:41.981] [main/DEBUG] [net.neoforged.fml.loading.moddiscovery.readers.JarModsDotTomlModFileReader/SCAN]: Found META-INF/neoforge.mods.toml mod of type null: D:\ServerFiles-5.1\mods\cleanswing-1.9.jar
[25nov2025 22:14:41.981] [main/DEBUG] [net.neoforged.fml.loading.moddiscovery.ModFileParser/LOADING]: Considering mod file candidate D:\ServerFiles-5.1\mods\cleanswing-1.9.jar
[25nov2025 22:14:41.982] [main/DEBUG] [net.neoforged.fml.loading.moddiscovery.ModFileInfo/LOADING]: Found valid mod file cleanswing-1.9.jar with {cleanswing} mods - versions {1.9}
[25nov2025 22:14:41.982] [main/INFO] [net.neoforged.fml.loading.moddiscovery.ModDiscoverer/SCAN]: Found mod file "cleanswing-1.9.jar" [locator: {mods folder locator at D:\ServerFiles-5.1\mods}, reader: mod manifest]
[25nov2025 22:14:41.985] [main/DEBUG] [net.neoforged.fml.loading.moddiscovery.readers.JarModsDotTomlModFileReader/SCAN]: Found META-INF/neoforge.mods.toml mod of type null: D:\ServerFiles-5.1\mods\cloth-config-15.0.140-neoforge.jar
[25nov2025 22:14:41.985] [main/DEBUG] [net.neoforged.fml.loading.moddiscovery.ModFileParser/LOADING]: Considering mod file candidate D:\ServerFiles-5.1\mods\cloth-config-15.0.140-neoforge.jar
[25nov2025 22:14:41.985] [main/DEBUG] [net.neoforged.fml.loading.moddiscovery.ModFileInfo/LOADING]: Found valid mod file cloth-config-15.0.140-neoforge.jar with {cloth_config} mods - versions {15.0.140}
[25nov2025 22:14:41.985] [main/INFO] [net.neoforged.fml.loading.moddiscovery.ModDiscoverer/SCAN]: Found mod file "cloth-config-15.0.140-neoforge.jar" [locator: {mods folder locator at D:\ServerFiles-5.1\mods}, reader: mod manifest]
[25nov2025 22:14:41.987] [main/DEBUG] [net.neoforged.fml.loading.moddiscovery.readers.JarModsDotTomlModFileReader/SCAN]: Found META-INF/neoforge.mods.toml mod of type null: D:\ServerFiles-5.1\mods\CloudGlass-1.21.1-1.0.1.jar
[25nov2025 22:14:41.987] [main/DEBUG] [net.neoforged.fml.loading.moddiscovery.ModFileParser/LOADING]: Considering mod file candidate D:\ServerFiles-5.1\mods\CloudGlass-1.21.1-1.0.1.jar
[25nov2025 22:14:41.988] [main/DEBUG] [net.neoforged.fml.loading.moddiscovery.ModFileInfo/LOADING]: Found valid mod file CloudGlass-1.21.1-1.0.1.jar with {cloudglass} mods - versions {1.0.1}
[25nov2025 22:14:41.988] [main/INFO] [net.neoforged.fml.loading.moddiscovery.ModDiscoverer/SCAN]: Found mod file "CloudGlass-1.21.1-1.0.1.jar" [locator: {mods folder locator at D:\ServerFiles-5.1\mods}, reader: mod manifest]
[25nov2025 22:14:41.990] [main/DEBUG] [net.neoforged.fml.loading.moddiscovery.readers.JarModsDotTomlModFileReader/SCAN]: Found META-INF/neoforge.mods.toml mod of type null: D:\ServerFiles-5.1\mods\Clumps-neoforge-1.21.1-19.0.0.1.jar
[25nov2025 22:14:41.990] [main/DEBUG] [net.neoforged.fml.loading.moddiscovery.ModFileParser/LOADING]: Considering mod file candidate D:\ServerFiles-5.1\mods\Clumps-neoforge-1.21.1-19.0.0.1.jar
[25nov2025 22:14:41.990] [main/DEBUG] [net.neoforged.fml.loading.moddiscovery.ModFileInfo/LOADING]: Found valid mod file Clumps-neoforge-1.21.1-19.0.0.1.jar with {clumps} mods - versions {19.0.0.1}
[25nov2025 22:14:41.990] [main/INFO] [net.neoforged.fml.loading.moddiscovery.ModDiscoverer/SCAN]: Found mod file "Clumps-neoforge-1.21.1-19.0.0.1.jar" [locator: {mods folder locator at D:\ServerFiles-5.1\mods}, reader: mod manifest]
[25nov2025 22:14:41.992] [main/DEBUG] [net.neoforged.fml.loading.moddiscovery.readers.JarModsDotTomlModFileReader/SCAN]: Found META-INF/neoforge.mods.toml mod of type null: D:\ServerFiles-5.1\mods\cobblegengalore-1.21.1-0.2.7.jar
[25nov2025 22:14:41.992] [main/DEBUG] [net.neoforged.fml.loading.moddiscovery.ModFileParser/LOADING]: Considering mod file candidate D:\ServerFiles-5.1\mods\cobblegengalore-1.21.1-0.2.7.jar
[25nov2025 22:14:41.993] [main/DEBUG] [net.neoforged.fml.loading.moddiscovery.ModFileInfo/LOADING]: Found valid mod file cobblegengalore-1.21.1-0.2.7.jar with {cobblegengalore} mods - versions {1.21.1-0.2.7}
[25nov2025 22:14:41.993] [main/INFO] [net.neoforged.fml.loading.moddiscovery.ModDiscoverer/SCAN]: Found mod file "cobblegengalore-1.21.1-0.2.7.jar" [locator: {mods folder locator at D:\ServerFiles-5.1\mods}, reader: mod manifest]
[25nov2025 22:14:41.994] [main/DEBUG] [net.neoforged.fml.loading.moddiscovery.readers.JarModsDotTomlModFileReader/SCAN]: Found META-INF/neoforge.mods.toml mod of type null: D:\ServerFiles-5.1\mods\cobweb-neoforge-1.21-1.4.0.jar
[25nov2025 22:14:41.994] [main/DEBUG] [net.neoforged.fml.loading.moddiscovery.ModFileParser/LOADING]: Considering mod file candidate D:\ServerFiles-5.1\mods\cobweb-neoforge-1.21-1.4.0.jar
[25nov2025 22:14:41.995] [main/DEBUG] [net.neoforged.fml.loading.moddiscovery.ModFileInfo/LOADING]: Found valid mod file cobweb-neoforge-1.21-1.4.0.jar with {cobweb} mods - versions {1.4.0}
[25nov2025 22:14:41.995] [main/INFO] [net.neoforged.fml.loading.moddiscovery.ModDiscoverer/SCAN]: Found mod file "cobweb-neoforge-1.21-1.4.0.jar" [locator: {mods folder locator at D:\ServerFiles-5.1\mods}, reader: mod manifest]
[25nov2025 22:14:42.002] [main/DEBUG] [net.neoforged.fml.loading.moddiscovery.readers.JarModsDotTomlModFileReader/SCAN]: Found META-INF/neoforge.mods.toml mod of type null: D:\ServerFiles-5.1\mods\CodeChickenLib-1.21.1-4.6.1.524.jar
[25nov2025 22:14:42.002] [main/DEBUG] [net.neoforged.fml.loading.moddiscovery.ModFileParser/LOADING]: Considering mod file candidate D:\ServerFiles-5.1\mods\CodeChickenLib-1.21.1-4.6.1.524.jar
[25nov2025 22:14:42.003] [main/DEBUG] [net.neoforged.fml.loading.moddiscovery.ModFileInfo/LOADING]: Found valid mod file CodeChickenLib-1.21.1-4.6.1.524.jar with {codechickenlib} mods - versions {4.6.1.524}
[25nov2025 22:14:42.003] [main/INFO] [net.neoforged.fml.loading.moddiscovery.ModDiscoverer/SCAN]: Found mod file "CodeChickenLib-1.21.1-4.6.1.524.jar" [locator: {mods folder locator at D:\ServerFiles-5.1\mods}, reader: mod manifest]
[25nov2025 22:14:42.006] [main/DEBUG] [net.neoforged.fml.loading.moddiscovery.readers.JarModsDotTomlModFileReader/SCAN]: Found META-INF/neoforge.mods.toml mod of type null: D:\ServerFiles-5.1\mods\comforts-neoforge-9.0.4+1.21.1.jar
[25nov2025 22:14:42.006] [main/DEBUG] [net.neoforged.fml.loading.moddiscovery.ModFileParser/LOADING]: Considering mod file candidate D:\ServerFiles-5.1\mods\comforts-neoforge-9.0.4+1.21.1.jar
[25nov2025 22:14:42.007] [main/DEBUG] [net.neoforged.fml.loading.moddiscovery.ModFileInfo/LOADING]: Found valid mod file comforts-neoforge-9.0.4+1.21.1.jar with {comforts} mods - versions {9.0.4+1.21.1}
[25nov2025 22:14:42.007] [main/INFO] [net.neoforged.fml.loading.moddiscovery.ModDiscoverer/SCAN]: Found mod file "comforts-neoforge-9.0.4+1.21.1.jar" [locator: {mods folder locator at D:\ServerFiles-5.1\mods}, reader: mod manifest]
[25nov2025 22:14:42.009] [main/DEBUG] [net.neoforged.fml.loading.moddiscovery.readers.JarModsDotTomlModFileReader/SCAN]: Found META-INF/neoforge.mods.toml mod of type null: D:\ServerFiles-5.1\mods\commoncapabilities-1.21.1-neoforge-2.11.0.jar
[25nov2025 22:14:42.009] [main/DEBUG] [net.neoforged.fml.loading.moddiscovery.ModFileParser/LOADING]: Considering mod file candidate D:\ServerFiles-5.1\mods\commoncapabilities-1.21.1-neoforge-2.11.0.jar
[25nov2025 22:14:42.009] [main/DEBUG] [net.neoforged.fml.loading.moddiscovery.ModFileInfo/LOADING]: Found valid mod file commoncapabilities-1.21.1-neoforge-2.11.0.jar with {commoncapabilities} mods - versions {2.11.0}
[25nov2025 22:14:42.009] [main/INFO] [net.neoforged.fml.loading.moddiscovery.ModDiscoverer/SCAN]: Found mod file "commoncapabilities-1.21.1-neoforge-2.11.0.jar" [locator: {mods folder locator at D:\ServerFiles-5.1\mods}, reader: mod manifest]
[25nov2025 22:14:42.011] [main/DEBUG] [net.neoforged.fml.loading.moddiscovery.readers.JarModsDotTomlModFileReader/SCAN]: Found META-INF/neoforge.mods.toml mod of type null: D:\ServerFiles-5.1\mods\compactmachines-neoforge-7.0.68.jar
[25nov2025 22:14:42.011] [main/DEBUG] [net.neoforged.fml.loading.moddiscovery.ModFileParser/LOADING]: Considering mod file candidate D:\ServerFiles-5.1\mods\compactmachines-neoforge-7.0.68.jar
[25nov2025 22:14:42.013] [main/DEBUG] [net.neoforged.fml.loading.moddiscovery.ModFileInfo/LOADING]: Found valid mod file compactmachines-neoforge-7.0.68.jar with {compactmachines} mods - versions {7.0.68}
[25nov2025 22:14:42.013] [main/INFO] [net.neoforged.fml.loading.moddiscovery.ModDiscoverer/SCAN]: Found mod file "compactmachines-neoforge-7.0.68.jar" [locator: {mods folder locator at D:\ServerFiles-5.1\mods}, reader: mod manifest]
[25nov2025 22:14:42.015] [main/DEBUG] [net.neoforged.fml.loading.moddiscovery.readers.JarModsDotTomlModFileReader/SCAN]: Found META-INF/neoforge.mods.toml mod of type null: D:\ServerFiles-5.1\mods\connectedglass-1.1.14-neoforge-mc1.21.jar
[25nov2025 22:14:42.015] [main/DEBUG] [net.neoforged.fml.loading.moddiscovery.ModFileParser/LOADING]: Considering mod file candidate D:\ServerFiles-5.1\mods\connectedglass-1.1.14-neoforge-mc1.21.jar
[25nov2025 22:14:42.016] [main/DEBUG] [net.neoforged.fml.loading.moddiscovery.ModFileInfo/LOADING]: Found valid mod file connectedglass-1.1.14-neoforge-mc1.21.jar with {connectedglass} mods - versions {1.1.14}
[25nov2025 22:14:42.016] [main/INFO] [net.neoforged.fml.loading.moddiscovery.ModDiscoverer/SCAN]: Found mod file "connectedglass-1.1.14-neoforge-mc1.21.jar" [locator: {mods folder locator at D:\ServerFiles-5.1\mods}, reader: mod manifest]
[25nov2025 22:14:42.018] [main/DEBUG] [net.neoforged.fml.loading.moddiscovery.readers.JarModsDotTomlModFileReader/SCAN]: Found META-INF/neoforge.mods.toml mod of type null: D:\ServerFiles-5.1\mods\connectivity-1.21.1-7.2.jar
[25nov2025 22:14:42.018] [main/DEBUG] [net.neoforged.fml.loading.moddiscovery.ModFileParser/LOADING]: Considering mod file candidate D:\ServerFiles-5.1\mods\connectivity-1.21.1-7.2.jar
[25nov2025 22:14:42.019] [main/DEBUG] [net.neoforged.fml.loading.moddiscovery.ModFileInfo/LOADING]: Found valid mod file connectivity-1.21.1-7.2.jar with {connectivity} mods - versions {7.2}
[25nov2025 22:14:42.019] [main/INFO] [net.neoforged.fml.loading.moddiscovery.ModDiscoverer/SCAN]: Found mod file "connectivity-1.21.1-7.2.jar" [locator: {mods folder locator at D:\ServerFiles-5.1\mods}, reader: mod manifest]
[25nov2025 22:14:42.021] [main/DEBUG] [net.neoforged.fml.loading.moddiscovery.readers.JarModsDotTomlModFileReader/SCAN]: Found META-INF/neoforge.mods.toml mod of type null: D:\ServerFiles-5.1\mods\ConstructionSticks-1.21.1-1.2.3.jar
[25nov2025 22:14:42.021] [main/DEBUG] [net.neoforged.fml.loading.moddiscovery.ModFileParser/LOADING]: Considering mod file candidate D:\ServerFiles-5.1\mods\ConstructionSticks-1.21.1-1.2.3.jar
[25nov2025 22:14:42.022] [main/DEBUG] [net.neoforged.fml.loading.moddiscovery.ModFileInfo/LOADING]: Found valid mod file ConstructionSticks-1.21.1-1.2.3.jar with {constructionstick} mods - versions {1.2.3}
[25nov2025 22:14:42.022] [main/INFO] [net.neoforged.fml.loading.moddiscovery.ModDiscoverer/SCAN]: Found mod file "ConstructionSticks-1.21.1-1.2.3.jar" [locator: {mods folder locator at D:\ServerFiles-5.1\mods}, reader: mod manifest]
[25nov2025 22:14:42.023] [main/DEBUG] [net.neoforged.fml.loading.moddiscovery.readers.JarModsDotTomlModFileReader/SCAN]: Found META-INF/neoforge.mods.toml mod of type null: D:\ServerFiles-5.1\mods\Controlling-neoforge-1.21.1-19.0.5.jar
[25nov2025 22:14:42.023] [main/DEBUG] [net.neoforged.fml.loading.moddiscovery.ModFileParser/LOADING]: Considering mod file candidate D:\ServerFiles-5.1\mods\Controlling-neoforge-1.21.1-19.0.5.jar
[25nov2025 22:14:42.024] [main/DEBUG] [net.neoforged.fml.loading.moddiscovery.ModFileInfo/LOADING]: Found valid mod file Controlling-neoforge-1.21.1-19.0.5.jar with {controlling} mods - versions {19.0.5}
[25nov2025 22:14:42.024] [main/INFO] [net.neoforged.fml.loading.moddiscovery.ModDiscoverer/SCAN]: Found mod file "Controlling-neoforge-1.21.1-19.0.5.jar" [locator: {mods folder locator at D:\ServerFiles-5.1\mods}, reader: mod manifest]
[25nov2025 22:14:42.027] [main/DEBUG] [net.neoforged.fml.loading.moddiscovery.readers.JarModsDotTomlModFileReader/SCAN]: Found META-INF/neoforge.mods.toml mod of type null: D:\ServerFiles-5.1\mods\cookingforblockheads-neoforge-1.21.1-21.1.17.jar
[25nov2025 22:14:42.027] [main/DEBUG] [net.neoforged.fml.loading.moddiscovery.ModFileParser/LOADING]: Considering mod file candidate D:\ServerFiles-5.1\mods\cookingforblockheads-neoforge-1.21.1-21.1.17.jar
[25nov2025 22:14:42.027] [main/DEBUG] [net.neoforged.fml.loading.moddiscovery.ModFileInfo/LOADING]: Found valid mod file cookingforblockheads-neoforge-1.21.1-21.1.17.jar with {cookingforblockheads} mods - versions {21.1.17}
[25nov2025 22:14:42.027] [main/INFO] [net.neoforged.fml.loading.moddiscovery.ModDiscoverer/SCAN]: Found mod file "cookingforblockheads-neoforge-1.21.1-21.1.17.jar" [locator: {mods folder locator at D:\ServerFiles-5.1\mods}, reader: mod manifest]
[25nov2025 22:14:42.030] [main/DEBUG] [net.neoforged.fml.loading.moddiscovery.readers.JarModsDotTomlModFileReader/SCAN]: Found META-INF/neoforge.mods.toml mod of type null: D:\ServerFiles-5.1\mods\Corgilib-NeoForge-1.21.1-5.0.0.7.jar
[25nov2025 22:14:42.030] [main/DEBUG] [net.neoforged.fml.loading.moddiscovery.ModFileParser/LOADING]: Considering mod file candidate D:\ServerFiles-5.1\mods\Corgilib-NeoForge-1.21.1-5.0.0.7.jar
[25nov2025 22:14:42.031] [main/DEBUG] [net.neoforged.fml.loading.moddiscovery.ModFileInfo/LOADING]: Found valid mod file Corgilib-NeoForge-1.21.1-5.0.0.7.jar with {corgilib} mods - versions {5.0.0.7}
[25nov2025 22:14:42.031] [main/INFO] [net.neoforged.fml.loading.moddiscovery.ModDiscoverer/SCAN]: Found mod file "Corgilib-NeoForge-1.21.1-5.0.0.7.jar" [locator: {mods folder locator at D:\ServerFiles-5.1\mods}, reader: mod manifest]
[25nov2025 22:14:42.035] [main/DEBUG] [net.neoforged.fml.loading.moddiscovery.readers.JarModsDotTomlModFileReader/SCAN]: Found META-INF/neoforge.mods.toml mod of type null: D:\ServerFiles-5.1\mods\cosmeticarmorreworked-1.21.1-v1-neoforge.jar
[25nov2025 22:14:42.035] [main/DEBUG] [net.neoforged.fml.loading.moddiscovery.ModFileParser/LOADING]: Considering mod file candidate D:\ServerFiles-5.1\mods\cosmeticarmorreworked-1.21.1-v1-neoforge.jar
[25nov2025 22:14:42.036] [main/DEBUG] [net.neoforged.fml.loading.moddiscovery.ModFileInfo/LOADING]: Found valid mod file cosmeticarmorreworked-1.21.1-v1-neoforge.jar with {cosmeticarmorreworked} mods - versions {1.21.1-v1-neoforge}
[25nov2025 22:14:42.036] [main/INFO] [net.neoforged.fml.loading.moddiscovery.ModDiscoverer/SCAN]: Found mod file "cosmeticarmorreworked-1.21.1-v1-neoforge.jar" [locator: {mods folder locator at D:\ServerFiles-5.1\mods}, reader: mod manifest]
[25nov2025 22:14:42.038] [main/DEBUG] [net.neoforged.fml.loading.moddiscovery.readers.JarModsDotTomlModFileReader/SCAN]: Found META-INF/neoforge.mods.toml mod of type null: D:\ServerFiles-5.1\mods\crafting_on_a_stick-1.21.0.2.jar
[25nov2025 22:14:42.038] [main/DEBUG] [net.neoforged.fml.loading.moddiscovery.ModFileParser/LOADING]: Considering mod file candidate D:\ServerFiles-5.1\mods\crafting_on_a_stick-1.21.0.2.jar
[25nov2025 22:14:42.039] [main/DEBUG] [net.neoforged.fml.loading.moddiscovery.ModFileInfo/LOADING]: Found valid mod file crafting_on_a_stick-1.21.0.2.jar with {crafting_on_a_stick} mods - versions {1.21.0.2}
[25nov2025 22:14:42.039] [main/INFO] [net.neoforged.fml.loading.moddiscovery.ModDiscoverer/SCAN]: Found mod file "crafting_on_a_stick-1.21.0.2.jar" [locator: {mods folder locator at D:\ServerFiles-5.1\mods}, reader: mod manifest]
[25nov2025 22:14:42.041] [main/DEBUG] [net.neoforged.fml.loading.moddiscovery.readers.JarModsDotTomlModFileReader/SCAN]: Found META-INF/neoforge.mods.toml mod of type null: D:\ServerFiles-5.1\mods\craftingtweaks-neoforge-1.21.1-21.1.6.jar
[25nov2025 22:14:42.041] [main/DEBUG] [net.neoforged.fml.loading.moddiscovery.ModFileParser/LOADING]: Considering mod file candidate D:\ServerFiles-5.1\mods\craftingtweaks-neoforge-1.21.1-21.1.6.jar
[25nov2025 22:14:42.042] [main/DEBUG] [net.neoforged.fml.loading.moddiscovery.ModFileInfo/LOADING]: Found valid mod file craftingtweaks-neoforge-1.21.1-21.1.6.jar with {craftingtweaks} mods - versions {21.1.6}
[25nov2025 22:14:42.042] [main/INFO] [net.neoforged.fml.loading.moddiscovery.ModDiscoverer/SCAN]: Found mod file "craftingtweaks-neoforge-1.21.1-21.1.6.jar" [locator: {mods folder locator at D:\ServerFiles-5.1\mods}, reader: mod manifest]
[25nov2025 22:14:42.042] [main/DEBUG] [net.neoforged.fml.loading.moddiscovery.ModDiscoverer/]: Skipping D:\ServerFiles-5.1\mods\CrashAssistant-neoforge-1.20.6-1.21.4-1.10.20.jar because it was already located earlier
[25nov2025 22:14:42.045] [main/DEBUG] [net.neoforged.fml.loading.moddiscovery.readers.JarModsDotTomlModFileReader/SCAN]: Found META-INF/neoforge.mods.toml mod of type null: D:\ServerFiles-5.1\mods\crashutilities-9.0.4.jar
[25nov2025 22:14:42.045] [main/DEBUG] [net.neoforged.fml.loading.moddiscovery.ModFileParser/LOADING]: Considering mod file candidate D:\ServerFiles-5.1\mods\crashutilities-9.0.4.jar
[25nov2025 22:14:42.046] [main/DEBUG] [net.neoforged.fml.loading.moddiscovery.ModFileInfo/LOADING]: Found valid mod file crashutilities-9.0.4.jar with {crashutilities} mods - versions {9.0.4}
[25nov2025 22:14:42.046] [main/INFO] [net.neoforged.fml.loading.moddiscovery.ModDiscoverer/SCAN]: Found mod file "crashutilities-9.0.4.jar" [locator: {mods folder locator at D:\ServerFiles-5.1\mods}, reader: mod manifest]
[25nov2025 22:14:42.051] [main/DEBUG] [net.neoforged.fml.loading.moddiscovery.readers.JarModsDotTomlModFileReader/SCAN]: Found META-INF/neoforge.mods.toml mod of type null: D:\ServerFiles-5.1\mods\create-1.21.1-6.0.8.jar
[25nov2025 22:14:42.051] [main/DEBUG] [net.neoforged.fml.loading.moddiscovery.ModFileParser/LOADING]: Considering mod file candidate D:\ServerFiles-5.1\mods\create-1.21.1-6.0.8.jar
[25nov2025 22:14:42.052] [main/DEBUG] [net.neoforged.fml.loading.moddiscovery.ModFileInfo/LOADING]: Found valid mod file create-1.21.1-6.0.8.jar with {create} mods - versions {6.0.8}
[25nov2025 22:14:42.052] [main/INFO] [net.neoforged.fml.loading.moddiscovery.ModDiscoverer/SCAN]: Found mod file "create-1.21.1-6.0.8.jar" [locator: {mods folder locator at D:\ServerFiles-5.1\mods}, reader: mod manifest]
[25nov2025 22:14:42.054] [main/DEBUG] [net.neoforged.fml.loading.moddiscovery.readers.JarModsDotTomlModFileReader/SCAN]: Found META-INF/neoforge.mods.toml mod of type null: D:\ServerFiles-5.1\mods\create-dragons-plus-1.8.4.jar
[25nov2025 22:14:42.055] [main/DEBUG] [net.neoforged.fml.loading.moddiscovery.ModFileParser/LOADING]: Considering mod file candidate D:\ServerFiles-5.1\mods\create-dragons-plus-1.8.4.jar
[25nov2025 22:14:42.055] [main/DEBUG] [net.neoforged.fml.loading.moddiscovery.ModFileInfo/LOADING]: Found valid mod file create-dragons-plus-1.8.4.jar with {create_dragons_plus} mods - versions {1.8.4}
[25nov2025 22:14:42.056] [main/INFO] [net.neoforged.fml.loading.moddiscovery.ModDiscoverer/SCAN]: Found mod file "create-dragons-plus-1.8.4.jar" [locator: {mods folder locator at D:\ServerFiles-5.1\mods}, reader: mod manifest]
[25nov2025 22:14:42.058] [main/DEBUG] [net.neoforged.fml.loading.moddiscovery.readers.JarModsDotTomlModFileReader/SCAN]: Found META-INF/neoforge.mods.toml mod of type null: D:\ServerFiles-5.1\mods\create-enchantment-industry-2.2.5b.jar
[25nov2025 22:14:42.058] [main/DEBUG] [net.neoforged.fml.loading.moddiscovery.ModFileParser/LOADING]: Considering mod file candidate D:\ServerFiles-5.1\mods\create-enchantment-industry-2.2.5b.jar
[25nov2025 22:14:42.058] [main/DEBUG] [net.neoforged.fml.loading.moddiscovery.ModFileInfo/LOADING]: Found valid mod file create-enchantment-industry-2.2.5b.jar with {create_enchantment_industry} mods - versions {2.2.5b}
[25nov2025 22:14:42.059] [main/INFO] [net.neoforged.fml.loading.moddiscovery.ModDiscoverer/SCAN]: Found mod file "create-enchantment-industry-2.2.5b.jar" [locator: {mods folder locator at D:\ServerFiles-5.1\mods}, reader: mod manifest]
[25nov2025 22:14:42.061] [main/DEBUG] [net.neoforged.fml.loading.moddiscovery.readers.JarModsDotTomlModFileReader/SCAN]: Found META-INF/neoforge.mods.toml mod of type null: D:\ServerFiles-5.1\mods\create_aquatic_ambitions-1.21.1-2.0.2.jar
[25nov2025 22:14:42.061] [main/DEBUG] [net.neoforged.fml.loading.moddiscovery.ModFileParser/LOADING]: Considering mod file candidate D:\ServerFiles-5.1\mods\create_aquatic_ambitions-1.21.1-2.0.2.jar
[25nov2025 22:14:42.061] [main/DEBUG] [net.neoforged.fml.loading.moddiscovery.ModFileInfo/LOADING]: Found valid mod file create_aquatic_ambitions-1.21.1-2.0.2.jar with {create_aquatic_ambitions} mods - versions {2.0.2}
[25nov2025 22:14:42.061] [main/INFO] [net.neoforged.fml.loading.moddiscovery.ModDiscoverer/SCAN]: Found mod file "create_aquatic_ambitions-1.21.1-2.0.2.jar" [locator: {mods folder locator at D:\ServerFiles-5.1\mods}, reader: mod manifest]
[25nov2025 22:14:42.064] [main/DEBUG] [net.neoforged.fml.loading.moddiscovery.readers.JarModsDotTomlModFileReader/SCAN]: Found META-INF/neoforge.mods.toml mod of type null: D:\ServerFiles-5.1\mods\create_hypertube-0.2.6-hotfix-NEOFORGE.jar
[25nov2025 22:14:42.064] [main/DEBUG] [net.neoforged.fml.loading.moddiscovery.ModFileParser/LOADING]: Considering mod file candidate D:\ServerFiles-5.1\mods\create_hypertube-0.2.6-hotfix-NEOFORGE.jar
[25nov2025 22:14:42.065] [main/DEBUG] [net.neoforged.fml.loading.moddiscovery.ModFileInfo/LOADING]: Found valid mod file create_hypertube-0.2.6-hotfix-NEOFORGE.jar with {create_hypertube} mods - versions {0.2.6-hotfix}
[25nov2025 22:14:42.065] [main/INFO] [net.neoforged.fml.loading.moddiscovery.ModDiscoverer/SCAN]: Found mod file "create_hypertube-0.2.6-hotfix-NEOFORGE.jar" [locator: {mods folder locator at D:\ServerFiles-5.1\mods}, reader: mod manifest]
[25nov2025 22:14:42.067] [main/DEBUG] [net.neoforged.fml.loading.moddiscovery.readers.JarModsDotTomlModFileReader/SCAN]: Found META-INF/neoforge.mods.toml mod of type null: D:\ServerFiles-5.1\mods\createaddition-1.5.8.jar
[25nov2025 22:14:42.067] [main/DEBUG] [net.neoforged.fml.loading.moddiscovery.ModFileParser/LOADING]: Considering mod file candidate D:\ServerFiles-5.1\mods\createaddition-1.5.8.jar
[25nov2025 22:14:42.068] [main/DEBUG] [net.neoforged.fml.loading.moddiscovery.ModFileInfo/LOADING]: Found valid mod file createaddition-1.5.8.jar with {createaddition} mods - versions {1.5.8}
[25nov2025 22:14:42.068] [main/INFO] [net.neoforged.fml.loading.moddiscovery.ModDiscoverer/SCAN]: Found mod file "createaddition-1.5.8.jar" [locator: {mods folder locator at D:\ServerFiles-5.1\mods}, reader: mod manifest]
[25nov2025 22:14:42.070] [main/DEBUG] [net.neoforged.fml.loading.moddiscovery.readers.JarModsDotTomlModFileReader/SCAN]: Found META-INF/neoforge.mods.toml mod of type null: D:\ServerFiles-5.1\mods\CreeperOverhaul-neoforge-1.21.1-4.0.6.jar
[25nov2025 22:14:42.070] [main/DEBUG] [net.neoforged.fml.loading.moddiscovery.ModFileParser/LOADING]: Considering mod file candidate D:\ServerFiles-5.1\mods\CreeperOverhaul-neoforge-1.21.1-4.0.6.jar
[25nov2025 22:14:42.071] [main/DEBUG] [net.neoforged.fml.loading.moddiscovery.ModFileInfo/LOADING]: Found valid mod file CreeperOverhaul-neoforge-1.21.1-4.0.6.jar with {creeperoverhaul} mods - versions {4.0.6}
[25nov2025 22:14:42.071] [main/INFO] [net.neoforged.fml.loading.moddiscovery.ModDiscoverer/SCAN]: Found mod file "CreeperOverhaul-neoforge-1.21.1-4.0.6.jar" [locator: {mods folder locator at D:\ServerFiles-5.1\mods}, reader: mod manifest]
[25nov2025 22:14:42.073] [main/DEBUG] [net.neoforged.fml.loading.moddiscovery.readers.JarModsDotTomlModFileReader/SCAN]: Found META-INF/neoforge.mods.toml mod of type null: D:\ServerFiles-5.1\mods\cristellib-neoforge-1.21.1-3.0.2.jar
[25nov2025 22:14:42.073] [main/DEBUG] [net.neoforged.fml.loading.moddiscovery.ModFileParser/LOADING]: Considering mod file candidate D:\ServerFiles-5.1\mods\cristellib-neoforge-1.21.1-3.0.2.jar
[25nov2025 22:14:42.073] [main/DEBUG] [net.neoforged.fml.loading.moddiscovery.ModFileInfo/LOADING]: Found valid mod file cristellib-neoforge-1.21.1-3.0.2.jar with {cristellib} mods - versions {3.0.2}
[25nov2025 22:14:42.074] [main/INFO] [net.neoforged.fml.loading.moddiscovery.ModDiscoverer/SCAN]: Found mod file "cristellib-neoforge-1.21.1-3.0.2.jar" [locator: {mods folder locator at D:\ServerFiles-5.1\mods}, reader: mod manifest]
[25nov2025 22:14:42.076] [main/DEBUG] [net.neoforged.fml.loading.moddiscovery.readers.JarModsDotTomlModFileReader/SCAN]: Found META-INF/neoforge.mods.toml mod of type null: D:\ServerFiles-5.1\mods\cryonicconfig-neoforge-1.0.0+mc1.21.10.jar
[25nov2025 22:14:42.076] [main/DEBUG] [net.neoforged.fml.loading.moddiscovery.ModFileParser/LOADING]: Considering mod file candidate D:\ServerFiles-5.1\mods\cryonicconfig-neoforge-1.0.0+mc1.21.10.jar
[25nov2025 22:14:42.077] [main/DEBUG] [net.neoforged.fml.loading.moddiscovery.ModFileInfo/LOADING]: Found valid mod file cryonicconfig-neoforge-1.0.0+mc1.21.10.jar with {cryonicconfig} mods - versions {1.0.0+mc1.21.10}
[25nov2025 22:14:42.077] [main/INFO] [net.neoforged.fml.loading.moddiscovery.ModDiscoverer/SCAN]: Found mod file "cryonicconfig-neoforge-1.0.0+mc1.21.10.jar" [locator: {mods folder locator at D:\ServerFiles-5.1\mods}, reader: mod manifest]
[25nov2025 22:14:42.079] [main/DEBUG] [net.neoforged.fml.loading.moddiscovery.readers.JarModsDotTomlModFileReader/SCAN]: Found META-INF/neoforge.mods.toml mod of type null: D:\ServerFiles-5.1\mods\crystalix-2.2.1.jar
[25nov2025 22:14:42.079] [main/DEBUG] [net.neoforged.fml.loading.moddiscovery.ModFileParser/LOADING]: Considering mod file candidate D:\ServerFiles-5.1\mods\crystalix-2.2.1.jar
[25nov2025 22:14:42.080] [main/DEBUG] [net.neoforged.fml.loading.moddiscovery.ModFileInfo/LOADING]: Found valid mod file crystalix-2.2.1.jar with {crystalix} mods - versions {2.2.1}
[25nov2025 22:14:42.080] [main/INFO] [net.neoforged.fml.loading.moddiscovery.ModDiscoverer/SCAN]: Found mod file "crystalix-2.2.1.jar" [locator: {mods folder locator at D:\ServerFiles-5.1\mods}, reader: mod manifest]
[25nov2025 22:14:42.081] [main/DEBUG] [net.neoforged.fml.loading.moddiscovery.readers.JarModsDotTomlModFileReader/SCAN]: Found META-INF/neoforge.mods.toml mod of type null: D:\ServerFiles-5.1\mods\CTM-1.21-1.2.1+3.jar
[25nov2025 22:14:42.081] [main/DEBUG] [net.neoforged.fml.loading.moddiscovery.ModFileParser/LOADING]: Considering mod file candidate D:\ServerFiles-5.1\mods\CTM-1.21-1.2.1+3.jar
[25nov2025 22:14:42.082] [main/DEBUG] [net.neoforged.fml.loading.moddiscovery.ModFileInfo/LOADING]: Found valid mod file CTM-1.21-1.2.1+3.jar with {ctm} mods - versions {1.21-1.2.1+3}
[25nov2025 22:14:42.082] [main/INFO] [net.neoforged.fml.loading.moddiscovery.ModDiscoverer/SCAN]: Found mod file "CTM-1.21-1.2.1+3.jar" [locator: {mods folder locator at D:\ServerFiles-5.1\mods}, reader: mod manifest]
[25nov2025 22:14:42.084] [main/DEBUG] [net.neoforged.fml.loading.moddiscovery.readers.JarModsDotTomlModFileReader/SCAN]: Found META-INF/neoforge.mods.toml mod of type null: D:\ServerFiles-5.1\mods\Cucumber-1.21.1-8.0.15.jar
[25nov2025 22:14:42.084] [main/DEBUG] [net.neoforged.fml.loading.moddiscovery.ModFileParser/LOADING]: Considering mod file candidate D:\ServerFiles-5.1\mods\Cucumber-1.21.1-8.0.15.jar
[25nov2025 22:14:42.084] [main/DEBUG] [net.neoforged.fml.loading.moddiscovery.ModFileInfo/LOADING]: Found valid mod file Cucumber-1.21.1-8.0.15.jar with {cucumber} mods - versions {8.0.15}
[25nov2025 22:14:42.084] [main/INFO] [net.neoforged.fml.loading.moddiscovery.ModDiscoverer/SCAN]: Found mod file "Cucumber-1.21.1-8.0.15.jar" [locator: {mods folder locator at D:\ServerFiles-5.1\mods}, reader: mod manifest]
[25nov2025 22:14:42.086] [main/DEBUG] [net.neoforged.fml.loading.moddiscovery.readers.JarModsDotTomlModFileReader/SCAN]: Found META-INF/neoforge.mods.toml mod of type null: D:\ServerFiles-5.1\mods\cupboard-1.21-2.9.jar
[25nov2025 22:14:42.086] [main/DEBUG] [net.neoforged.fml.loading.moddiscovery.ModFileParser/LOADING]: Considering mod file candidate D:\ServerFiles-5.1\mods\cupboard-1.21-2.9.jar
[25nov2025 22:14:42.086] [main/DEBUG] [net.neoforged.fml.loading.moddiscovery.ModFileInfo/LOADING]: Found valid mod file cupboard-1.21-2.9.jar with {cupboard} mods - versions {2.9}
[25nov2025 22:14:42.086] [main/INFO] [net.neoforged.fml.loading.moddiscovery.ModDiscoverer/SCAN]: Found mod file "cupboard-1.21-2.9.jar" [locator: {mods folder locator at D:\ServerFiles-5.1\mods}, reader: mod manifest]
[25nov2025 22:14:42.089] [main/DEBUG] [net.neoforged.fml.loading.moddiscovery.readers.JarModsDotTomlModFileReader/SCAN]: Found META-INF/neoforge.mods.toml mod of type null: D:\ServerFiles-5.1\mods\curios-neoforge-9.5.1+1.21.1.jar
[25nov2025 22:14:42.089] [main/DEBUG] [net.neoforged.fml.loading.moddiscovery.ModFileParser/LOADING]: Considering mod file candidate D:\ServerFiles-5.1\mods\curios-neoforge-9.5.1+1.21.1.jar
[25nov2025 22:14:42.090] [main/DEBUG] [net.neoforged.fml.loading.moddiscovery.ModFileInfo/LOADING]: Found valid mod file curios-neoforge-9.5.1+1.21.1.jar with {curios} mods - versions {9.5.1+1.21.1}
[25nov2025 22:14:42.090] [main/INFO] [net.neoforged.fml.loading.moddiscovery.ModDiscoverer/SCAN]: Found mod file "curios-neoforge-9.5.1+1.21.1.jar" [locator: {mods folder locator at D:\ServerFiles-5.1\mods}, reader: mod manifest]
[25nov2025 22:14:42.092] [main/DEBUG] [net.neoforged.fml.loading.moddiscovery.readers.JarModsDotTomlModFileReader/SCAN]: Found META-INF/neoforge.mods.toml mod of type null: D:\ServerFiles-5.1\mods\cyclopscore-1.21.1-neoforge-1.27.2.jar
[25nov2025 22:14:42.092] [main/DEBUG] [net.neoforged.fml.loading.moddiscovery.ModFileParser/LOADING]: Considering mod file candidate D:\ServerFiles-5.1\mods\cyclopscore-1.21.1-neoforge-1.27.2.jar
[25nov2025 22:14:42.092] [main/DEBUG] [net.neoforged.fml.loading.moddiscovery.ModFileInfo/LOADING]: Found valid mod file cyclopscore-1.21.1-neoforge-1.27.2.jar with {cyclopscore} mods - versions {1.27.2}
[25nov2025 22:14:42.092] [main/INFO] [net.neoforged.fml.loading.moddiscovery.ModDiscoverer/SCAN]: Found mod file "cyclopscore-1.21.1-neoforge-1.27.2.jar" [locator: {mods folder locator at D:\ServerFiles-5.1\mods}, reader: mod manifest]
[25nov2025 22:14:42.094] [main/DEBUG] [net.neoforged.fml.loading.moddiscovery.readers.JarModsDotTomlModFileReader/SCAN]: Found META-INF/neoforge.mods.toml mod of type null: D:\ServerFiles-5.1\mods\deeperdarker-neoforge-1.21.1-1.3.5.jar
[25nov2025 22:14:42.094] [main/DEBUG] [net.neoforged.fml.loading.moddiscovery.ModFileParser/LOADING]: Considering mod file candidate D:\ServerFiles-5.1\mods\deeperdarker-neoforge-1.21.1-1.3.5.jar
[25nov2025 22:14:42.095] [main/DEBUG] [net.neoforged.fml.loading.moddiscovery.ModFileInfo/LOADING]: Found valid mod file deeperdarker-neoforge-1.21.1-1.3.5.jar with {deeperdarker} mods - versions {1.3.5}
[25nov2025 22:14:42.095] [main/INFO] [net.neoforged.fml.loading.moddiscovery.ModDiscoverer/SCAN]: Found mod file "deeperdarker-neoforge-1.21.1-1.3.5.jar" [locator: {mods folder locator at D:\ServerFiles-5.1\mods}, reader: mod manifest]
[25nov2025 22:14:42.097] [main/DEBUG] [net.neoforged.fml.loading.moddiscovery.readers.JarModsDotTomlModFileReader/SCAN]: Found META-INF/neoforge.mods.toml mod of type null: D:\ServerFiles-5.1\mods\deimos-1.21.1-neoforge-2.4.jar
[25nov2025 22:14:42.097] [main/DEBUG] [net.neoforged.fml.loading.moddiscovery.ModFileParser/LOADING]: Considering mod file candidate D:\ServerFiles-5.1\mods\deimos-1.21.1-neoforge-2.4.jar
[25nov2025 22:14:42.097] [main/DEBUG] [net.neoforged.fml.loading.moddiscovery.ModFileInfo/LOADING]: Found valid mod file deimos-1.21.1-neoforge-2.4.jar with {deimos} mods - versions {2.4}
[25nov2025 22:14:42.097] [main/INFO] [net.neoforged.fml.loading.moddiscovery.ModDiscoverer/SCAN]: Found mod file "deimos-1.21.1-neoforge-2.4.jar" [locator: {mods folder locator at D:\ServerFiles-5.1\mods}, reader: mod manifest]
[25nov2025 22:14:42.099] [main/DEBUG] [net.neoforged.fml.loading.moddiscovery.readers.JarModsDotTomlModFileReader/SCAN]: Found META-INF/neoforge.mods.toml mod of type null: D:\ServerFiles-5.1\mods\DimStorage-1.21.1-9.1.0.jar
[25nov2025 22:14:42.099] [main/DEBUG] [net.neoforged.fml.loading.moddiscovery.ModFileParser/LOADING]: Considering mod file candidate D:\ServerFiles-5.1\mods\DimStorage-1.21.1-9.1.0.jar
[25nov2025 22:14:42.100] [main/DEBUG] [net.neoforged.fml.loading.moddiscovery.ModFileInfo/LOADING]: Found valid mod file DimStorage-1.21.1-9.1.0.jar with {dimstorage} mods - versions {9.1.0}
[25nov2025 22:14:42.100] [main/INFO] [net.neoforged.fml.loading.moddiscovery.ModDiscoverer/SCAN]: Found mod file "DimStorage-1.21.1-9.1.0.jar" [locator: {mods folder locator at D:\ServerFiles-5.1\mods}, reader: mod manifest]
[25nov2025 22:14:42.101] [main/DEBUG] [net.neoforged.fml.loading.moddiscovery.readers.JarModsDotTomlModFileReader/SCAN]: Found META-INF/neoforge.mods.toml mod of type null: D:\ServerFiles-5.1\mods\disenchanting_table-merged-1.21.1-5.0.2.jar
[25nov2025 22:14:42.101] [main/DEBUG] [net.neoforged.fml.loading.moddiscovery.ModFileParser/LOADING]: Considering mod file candidate D:\ServerFiles-5.1\mods\disenchanting_table-merged-1.21.1-5.0.2.jar
[25nov2025 22:14:42.102] [main/DEBUG] [net.neoforged.fml.loading.moddiscovery.ModFileInfo/LOADING]: Found valid mod file disenchanting_table-merged-1.21.1-5.0.2.jar with {disenchanting_table} mods - versions {5.0.2}
[25nov2025 22:14:42.102] [main/INFO] [net.neoforged.fml.loading.moddiscovery.ModDiscoverer/SCAN]: Found mod file "disenchanting_table-merged-1.21.1-5.0.2.jar" [locator: {mods folder locator at D:\ServerFiles-5.1\mods}, reader: mod manifest]
[25nov2025 22:14:42.104] [main/DEBUG] [net.neoforged.fml.loading.moddiscovery.readers.JarModsDotTomlModFileReader/SCAN]: Found META-INF/neoforge.mods.toml mod of type null: D:\ServerFiles-5.1\mods\domum-ornamentum-1.0.222-snapshot-main.jar
[25nov2025 22:14:42.104] [main/DEBUG] [net.neoforged.fml.loading.moddiscovery.ModFileParser/LOADING]: Considering mod file candidate D:\ServerFiles-5.1\mods\domum-ornamentum-1.0.222-snapshot-main.jar
[25nov2025 22:14:42.105] [main/DEBUG] [net.neoforged.fml.loading.moddiscovery.ModFileInfo/LOADING]: Found valid mod file domum-ornamentum-1.0.222-snapshot-main.jar with {domum_ornamentum} mods - versions {1.0.222-snapshot}
[25nov2025 22:14:42.105] [main/INFO] [net.neoforged.fml.loading.moddiscovery.ModDiscoverer/SCAN]: Found mod file "domum-ornamentum-1.0.222-snapshot-main.jar" [locator: {mods folder locator at D:\ServerFiles-5.1\mods}, reader: mod manifest]
[25nov2025 22:14:42.117] [main/DEBUG] [net.neoforged.fml.loading.moddiscovery.readers.JarModsDotTomlModFileReader/SCAN]: Found META-INF/neoforge.mods.toml mod of type null: D:\ServerFiles-5.1\mods\Draconic-Evolution-1.21.1-3.1.3.629.jar
[25nov2025 22:14:42.117] [main/DEBUG] [net.neoforged.fml.loading.moddiscovery.ModFileParser/LOADING]: Considering mod file candidate D:\ServerFiles-5.1\mods\Draconic-Evolution-1.21.1-3.1.3.629.jar
[25nov2025 22:14:42.117] [main/DEBUG] [net.neoforged.fml.loading.moddiscovery.ModFileInfo/LOADING]: Found valid mod file Draconic-Evolution-1.21.1-3.1.3.629.jar with {draconicevolution} mods - versions {3.1.3.629}
[25nov2025 22:14:42.117] [main/INFO] [net.neoforged.fml.loading.moddiscovery.ModDiscoverer/SCAN]: Found mod file "Draconic-Evolution-1.21.1-3.1.3.629.jar" [locator: {mods folder locator at D:\ServerFiles-5.1\mods}, reader: mod manifest]
[25nov2025 22:14:42.119] [main/DEBUG] [net.neoforged.fml.loading.moddiscovery.readers.JarModsDotTomlModFileReader/SCAN]: Found META-INF/neoforge.mods.toml mod of type null: D:\ServerFiles-5.1\mods\dummmmmmy-1.21-2.0.11-neoforge.jar
[25nov2025 22:14:42.119] [main/DEBUG] [net.neoforged.fml.loading.moddiscovery.ModFileParser/LOADING]: Considering mod file candidate D:\ServerFiles-5.1\mods\dummmmmmy-1.21-2.0.11-neoforge.jar
[25nov2025 22:14:42.120] [main/DEBUG] [net.neoforged.fml.loading.moddiscovery.ModFileInfo/LOADING]: Found valid mod file dummmmmmy-1.21-2.0.11-neoforge.jar with {dummmmmmy} mods - versions {1.21-2.0.11}
[25nov2025 22:14:42.120] [main/INFO] [net.neoforged.fml.loading.moddiscovery.ModDiscoverer/SCAN]: Found mod file "dummmmmmy-1.21-2.0.11-neoforge.jar" [locator: {mods folder locator at D:\ServerFiles-5.1\mods}, reader: mod manifest]
[25nov2025 22:14:42.122] [main/DEBUG] [net.neoforged.fml.loading.moddiscovery.readers.JarModsDotTomlModFileReader/SCAN]: Found META-INF/neoforge.mods.toml mod of type null: D:\ServerFiles-5.1\mods\DungeonCrawl-NeoForge-1.21-2.3.15.jar
[25nov2025 22:14:42.122] [main/DEBUG] [net.neoforged.fml.loading.moddiscovery.ModFileParser/LOADING]: Considering mod file candidate D:\ServerFiles-5.1\mods\DungeonCrawl-NeoForge-1.21-2.3.15.jar
[25nov2025 22:14:42.122] [main/DEBUG] [net.neoforged.fml.loading.moddiscovery.ModFileInfo/LOADING]: Found valid mod file DungeonCrawl-NeoForge-1.21-2.3.15.jar with {dungeoncrawl} mods - versions {2.3.15}
[25nov2025 22:14:42.122] [main/INFO] [net.neoforged.fml.loading.moddiscovery.ModDiscoverer/SCAN]: Found mod file "DungeonCrawl-NeoForge-1.21-2.3.15.jar" [locator: {mods folder locator at D:\ServerFiles-5.1\mods}, reader: mod manifest]
[25nov2025 22:14:42.124] [main/DEBUG] [net.neoforged.fml.loading.moddiscovery.readers.JarModsDotTomlModFileReader/SCAN]: Found META-INF/neoforge.mods.toml mod of type null: D:\ServerFiles-5.1\mods\DungeonsArise-1.21.1-2.1.68-release.jar
[25nov2025 22:14:42.124] [main/DEBUG] [net.neoforged.fml.loading.moddiscovery.ModFileParser/LOADING]: Considering mod file candidate D:\ServerFiles-5.1\mods\DungeonsArise-1.21.1-2.1.68-release.jar
[25nov2025 22:14:42.125] [main/DEBUG] [net.neoforged.fml.loading.moddiscovery.ModFileInfo/LOADING]: Found valid mod file DungeonsArise-1.21.1-2.1.68-release.jar with {dungeons_arise} mods - versions {2.1.68}
[25nov2025 22:14:42.125] [main/INFO] [net.neoforged.fml.loading.moddiscovery.ModDiscoverer/SCAN]: Found mod file "DungeonsArise-1.21.1-2.1.68-release.jar" [locator: {mods folder locator at D:\ServerFiles-5.1\mods}, reader: mod manifest]
[25nov2025 22:14:42.127] [main/DEBUG] [net.neoforged.fml.loading.moddiscovery.readers.JarModsDotTomlModFileReader/SCAN]: Found META-INF/neoforge.mods.toml mod of type null: D:\ServerFiles-5.1\mods\dyenamics-1.21.1-3.4.2.jar
[25nov2025 22:14:42.128] [main/DEBUG] [net.neoforged.fml.loading.moddiscovery.ModFileParser/LOADING]: Considering mod file candidate D:\ServerFiles-5.1\mods\dyenamics-1.21.1-3.4.2.jar
[25nov2025 22:14:42.128] [main/DEBUG] [net.neoforged.fml.loading.moddiscovery.ModFileInfo/LOADING]: Found valid mod file dyenamics-1.21.1-3.4.2.jar with {dyenamics} mods - versions {1.21.1-3.4.2}
[25nov2025 22:14:42.128] [main/INFO] [net.neoforged.fml.loading.moddiscovery.ModDiscoverer/SCAN]: Found mod file "dyenamics-1.21.1-3.4.2.jar" [locator: {mods folder locator at D:\ServerFiles-5.1\mods}, reader: mod manifest]
[25nov2025 22:14:42.137] [main/DEBUG] [net.neoforged.fml.loading.moddiscovery.readers.JarModsDotTomlModFileReader/SCAN]: Found META-INF/neoforge.mods.toml mod of type null: D:\ServerFiles-5.1\mods\dyenamicsandfriends-1.21.1-2.2.2.jar
[25nov2025 22:14:42.137] [main/DEBUG] [net.neoforged.fml.loading.moddiscovery.ModFileParser/LOADING]: Considering mod file candidate D:\ServerFiles-5.1\mods\dyenamicsandfriends-1.21.1-2.2.2.jar
[25nov2025 22:14:42.138] [main/DEBUG] [net.neoforged.fml.loading.moddiscovery.ModFileInfo/LOADING]: Found valid mod file dyenamicsandfriends-1.21.1-2.2.2.jar with {dyenamicsandfriends} mods - versions {1.21.1-2.2.2}
[25nov2025 22:14:42.138] [main/INFO] [net.neoforged.fml.loading.moddiscovery.ModDiscoverer/SCAN]: Found mod file "dyenamicsandfriends-1.21.1-2.2.2.jar" [locator: {mods folder locator at D:\ServerFiles-5.1\mods}, reader: mod manifest]
[25nov2025 22:14:42.140] [main/DEBUG] [net.neoforged.fml.loading.moddiscovery.readers.JarModsDotTomlModFileReader/SCAN]: Found META-INF/neoforge.mods.toml mod of type null: D:\ServerFiles-5.1\mods\dysoncubeproject-1.0.2.jar
[25nov2025 22:14:42.140] [main/DEBUG] [net.neoforged.fml.loading.moddiscovery.ModFileParser/LOADING]: Considering mod file candidate D:\ServerFiles-5.1\mods\dysoncubeproject-1.0.2.jar
[25nov2025 22:14:42.141] [main/DEBUG] [net.neoforged.fml.loading.moddiscovery.ModFileInfo/LOADING]: Found valid mod file dysoncubeproject-1.0.2.jar with {dysoncubeproject} mods - versions {1.0.2}
[25nov2025 22:14:42.141] [main/INFO] [net.neoforged.fml.loading.moddiscovery.ModDiscoverer/SCAN]: Found mod file "dysoncubeproject-1.0.2.jar" [locator: {mods folder locator at D:\ServerFiles-5.1\mods}, reader: mod manifest]
[25nov2025 22:14:42.143] [main/DEBUG] [net.neoforged.fml.loading.moddiscovery.readers.JarModsDotTomlModFileReader/SCAN]: Found META-INF/neoforge.mods.toml mod of type null: D:\ServerFiles-5.1\mods\easy-villagers-neoforge-1.21.1-1.1.39.jar
[25nov2025 22:14:42.143] [main/DEBUG] [net.neoforged.fml.loading.moddiscovery.ModFileParser/LOADING]: Considering mod file candidate D:\ServerFiles-5.1\mods\easy-villagers-neoforge-1.21.1-1.1.39.jar
[25nov2025 22:14:42.144] [main/DEBUG] [net.neoforged.fml.loading.moddiscovery.ModFileInfo/LOADING]: Found valid mod file easy-villagers-neoforge-1.21.1-1.1.39.jar with {easy_villagers} mods - versions {1.21.1-1.1.39}
[25nov2025 22:14:42.144] [main/INFO] [net.neoforged.fml.loading.moddiscovery.ModDiscoverer/SCAN]: Found mod file "easy-villagers-neoforge-1.21.1-1.1.39.jar" [locator: {mods folder locator at D:\ServerFiles-5.1\mods}, reader: mod manifest]
[25nov2025 22:14:42.145] [main/DEBUG] [net.neoforged.fml.loading.moddiscovery.readers.JarModsDotTomlModFileReader/SCAN]: Found META-INF/neoforge.mods.toml mod of type null: D:\ServerFiles-5.1\mods\EdivadLib-1.21-3.0.0.jar
[25nov2025 22:14:42.145] [main/DEBUG] [net.neoforged.fml.loading.moddiscovery.ModFileParser/LOADING]: Considering mod file candidate D:\ServerFiles-5.1\mods\EdivadLib-1.21-3.0.0.jar
[25nov2025 22:14:42.146] [main/DEBUG] [net.neoforged.fml.loading.moddiscovery.ModFileInfo/LOADING]: Found valid mod file EdivadLib-1.21-3.0.0.jar with {edivadlib} mods - versions {3.0.0}
[25nov2025 22:14:42.146] [main/INFO] [net.neoforged.fml.loading.moddiscovery.ModDiscoverer/SCAN]: Found mod file "EdivadLib-1.21-3.0.0.jar" [locator: {mods folder locator at D:\ServerFiles-5.1\mods}, reader: mod manifest]
[25nov2025 22:14:42.147] [main/DEBUG] [net.neoforged.fml.loading.moddiscovery.readers.JarModsDotTomlModFileReader/SCAN]: Found META-INF/neoforge.mods.toml mod of type null: D:\ServerFiles-5.1\mods\elevatorid-neoforge-1.21.1-1.11.4.jar
[25nov2025 22:14:42.147] [main/DEBUG] [net.neoforged.fml.loading.moddiscovery.ModFileParser/LOADING]: Considering mod file candidate D:\ServerFiles-5.1\mods\elevatorid-neoforge-1.21.1-1.11.4.jar
[25nov2025 22:14:42.147] [main/DEBUG] [net.neoforged.fml.loading.moddiscovery.ModFileInfo/LOADING]: Found valid mod file elevatorid-neoforge-1.21.1-1.11.4.jar with {elevatorid} mods - versions {1.21.1-1.11.4}
[25nov2025 22:14:42.148] [main/INFO] [net.neoforged.fml.loading.moddiscovery.ModDiscoverer/SCAN]: Found mod file "elevatorid-neoforge-1.21.1-1.11.4.jar" [locator: {mods folder locator at D:\ServerFiles-5.1\mods}, reader: mod manifest]
[25nov2025 22:14:42.149] [main/DEBUG] [net.neoforged.fml.loading.moddiscovery.readers.JarModsDotTomlModFileReader/SCAN]: Found META-INF/neoforge.mods.toml mod of type null: D:\ServerFiles-5.1\mods\enchdesc-neoforge-1.21.1-21.1.9.jar
[25nov2025 22:14:42.149] [main/DEBUG] [net.neoforged.fml.loading.moddiscovery.ModFileParser/LOADING]: Considering mod file candidate D:\ServerFiles-5.1\mods\enchdesc-neoforge-1.21.1-21.1.9.jar
[25nov2025 22:14:42.150] [main/DEBUG] [net.neoforged.fml.loading.moddiscovery.ModFileInfo/LOADING]: Found valid mod file enchdesc-neoforge-1.21.1-21.1.9.jar with {enchdesc} mods - versions {21.1.9}
[25nov2025 22:14:42.150] [main/INFO] [net.neoforged.fml.loading.moddiscovery.ModDiscoverer/SCAN]: Found mod file "enchdesc-neoforge-1.21.1-21.1.9.jar" [locator: {mods folder locator at D:\ServerFiles-5.1\mods}, reader: mod manifest]
[25nov2025 22:14:42.151] [main/DEBUG] [net.neoforged.fml.loading.moddiscovery.readers.JarModsDotTomlModFileReader/SCAN]: Found META-INF/neoforge.mods.toml mod of type null: D:\ServerFiles-5.1\mods\enderdrives-neoforge-1.21.1-1.4.4.jar
[25nov2025 22:14:42.152] [main/DEBUG] [net.neoforged.fml.loading.moddiscovery.ModFileParser/LOADING]: Considering mod file candidate D:\ServerFiles-5.1\mods\enderdrives-neoforge-1.21.1-1.4.4.jar
[25nov2025 22:14:42.152] [main/DEBUG] [net.neoforged.fml.loading.moddiscovery.ModFileInfo/LOADING]: Found valid mod file enderdrives-neoforge-1.21.1-1.4.4.jar with {enderdrives} mods - versions {1.4.4}
[25nov2025 22:14:42.152] [main/INFO] [net.neoforged.fml.loading.moddiscovery.ModDiscoverer/SCAN]: Found mod file "enderdrives-neoforge-1.21.1-1.4.4.jar" [locator: {mods folder locator at D:\ServerFiles-5.1\mods}, reader: mod manifest]
[25nov2025 22:14:42.153] [main/DEBUG] [net.neoforged.fml.loading.moddiscovery.readers.JarModsDotTomlModFileReader/SCAN]: Found META-INF/neoforge.mods.toml mod of type null: D:\ServerFiles-5.1\mods\enderio-8.0.7-alpha.jar
[25nov2025 22:14:42.153] [main/DEBUG] [net.neoforged.fml.loading.moddiscovery.ModFileParser/LOADING]: Considering mod file candidate D:\ServerFiles-5.1\mods\enderio-8.0.7-alpha.jar
[25nov2025 22:14:42.154] [main/DEBUG] [net.neoforged.fml.loading.moddiscovery.ModFileInfo/LOADING]: Found valid mod file enderio-8.0.7-alpha.jar with {enderio} mods - versions {8.0.7-alpha}
[25nov2025 22:14:42.154] [main/INFO] [net.neoforged.fml.loading.moddiscovery.ModDiscoverer/SCAN]: Found mod file "enderio-8.0.7-alpha.jar" [locator: {mods folder locator at D:\ServerFiles-5.1\mods}, reader: mod manifest]
[25nov2025 22:14:42.156] [main/DEBUG] [net.neoforged.fml.loading.moddiscovery.readers.JarModsDotTomlModFileReader/SCAN]: Found META-INF/neoforge.mods.toml mod of type null: D:\ServerFiles-5.1\mods\endermanoverhaul-neoforge-1.21.1-2.0.2.jar
[25nov2025 22:14:42.156] [main/DEBUG] [net.neoforged.fml.loading.moddiscovery.ModFileParser/LOADING]: Considering mod file candidate D:\ServerFiles-5.1\mods\endermanoverhaul-neoforge-1.21.1-2.0.2.jar
[25nov2025 22:14:42.156] [main/DEBUG] [net.neoforged.fml.loading.moddiscovery.ModFileInfo/LOADING]: Found valid mod file endermanoverhaul-neoforge-1.21.1-2.0.2.jar with {endermanoverhaul} mods - versions {2.0.2}
[25nov2025 22:14:42.156] [main/INFO] [net.neoforged.fml.loading.moddiscovery.ModDiscoverer/SCAN]: Found mod file "endermanoverhaul-neoforge-1.21.1-2.0.2.jar" [locator: {mods folder locator at D:\ServerFiles-5.1\mods}, reader: mod manifest]
[25nov2025 22:14:42.160] [main/DEBUG] [net.neoforged.fml.loading.moddiscovery.readers.JarModsDotTomlModFileReader/SCAN]: Found META-INF/neoforge.mods.toml mod of type null: D:\ServerFiles-5.1\mods\EnderStorage-1.21.1-2.13.0.191.jar
[25nov2025 22:14:42.160] [main/DEBUG] [net.neoforged.fml.loading.moddiscovery.ModFileParser/LOADING]: Considering mod file candidate D:\ServerFiles-5.1\mods\EnderStorage-1.21.1-2.13.0.191.jar
[25nov2025 22:14:42.161] [main/DEBUG] [net.neoforged.fml.loading.moddiscovery.ModFileInfo/LOADING]: Found valid mod file EnderStorage-1.21.1-2.13.0.191.jar with {enderstorage} mods - versions {2.13.0.191}
[25nov2025 22:14:42.161] [main/INFO] [net.neoforged.fml.loading.moddiscovery.ModDiscoverer/SCAN]: Found mod file "EnderStorage-1.21.1-2.13.0.191.jar" [locator: {mods folder locator at D:\ServerFiles-5.1\mods}, reader: mod manifest]
[25nov2025 22:14:42.162] [main/DEBUG] [net.neoforged.fml.loading.moddiscovery.readers.JarModsDotTomlModFileReader/SCAN]: Found META-INF/neoforge.mods.toml mod of type null: D:\ServerFiles-5.1\mods\entangled-1.3.20a-neoforge-mc1.21.jar
[25nov2025 22:14:42.163] [main/DEBUG] [net.neoforged.fml.loading.moddiscovery.ModFileParser/LOADING]: Considering mod file candidate D:\ServerFiles-5.1\mods\entangled-1.3.20a-neoforge-mc1.21.jar
[25nov2025 22:14:42.163] [main/DEBUG] [net.neoforged.fml.loading.moddiscovery.ModFileInfo/LOADING]: Found valid mod file entangled-1.3.20a-neoforge-mc1.21.jar with {entangled} mods - versions {1.3.20+a}
[25nov2025 22:14:42.163] [main/INFO] [net.neoforged.fml.loading.moddiscovery.ModDiscoverer/SCAN]: Found mod file "entangled-1.3.20a-neoforge-mc1.21.jar" [locator: {mods folder locator at D:\ServerFiles-5.1\mods}, reader: mod manifest]
[25nov2025 22:14:42.167] [main/DEBUG] [net.neoforged.fml.loading.moddiscovery.readers.JarModsDotTomlModFileReader/SCAN]: Found META-INF/neoforge.mods.toml mod of type null: D:\ServerFiles-5.1\mods\eternalstarlight-0.6.1-hotfix+1.21.1+neoforge.jar
[25nov2025 22:14:42.167] [main/DEBUG] [net.neoforged.fml.loading.moddiscovery.ModFileParser/LOADING]: Considering mod file candidate D:\ServerFiles-5.1\mods\eternalstarlight-0.6.1-hotfix+1.21.1+neoforge.jar
[25nov2025 22:14:42.168] [main/DEBUG] [net.neoforged.fml.loading.moddiscovery.ModFileInfo/LOADING]: Found valid mod file eternalstarlight-0.6.1-hotfix+1.21.1+neoforge.jar with {eternal_starlight} mods - versions {0.6.1-hotfix+1.21.1+neoforge}
[25nov2025 22:14:42.168] [main/INFO] [net.neoforged.fml.loading.moddiscovery.ModDiscoverer/SCAN]: Found mod file "eternalstarlight-0.6.1-hotfix+1.21.1+neoforge.jar" [locator: {mods folder locator at D:\ServerFiles-5.1\mods}, reader: mod manifest]
[25nov2025 22:14:42.169] [main/DEBUG] [net.neoforged.fml.loading.moddiscovery.readers.JarModsDotTomlModFileReader/SCAN]: Found META-INF/neoforge.mods.toml mod of type null: D:\ServerFiles-5.1\mods\everythingcopper-1.21.1-2.4.5.jar
[25nov2025 22:14:42.169] [main/DEBUG] [net.neoforged.fml.loading.moddiscovery.ModFileParser/LOADING]: Considering mod file candidate D:\ServerFiles-5.1\mods\everythingcopper-1.21.1-2.4.5.jar
[25nov2025 22:14:42.170] [main/DEBUG] [net.neoforged.fml.loading.moddiscovery.ModFileInfo/LOADING]: Found valid mod file everythingcopper-1.21.1-2.4.5.jar with {everythingcopper} mods - versions {1.21.1-2.4.5}
[25nov2025 22:14:42.170] [main/INFO] [net.neoforged.fml.loading.moddiscovery.ModDiscoverer/SCAN]: Found mod file "everythingcopper-1.21.1-2.4.5.jar" [locator: {mods folder locator at D:\ServerFiles-5.1\mods}, reader: mod manifest]
[25nov2025 22:14:42.172] [main/DEBUG] [net.neoforged.fml.loading.moddiscovery.readers.JarModsDotTomlModFileReader/SCAN]: Found META-INF/neoforge.mods.toml mod of type null: D:\ServerFiles-5.1\mods\evilcraft-1.21.1-neoforge-1.2.78-704.jar
[25nov2025 22:14:42.172] [main/DEBUG] [net.neoforged.fml.loading.moddiscovery.ModFileParser/LOADING]: Considering mod file candidate D:\ServerFiles-5.1\mods\evilcraft-1.21.1-neoforge-1.2.78-704.jar
[25nov2025 22:14:42.173] [main/DEBUG] [net.neoforged.fml.loading.moddiscovery.ModFileInfo/LOADING]: Found valid mod file evilcraft-1.21.1-neoforge-1.2.78-704.jar with {evilcraft,evilcraftcompat} mods - versions {1.2.78,1.1.0}
[25nov2025 22:14:42.173] [main/INFO] [net.neoforged.fml.loading.moddiscovery.ModDiscoverer/SCAN]: Found mod file "evilcraft-1.21.1-neoforge-1.2.78-704.jar" [locator: {mods folder locator at D:\ServerFiles-5.1\mods}, reader: mod manifest]
[25nov2025 22:14:42.175] [main/DEBUG] [net.neoforged.fml.loading.moddiscovery.readers.JarModsDotTomlModFileReader/SCAN]: Found META-INF/neoforge.mods.toml mod of type null: D:\ServerFiles-5.1\mods\expandedae-2.1.1.jar
[25nov2025 22:14:42.175] [main/DEBUG] [net.neoforged.fml.loading.moddiscovery.ModFileParser/LOADING]: Considering mod file candidate D:\ServerFiles-5.1\mods\expandedae-2.1.1.jar
[25nov2025 22:14:42.175] [main/DEBUG] [net.neoforged.fml.loading.moddiscovery.ModFileInfo/LOADING]: Found valid mod file expandedae-2.1.1.jar with {expandedae} mods - versions {2.1.1}
[25nov2025 22:14:42.175] [main/INFO] [net.neoforged.fml.loading.moddiscovery.ModDiscoverer/SCAN]: Found mod file "expandedae-2.1.1.jar" [locator: {mods folder locator at D:\ServerFiles-5.1\mods}, reader: mod manifest]
[25nov2025 22:14:42.177] [main/DEBUG] [net.neoforged.fml.loading.moddiscovery.readers.JarModsDotTomlModFileReader/SCAN]: Found META-INF/neoforge.mods.toml mod of type null: D:\ServerFiles-5.1\mods\experiencelib-1.21.1-1.1.1.jar
[25nov2025 22:14:42.177] [main/DEBUG] [net.neoforged.fml.loading.moddiscovery.ModFileParser/LOADING]: Considering mod file candidate D:\ServerFiles-5.1\mods\experiencelib-1.21.1-1.1.1.jar
[25nov2025 22:14:42.177] [main/DEBUG] [net.neoforged.fml.loading.moddiscovery.ModFileInfo/LOADING]: Found valid mod file experiencelib-1.21.1-1.1.1.jar with {experiencelib} mods - versions {1.1.1}
[25nov2025 22:14:42.177] [main/INFO] [net.neoforged.fml.loading.moddiscovery.ModDiscoverer/SCAN]: Found mod file "experiencelib-1.21.1-1.1.1.jar" [locator: {mods folder locator at D:\ServerFiles-5.1\mods}, reader: mod manifest]
[25nov2025 22:14:42.178] [main/DEBUG] [net.neoforged.fml.loading.moddiscovery.readers.JarModsDotTomlModFileReader/SCAN]: Found META-INF/neoforge.mods.toml mod of type null: D:\ServerFiles-5.1\mods\ExplorersCompass-1.21.1-3.0.3-neoforge.jar
[25nov2025 22:14:42.178] [main/DEBUG] [net.neoforged.fml.loading.moddiscovery.ModFileParser/LOADING]: Considering mod file candidate D:\ServerFiles-5.1\mods\ExplorersCompass-1.21.1-3.0.3-neoforge.jar
[25nov2025 22:14:42.179] [main/DEBUG] [net.neoforged.fml.loading.moddiscovery.ModFileInfo/LOADING]: Found valid mod file ExplorersCompass-1.21.1-3.0.3-neoforge.jar with {explorerscompass} mods - versions {1.21.1-3.0.3-neoforge}
[25nov2025 22:14:42.179] [main/INFO] [net.neoforged.fml.loading.moddiscovery.ModDiscoverer/SCAN]: Found mod file "ExplorersCompass-1.21.1-3.0.3-neoforge.jar" [locator: {mods folder locator at D:\ServerFiles-5.1\mods}, reader: mod manifest]
[25nov2025 22:14:42.180] [main/DEBUG] [net.neoforged.fml.loading.moddiscovery.readers.JarModsDotTomlModFileReader/SCAN]: Found META-INF/neoforge.mods.toml mod of type null: D:\ServerFiles-5.1\mods\Explorify v1.6.4 f15-88.mod.jar
[25nov2025 22:14:42.181] [main/DEBUG] [net.neoforged.fml.loading.moddiscovery.ModFileParser/LOADING]: Considering mod file candidate D:\ServerFiles-5.1\mods\Explorify v1.6.4 f15-88.mod.jar
[25nov2025 22:14:42.181] [main/DEBUG] [net.neoforged.fml.loading.moddiscovery.ModFileInfo/LOADING]: Found valid mod file Explorify v1.6.4 f15-88.mod.jar with {explorify} mods - versions {1.6.4}
[25nov2025 22:14:42.181] [main/INFO] [net.neoforged.fml.loading.moddiscovery.ModDiscoverer/SCAN]: Found mod file "Explorify v1.6.4 f15-88.mod.jar" [locator: {mods folder locator at D:\ServerFiles-5.1\mods}, reader: mod manifest]
[25nov2025 22:14:42.183] [main/DEBUG] [net.neoforged.fml.loading.moddiscovery.readers.JarModsDotTomlModFileReader/SCAN]: Found META-INF/neoforge.mods.toml mod of type null: D:\ServerFiles-5.1\mods\extended-industrialization-1.15.20-1.21.1.jar
[25nov2025 22:14:42.183] [main/DEBUG] [net.neoforged.fml.loading.moddiscovery.ModFileParser/LOADING]: Considering mod file candidate D:\ServerFiles-5.1\mods\extended-industrialization-1.15.20-1.21.1.jar
[25nov2025 22:14:42.183] [main/DEBUG] [net.neoforged.fml.loading.moddiscovery.ModFileInfo/LOADING]: Found valid mod file extended-industrialization-1.15.20-1.21.1.jar with {extended_industrialization} mods - versions {1.15.20-1.21.1}
[25nov2025 22:14:42.183] [main/INFO] [net.neoforged.fml.loading.moddiscovery.ModDiscoverer/SCAN]: Found mod file "extended-industrialization-1.15.20-1.21.1.jar" [locator: {mods folder locator at D:\ServerFiles-5.1\mods}, reader: mod manifest]
[25nov2025 22:14:42.185] [main/DEBUG] [net.neoforged.fml.loading.moddiscovery.readers.JarModsDotTomlModFileReader/SCAN]: Found META-INF/neoforge.mods.toml mod of type null: D:\ServerFiles-5.1\mods\ExtendedAE-1.21-2.2.25-neoforge.jar
[25nov2025 22:14:42.185] [main/DEBUG] [net.neoforged.fml.loading.moddiscovery.ModFileParser/LOADING]: Considering mod file candidate D:\ServerFiles-5.1\mods\ExtendedAE-1.21-2.2.25-neoforge.jar
[25nov2025 22:14:42.185] [main/DEBUG] [net.neoforged.fml.loading.moddiscovery.ModFileInfo/LOADING]: Found valid mod file ExtendedAE-1.21-2.2.25-neoforge.jar with {extendedae} mods - versions {1.21-2.2.25-neoforge}
[25nov2025 22:14:42.185] [main/INFO] [net.neoforged.fml.loading.moddiscovery.ModDiscoverer/SCAN]: Found mod file "ExtendedAE-1.21-2.2.25-neoforge.jar" [locator: {mods folder locator at D:\ServerFiles-5.1\mods}, reader: mod manifest]
[25nov2025 22:14:42.187] [main/DEBUG] [net.neoforged.fml.loading.moddiscovery.readers.JarModsDotTomlModFileReader/SCAN]: Found META-INF/neoforge.mods.toml mod of type null: D:\ServerFiles-5.1\mods\ExtraDisks-1.21.1-4.0.14.jar
[25nov2025 22:14:42.187] [main/DEBUG] [net.neoforged.fml.loading.moddiscovery.ModFileParser/LOADING]: Considering mod file candidate D:\ServerFiles-5.1\mods\ExtraDisks-1.21.1-4.0.14.jar
[25nov2025 22:14:42.187] [main/DEBUG] [net.neoforged.fml.loading.moddiscovery.ModFileInfo/LOADING]: Found valid mod file ExtraDisks-1.21.1-4.0.14.jar with {extradisks} mods - versions {1.21.1-4.0.14}
[25nov2025 22:14:42.187] [main/INFO] [net.neoforged.fml.loading.moddiscovery.ModDiscoverer/SCAN]: Found mod file "ExtraDisks-1.21.1-4.0.14.jar" [locator: {mods folder locator at D:\ServerFiles-5.1\mods}, reader: mod manifest]
[25nov2025 22:14:42.189] [main/DEBUG] [net.neoforged.fml.loading.moddiscovery.readers.JarModsDotTomlModFileReader/SCAN]: Found META-INF/neoforge.mods.toml mod of type null: D:\ServerFiles-5.1\mods\ExtraStorage-1.21.1-5.0.7.jar
[25nov2025 22:14:42.190] [main/DEBUG] [net.neoforged.fml.loading.moddiscovery.ModFileParser/LOADING]: Considering mod file candidate D:\ServerFiles-5.1\mods\ExtraStorage-1.21.1-5.0.7.jar
[25nov2025 22:14:42.190] [main/DEBUG] [net.neoforged.fml.loading.moddiscovery.ModFileInfo/LOADING]: Found valid mod file ExtraStorage-1.21.1-5.0.7.jar with {extrastorage} mods - versions {5.0.7}
[25nov2025 22:14:42.190] [main/INFO] [net.neoforged.fml.loading.moddiscovery.ModDiscoverer/SCAN]: Found mod file "ExtraStorage-1.21.1-5.0.7.jar" [locator: {mods folder locator at D:\ServerFiles-5.1\mods}, reader: mod manifest]
[25nov2025 22:14:42.192] [main/DEBUG] [net.neoforged.fml.loading.moddiscovery.readers.JarModsDotTomlModFileReader/SCAN]: Found META-INF/neoforge.mods.toml mod of type null: D:\ServerFiles-5.1\mods\ExtremeReactors2-1.21.1-2.4.26.jar
[25nov2025 22:14:42.192] [main/DEBUG] [net.neoforged.fml.loading.moddiscovery.ModFileParser/LOADING]: Considering mod file candidate D:\ServerFiles-5.1\mods\ExtremeReactors2-1.21.1-2.4.26.jar
[25nov2025 22:14:42.192] [main/DEBUG] [net.neoforged.fml.loading.moddiscovery.ModFileInfo/LOADING]: Found valid mod file ExtremeReactors2-1.21.1-2.4.26.jar with {bigreactors} mods - versions {1.21.1-2.4.26}
[25nov2025 22:14:42.192] [main/INFO] [net.neoforged.fml.loading.moddiscovery.ModDiscoverer/SCAN]: Found mod file "ExtremeReactors2-1.21.1-2.4.26.jar" [locator: {mods folder locator at D:\ServerFiles-5.1\mods}, reader: mod manifest]
[25nov2025 22:14:42.194] [main/DEBUG] [net.neoforged.fml.loading.moddiscovery.readers.JarModsDotTomlModFileReader/SCAN]: Found META-INF/neoforge.mods.toml mod of type null: D:\ServerFiles-5.1\mods\factory_blocks-neoforge-1.4.0+mc1.21.1.jar
[25nov2025 22:14:42.194] [main/DEBUG] [net.neoforged.fml.loading.moddiscovery.ModFileParser/LOADING]: Considering mod file candidate D:\ServerFiles-5.1\mods\factory_blocks-neoforge-1.4.0+mc1.21.1.jar
[25nov2025 22:14:42.194] [main/DEBUG] [net.neoforged.fml.loading.moddiscovery.ModFileInfo/LOADING]: Found valid mod file factory_blocks-neoforge-1.4.0+mc1.21.1.jar with {factory_blocks} mods - versions {1.4.0+mc1.21.1}
[25nov2025 22:14:42.194] [main/INFO] [net.neoforged.fml.loading.moddiscovery.ModDiscoverer/SCAN]: Found mod file "factory_blocks-neoforge-1.4.0+mc1.21.1.jar" [locator: {mods folder locator at D:\ServerFiles-5.1\mods}, reader: mod manifest]
[25nov2025 22:14:42.197] [main/DEBUG] [net.neoforged.fml.loading.moddiscovery.readers.JarModsDotTomlModFileReader/SCAN]: Found META-INF/neoforge.mods.toml mod of type null: D:\ServerFiles-5.1\mods\FarmersDelight-1.21.1-1.2.9.jar
[25nov2025 22:14:42.197] [main/DEBUG] [net.neoforged.fml.loading.moddiscovery.ModFileParser/LOADING]: Considering mod file candidate D:\ServerFiles-5.1\mods\FarmersDelight-1.21.1-1.2.9.jar
[25nov2025 22:14:42.197] [main/DEBUG] [net.neoforged.fml.loading.moddiscovery.ModFileInfo/LOADING]: Found valid mod file FarmersDelight-1.21.1-1.2.9.jar with {farmersdelight} mods - versions {1.2.9}
[25nov2025 22:14:42.197] [main/INFO] [net.neoforged.fml.loading.moddiscovery.ModDiscoverer/SCAN]: Found mod file "FarmersDelight-1.21.1-1.2.9.jar" [locator: {mods folder locator at D:\ServerFiles-5.1\mods}, reader: mod manifest]
[25nov2025 22:14:42.199] [main/DEBUG] [net.neoforged.fml.loading.moddiscovery.readers.JarModsDotTomlModFileReader/SCAN]: Found META-INF/neoforge.mods.toml mod of type null: D:\ServerFiles-5.1\mods\farmingforblockheads-neoforge-1.21.1-21.1.10.jar
[25nov2025 22:14:42.199] [main/DEBUG] [net.neoforged.fml.loading.moddiscovery.ModFileParser/LOADING]: Considering mod file candidate D:\ServerFiles-5.1\mods\farmingforblockheads-neoforge-1.21.1-21.1.10.jar
[25nov2025 22:14:42.200] [main/DEBUG] [net.neoforged.fml.loading.moddiscovery.ModFileInfo/LOADING]: Found valid mod file farmingforblockheads-neoforge-1.21.1-21.1.10.jar with {farmingforblockheads} mods - versions {21.1.10}
[25nov2025 22:14:42.200] [main/INFO] [net.neoforged.fml.loading.moddiscovery.ModDiscoverer/SCAN]: Found mod file "farmingforblockheads-neoforge-1.21.1-21.1.10.jar" [locator: {mods folder locator at D:\ServerFiles-5.1\mods}, reader: mod manifest]
[25nov2025 22:14:42.201] [main/DEBUG] [net.neoforged.fml.loading.moddiscovery.readers.JarModsDotTomlModFileReader/SCAN]: Found META-INF/neoforge.mods.toml mod of type null: D:\ServerFiles-5.1\mods\FastFurnace-1.21.1-9.0.1.jar
[25nov2025 22:14:42.201] [main/DEBUG] [net.neoforged.fml.loading.moddiscovery.ModFileParser/LOADING]: Considering mod file candidate D:\ServerFiles-5.1\mods\FastFurnace-1.21.1-9.0.1.jar
[25nov2025 22:14:42.201] [main/DEBUG] [net.neoforged.fml.loading.moddiscovery.ModFileInfo/LOADING]: Found valid mod file FastFurnace-1.21.1-9.0.1.jar with {fastfurnace} mods - versions {9.0.1}
[25nov2025 22:14:42.201] [main/INFO] [net.neoforged.fml.loading.moddiscovery.ModDiscoverer/SCAN]: Found mod file "FastFurnace-1.21.1-9.0.1.jar" [locator: {mods folder locator at D:\ServerFiles-5.1\mods}, reader: mod manifest]
[25nov2025 22:14:42.203] [main/DEBUG] [net.neoforged.fml.loading.moddiscovery.readers.JarModsDotTomlModFileReader/SCAN]: Found META-INF/neoforge.mods.toml mod of type null: D:\ServerFiles-5.1\mods\FastSuite-1.21.1-6.0.5.jar
[25nov2025 22:14:42.203] [main/DEBUG] [net.neoforged.fml.loading.moddiscovery.ModFileParser/LOADING]: Considering mod file candidate D:\ServerFiles-5.1\mods\FastSuite-1.21.1-6.0.5.jar
[25nov2025 22:14:42.203] [main/DEBUG] [net.neoforged.fml.loading.moddiscovery.ModFileInfo/LOADING]: Found valid mod file FastSuite-1.21.1-6.0.5.jar with {fastsuite} mods - versions {6.0.5}
[25nov2025 22:14:42.203] [main/INFO] [net.neoforged.fml.loading.moddiscovery.ModDiscoverer/SCAN]: Found mod file "FastSuite-1.21.1-6.0.5.jar" [locator: {mods folder locator at D:\ServerFiles-5.1\mods}, reader: mod manifest]
[25nov2025 22:14:42.205] [main/DEBUG] [net.neoforged.fml.loading.moddiscovery.readers.JarModsDotTomlModFileReader/SCAN]: Found META-INF/neoforge.mods.toml mod of type null: D:\ServerFiles-5.1\mods\FastWorkbench-1.21.1-9.1.3.jar
[25nov2025 22:14:42.205] [main/DEBUG] [net.neoforged.fml.loading.moddiscovery.ModFileParser/LOADING]: Considering mod file candidate D:\ServerFiles-5.1\mods\FastWorkbench-1.21.1-9.1.3.jar
[25nov2025 22:14:42.205] [main/DEBUG] [net.neoforged.fml.loading.moddiscovery.ModFileInfo/LOADING]: Found valid mod file FastWorkbench-1.21.1-9.1.3.jar with {fastbench} mods - versions {9.1.3}
[25nov2025 22:14:42.205] [main/INFO] [net.neoforged.fml.loading.moddiscovery.ModDiscoverer/SCAN]: Found mod file "FastWorkbench-1.21.1-9.1.3.jar" [locator: {mods folder locator at D:\ServerFiles-5.1\mods}, reader: mod manifest]
[25nov2025 22:14:42.208] [main/DEBUG] [net.neoforged.fml.loading.moddiscovery.readers.JarModsDotTomlModFileReader/SCAN]: Found META-INF/neoforge.mods.toml mod of type null: D:\ServerFiles-5.1\mods\ferritecore-7.0.2-neoforge.jar
[25nov2025 22:14:42.208] [main/DEBUG] [net.neoforged.fml.loading.moddiscovery.ModFileParser/LOADING]: Considering mod file candidate D:\ServerFiles-5.1\mods\ferritecore-7.0.2-neoforge.jar
[25nov2025 22:14:42.209] [main/DEBUG] [net.neoforged.fml.loading.moddiscovery.ModFileInfo/LOADING]: Found valid mod file ferritecore-7.0.2-neoforge.jar with {ferritecore} mods - versions {7.0.2}
[25nov2025 22:14:42.209] [main/INFO] [net.neoforged.fml.loading.moddiscovery.ModDiscoverer/SCAN]: Found mod file "ferritecore-7.0.2-neoforge.jar" [locator: {mods folder locator at D:\ServerFiles-5.1\mods}, reader: mod manifest]
[25nov2025 22:14:42.210] [main/DEBUG] [net.neoforged.fml.loading.moddiscovery.readers.JarModsDotTomlModFileReader/SCAN]: Found META-INF/neoforge.mods.toml mod of type null: D:\ServerFiles-5.1\mods\fireproofboats-1.21.1-1.0.4.jar
[25nov2025 22:14:42.210] [main/DEBUG] [net.neoforged.fml.loading.moddiscovery.ModFileParser/LOADING]: Considering mod file candidate D:\ServerFiles-5.1\mods\fireproofboats-1.21.1-1.0.4.jar
[25nov2025 22:14:42.210] [main/DEBUG] [net.neoforged.fml.loading.moddiscovery.ModFileInfo/LOADING]: Found valid mod file fireproofboats-1.21.1-1.0.4.jar with {fireproofboats} mods - versions {1.21.1-1.0.4}
[25nov2025 22:14:42.210] [main/INFO] [net.neoforged.fml.loading.moddiscovery.ModDiscoverer/SCAN]: Found mod file "fireproofboats-1.21.1-1.0.4.jar" [locator: {mods folder locator at D:\ServerFiles-5.1\mods}, reader: mod manifest]
[25nov2025 22:14:42.212] [main/DEBUG] [net.neoforged.fml.loading.moddiscovery.readers.JarModsDotTomlModFileReader/SCAN]: Found META-INF/neoforge.mods.toml mod of type null: D:\ServerFiles-5.1\mods\flickerfix-1.21.0.jar
[25nov2025 22:14:42.212] [main/DEBUG] [net.neoforged.fml.loading.moddiscovery.ModFileParser/LOADING]: Considering mod file candidate D:\ServerFiles-5.1\mods\flickerfix-1.21.0.jar
[25nov2025 22:14:42.213] [main/DEBUG] [net.neoforged.fml.loading.moddiscovery.ModFileInfo/LOADING]: Found valid mod file flickerfix-1.21.0.jar with {flickerfix} mods - versions {4.0.1}
[25nov2025 22:14:42.213] [main/INFO] [net.neoforged.fml.loading.moddiscovery.ModDiscoverer/SCAN]: Found mod file "flickerfix-1.21.0.jar" [locator: {mods folder locator at D:\ServerFiles-5.1\mods}, reader: mod manifest]
[25nov2025 22:14:42.215] [main/DEBUG] [net.neoforged.fml.loading.moddiscovery.readers.JarModsDotTomlModFileReader/SCAN]: Found META-INF/neoforge.mods.toml mod of type null: D:\ServerFiles-5.1\mods\FluxNetworks-1.21.1-8.0.0.jar
[25nov2025 22:14:42.215] [main/DEBUG] [net.neoforged.fml.loading.moddiscovery.ModFileParser/LOADING]: Considering mod file candidate D:\ServerFiles-5.1\mods\FluxNetworks-1.21.1-8.0.0.jar
[25nov2025 22:14:42.216] [main/DEBUG] [net.neoforged.fml.loading.moddiscovery.ModFileInfo/LOADING]: Found valid mod file FluxNetworks-1.21.1-8.0.0.jar with {fluxnetworks} mods - versions {8.0.0}
[25nov2025 22:14:42.216] [main/INFO] [net.neoforged.fml.loading.moddiscovery.ModDiscoverer/SCAN]: Found mod file "FluxNetworks-1.21.1-8.0.0.jar" [locator: {mods folder locator at D:\ServerFiles-5.1\mods}, reader: mod manifest]
[25nov2025 22:14:42.219] [main/DEBUG] [net.neoforged.fml.loading.moddiscovery.readers.JarModsDotTomlModFileReader/SCAN]: Found META-INF/neoforge.mods.toml mod of type null: D:\ServerFiles-5.1\mods\forbidden_arcanus-2.6.1.jar
[25nov2025 22:14:42.219] [main/DEBUG] [net.neoforged.fml.loading.moddiscovery.ModFileParser/LOADING]: Considering mod file candidate D:\ServerFiles-5.1\mods\forbidden_arcanus-2.6.1.jar
[25nov2025 22:14:42.219] [main/DEBUG] [net.neoforged.fml.loading.moddiscovery.ModFileInfo/LOADING]: Found valid mod file forbidden_arcanus-2.6.1.jar with {forbidden_arcanus} mods - versions {2.6.1}
[25nov2025 22:14:42.219] [main/INFO] [net.neoforged.fml.loading.moddiscovery.ModDiscoverer/SCAN]: Found mod file "forbidden_arcanus-2.6.1.jar" [locator: {mods folder locator at D:\ServerFiles-5.1\mods}, reader: mod manifest]
[25nov2025 22:14:42.221] [main/DEBUG] [net.neoforged.fml.loading.moddiscovery.readers.JarModsDotTomlModFileReader/SCAN]: Found META-INF/neoforge.mods.toml mod of type null: D:\ServerFiles-5.1\mods\formations-1.0.4-neoforge-mc1.21.jar
[25nov2025 22:14:42.221] [main/DEBUG] [net.neoforged.fml.loading.moddiscovery.ModFileParser/LOADING]: Considering mod file candidate D:\ServerFiles-5.1\mods\formations-1.0.4-neoforge-mc1.21.jar
[25nov2025 22:14:42.222] [main/DEBUG] [net.neoforged.fml.loading.moddiscovery.ModFileInfo/LOADING]: Found valid mod file formations-1.0.4-neoforge-mc1.21.jar with {formations} mods - versions {1.0.4}
[25nov2025 22:14:42.222] [main/INFO] [net.neoforged.fml.loading.moddiscovery.ModDiscoverer/SCAN]: Found mod file "formations-1.0.4-neoforge-mc1.21.jar" [locator: {mods folder locator at D:\ServerFiles-5.1\mods}, reader: mod manifest]
[25nov2025 22:14:42.223] [main/DEBUG] [net.neoforged.fml.loading.moddiscovery.readers.JarModsDotTomlModFileReader/SCAN]: Found META-INF/neoforge.mods.toml mod of type null: D:\ServerFiles-5.1\mods\formationsnether-1.0.5-mc1.21+.jar
[25nov2025 22:14:42.223] [main/DEBUG] [net.neoforged.fml.loading.moddiscovery.ModFileParser/LOADING]: Considering mod file candidate D:\ServerFiles-5.1\mods\formationsnether-1.0.5-mc1.21+.jar
[25nov2025 22:14:42.223] [main/DEBUG] [net.neoforged.fml.loading.moddiscovery.ModFileInfo/LOADING]: Found valid mod file formationsnether-1.0.5-mc1.21+.jar with {formationsnether} mods - versions {1.0.5}
[25nov2025 22:14:42.223] [main/INFO] [net.neoforged.fml.loading.moddiscovery.ModDiscoverer/SCAN]: Found mod file "formationsnether-1.0.5-mc1.21+.jar" [locator: {mods folder locator at D:\ServerFiles-5.1\mods}, reader: mod manifest]
[25nov2025 22:14:42.225] [main/DEBUG] [net.neoforged.fml.loading.moddiscovery.readers.JarModsDotTomlModFileReader/SCAN]: Found META-INF/neoforge.mods.toml mod of type null: D:\ServerFiles-5.1\mods\formationsoverworld-1.0.5-mc1.21+.jar
[25nov2025 22:14:42.225] [main/DEBUG] [net.neoforged.fml.loading.moddiscovery.ModFileParser/LOADING]: Considering mod file candidate D:\ServerFiles-5.1\mods\formationsoverworld-1.0.5-mc1.21+.jar
[25nov2025 22:14:42.226] [main/DEBUG] [net.neoforged.fml.loading.moddiscovery.ModFileInfo/LOADING]: Found valid mod file formationsoverworld-1.0.5-mc1.21+.jar with {formationsoverworld} mods - versions {1.0.5}
[25nov2025 22:14:42.226] [main/INFO] [net.neoforged.fml.loading.moddiscovery.ModDiscoverer/SCAN]: Found mod file "formationsoverworld-1.0.5-mc1.21+.jar" [locator: {mods folder locator at D:\ServerFiles-5.1\mods}, reader: mod manifest]
[25nov2025 22:14:42.228] [main/DEBUG] [net.neoforged.fml.loading.moddiscovery.readers.JarModsDotTomlModFileReader/SCAN]: Found META-INF/neoforge.mods.toml mod of type null: D:\ServerFiles-5.1\mods\FramedBlocks-10.5.1.jar
[25nov2025 22:14:42.228] [main/DEBUG] [net.neoforged.fml.loading.moddiscovery.ModFileParser/LOADING]: Considering mod file candidate D:\ServerFiles-5.1\mods\FramedBlocks-10.5.1.jar
[25nov2025 22:14:42.229] [main/DEBUG] [net.neoforged.fml.loading.moddiscovery.ModFileInfo/LOADING]: Found valid mod file FramedBlocks-10.5.1.jar with {framedblocks} mods - versions {10.5.1}
[25nov2025 22:14:42.229] [main/INFO] [net.neoforged.fml.loading.moddiscovery.ModDiscoverer/SCAN]: Found mod file "FramedBlocks-10.5.1.jar" [locator: {mods folder locator at D:\ServerFiles-5.1\mods}, reader: mod manifest]
[25nov2025 22:14:42.231] [main/DEBUG] [net.neoforged.fml.loading.moddiscovery.readers.JarModsDotTomlModFileReader/SCAN]: Found META-INF/neoforge.mods.toml mod of type null: D:\ServerFiles-5.1\mods\framework-neoforge-1.21.1-0.13.1.jar
[25nov2025 22:14:42.231] [main/DEBUG] [net.neoforged.fml.loading.moddiscovery.ModFileParser/LOADING]: Considering mod file candidate D:\ServerFiles-5.1\mods\framework-neoforge-1.21.1-0.13.1.jar
[25nov2025 22:14:42.232] [main/DEBUG] [net.neoforged.fml.loading.moddiscovery.ModFileInfo/LOADING]: Found valid mod file framework-neoforge-1.21.1-0.13.1.jar with {framework} mods - versions {0.13.1}
[25nov2025 22:14:42.232] [main/INFO] [net.neoforged.fml.loading.moddiscovery.ModDiscoverer/SCAN]: Found mod file "framework-neoforge-1.21.1-0.13.1.jar" [locator: {mods folder locator at D:\ServerFiles-5.1\mods}, reader: mod manifest]
[25nov2025 22:14:42.234] [main/DEBUG] [net.neoforged.fml.loading.moddiscovery.readers.JarModsDotTomlModFileReader/SCAN]: Found META-INF/neoforge.mods.toml mod of type null: D:\ServerFiles-5.1\mods\ftb-chunks-neoforge-2101.1.13.jar
[25nov2025 22:14:42.234] [main/DEBUG] [net.neoforged.fml.loading.moddiscovery.ModFileParser/LOADING]: Considering mod file candidate D:\ServerFiles-5.1\mods\ftb-chunks-neoforge-2101.1.13.jar
[25nov2025 22:14:42.234] [main/DEBUG] [net.neoforged.fml.loading.moddiscovery.ModFileInfo/LOADING]: Found valid mod file ftb-chunks-neoforge-2101.1.13.jar with {ftbchunks} mods - versions {2101.1.13}
[25nov2025 22:14:42.234] [main/INFO] [net.neoforged.fml.loading.moddiscovery.ModDiscoverer/SCAN]: Found mod file "ftb-chunks-neoforge-2101.1.13.jar" [locator: {mods folder locator at D:\ServerFiles-5.1\mods}, reader: mod manifest]
[25nov2025 22:14:42.236] [main/DEBUG] [net.neoforged.fml.loading.moddiscovery.readers.JarModsDotTomlModFileReader/SCAN]: Found META-INF/neoforge.mods.toml mod of type null: D:\ServerFiles-5.1\mods\ftb-essentials-neoforge-2101.1.8.jar
[25nov2025 22:14:42.236] [main/DEBUG] [net.neoforged.fml.loading.moddiscovery.ModFileParser/LOADING]: Considering mod file candidate D:\ServerFiles-5.1\mods\ftb-essentials-neoforge-2101.1.8.jar
[25nov2025 22:14:42.236] [main/DEBUG] [net.neoforged.fml.loading.moddiscovery.ModFileInfo/LOADING]: Found valid mod file ftb-essentials-neoforge-2101.1.8.jar with {ftbessentials} mods - versions {2101.1.8}
[25nov2025 22:14:42.236] [main/INFO] [net.neoforged.fml.loading.moddiscovery.ModDiscoverer/SCAN]: Found mod file "ftb-essentials-neoforge-2101.1.8.jar" [locator: {mods folder locator at D:\ServerFiles-5.1\mods}, reader: mod manifest]
[25nov2025 22:14:42.238] [main/DEBUG] [net.neoforged.fml.loading.moddiscovery.readers.JarModsDotTomlModFileReader/SCAN]: Found META-INF/neoforge.mods.toml mod of type null: D:\ServerFiles-5.1\mods\ftb-filter-system-neoforge-21.1.3.jar
[25nov2025 22:14:42.238] [main/DEBUG] [net.neoforged.fml.loading.moddiscovery.ModFileParser/LOADING]: Considering mod file candidate D:\ServerFiles-5.1\mods\ftb-filter-system-neoforge-21.1.3.jar
[25nov2025 22:14:42.239] [main/DEBUG] [net.neoforged.fml.loading.moddiscovery.ModFileInfo/LOADING]: Found valid mod file ftb-filter-system-neoforge-21.1.3.jar with {ftbfiltersystem} mods - versions {21.1.3}
[25nov2025 22:14:42.239] [main/INFO] [net.neoforged.fml.loading.moddiscovery.ModDiscoverer/SCAN]: Found mod file "ftb-filter-system-neoforge-21.1.3.jar" [locator: {mods folder locator at D:\ServerFiles-5.1\mods}, reader: mod manifest]
[25nov2025 22:14:42.241] [main/DEBUG] [net.neoforged.fml.loading.moddiscovery.readers.JarModsDotTomlModFileReader/SCAN]: Found META-INF/neoforge.mods.toml mod of type null: D:\ServerFiles-5.1\mods\ftb-jei-extras-21.1.7.jar
[25nov2025 22:14:42.241] [main/DEBUG] [net.neoforged.fml.loading.moddiscovery.ModFileParser/LOADING]: Considering mod file candidate D:\ServerFiles-5.1\mods\ftb-jei-extras-21.1.7.jar
[25nov2025 22:14:42.242] [main/DEBUG] [net.neoforged.fml.loading.moddiscovery.ModFileInfo/LOADING]: Found valid mod file ftb-jei-extras-21.1.7.jar with {ftbjeiextras} mods - versions {21.1.7}
[25nov2025 22:14:42.242] [main/INFO] [net.neoforged.fml.loading.moddiscovery.ModDiscoverer/SCAN]: Found mod file "ftb-jei-extras-21.1.7.jar" [locator: {mods folder locator at D:\ServerFiles-5.1\mods}, reader: mod manifest]
[25nov2025 22:14:42.243] [main/DEBUG] [net.neoforged.fml.loading.moddiscovery.readers.JarModsDotTomlModFileReader/SCAN]: Found META-INF/neoforge.mods.toml mod of type null: D:\ServerFiles-5.1\mods\ftb-library-neoforge-2101.1.26.jar
[25nov2025 22:14:42.243] [main/DEBUG] [net.neoforged.fml.loading.moddiscovery.ModFileParser/LOADING]: Considering mod file candidate D:\ServerFiles-5.1\mods\ftb-library-neoforge-2101.1.26.jar
[25nov2025 22:14:42.244] [main/DEBUG] [net.neoforged.fml.loading.moddiscovery.ModFileInfo/LOADING]: Found valid mod file ftb-library-neoforge-2101.1.26.jar with {ftblibrary} mods - versions {2101.1.26}
[25nov2025 22:14:42.244] [main/INFO] [net.neoforged.fml.loading.moddiscovery.ModDiscoverer/SCAN]: Found mod file "ftb-library-neoforge-2101.1.26.jar" [locator: {mods folder locator at D:\ServerFiles-5.1\mods}, reader: mod manifest]
[25nov2025 22:14:42.245] [main/DEBUG] [net.neoforged.fml.loading.moddiscovery.readers.JarModsDotTomlModFileReader/SCAN]: Found META-INF/neoforge.mods.toml mod of type null: D:\ServerFiles-5.1\mods\ftb-quests-neoforge-2101.1.18.jar
[25nov2025 22:14:42.245] [main/DEBUG] [net.neoforged.fml.loading.moddiscovery.ModFileParser/LOADING]: Considering mod file candidate D:\ServerFiles-5.1\mods\ftb-quests-neoforge-2101.1.18.jar
[25nov2025 22:14:42.246] [main/DEBUG] [net.neoforged.fml.loading.moddiscovery.ModFileInfo/LOADING]: Found valid mod file ftb-quests-neoforge-2101.1.18.jar with {ftbquests} mods - versions {2101.1.18}
[25nov2025 22:14:42.246] [main/INFO] [net.neoforged.fml.loading.moddiscovery.ModDiscoverer/SCAN]: Found mod file "ftb-quests-neoforge-2101.1.18.jar" [locator: {mods folder locator at D:\ServerFiles-5.1\mods}, reader: mod manifest]
[25nov2025 22:14:42.247] [main/DEBUG] [net.neoforged.fml.loading.moddiscovery.readers.JarModsDotTomlModFileReader/SCAN]: Found META-INF/neoforge.mods.toml mod of type null: D:\ServerFiles-5.1\mods\ftb-ranks-neoforge-2101.1.3.jar
[25nov2025 22:14:42.247] [main/DEBUG] [net.neoforged.fml.loading.moddiscovery.ModFileParser/LOADING]: Considering mod file candidate D:\ServerFiles-5.1\mods\ftb-ranks-neoforge-2101.1.3.jar
[25nov2025 22:14:42.248] [main/DEBUG] [net.neoforged.fml.loading.moddiscovery.ModFileInfo/LOADING]: Found valid mod file ftb-ranks-neoforge-2101.1.3.jar with {ftbranks} mods - versions {2101.1.3}
[25nov2025 22:14:42.248] [main/INFO] [net.neoforged.fml.loading.moddiscovery.ModDiscoverer/SCAN]: Found mod file "ftb-ranks-neoforge-2101.1.3.jar" [locator: {mods folder locator at D:\ServerFiles-5.1\mods}, reader: mod manifest]
[25nov2025 22:14:42.249] [main/DEBUG] [net.neoforged.fml.loading.moddiscovery.readers.JarModsDotTomlModFileReader/SCAN]: Found META-INF/neoforge.mods.toml mod of type null: D:\ServerFiles-5.1\mods\ftb-teams-neoforge-2101.1.7.jar
[25nov2025 22:14:42.249] [main/DEBUG] [net.neoforged.fml.loading.moddiscovery.ModFileParser/LOADING]: Considering mod file candidate D:\ServerFiles-5.1\mods\ftb-teams-neoforge-2101.1.7.jar
[25nov2025 22:14:42.250] [main/DEBUG] [net.neoforged.fml.loading.moddiscovery.ModFileInfo/LOADING]: Found valid mod file ftb-teams-neoforge-2101.1.7.jar with {ftbteams} mods - versions {2101.1.7}
[25nov2025 22:14:42.250] [main/INFO] [net.neoforged.fml.loading.moddiscovery.ModDiscoverer/SCAN]: Found mod file "ftb-teams-neoforge-2101.1.7.jar" [locator: {mods folder locator at D:\ServerFiles-5.1\mods}, reader: mod manifest]
[25nov2025 22:14:42.251] [main/DEBUG] [net.neoforged.fml.loading.moddiscovery.readers.JarModsDotTomlModFileReader/SCAN]: Found META-INF/neoforge.mods.toml mod of type null: D:\ServerFiles-5.1\mods\ftb-ultimine-neoforge-2101.1.12.jar
[25nov2025 22:14:42.252] [main/DEBUG] [net.neoforged.fml.loading.moddiscovery.ModFileParser/LOADING]: Considering mod file candidate D:\ServerFiles-5.1\mods\ftb-ultimine-neoforge-2101.1.12.jar
[25nov2025 22:14:42.252] [main/DEBUG] [net.neoforged.fml.loading.moddiscovery.ModFileInfo/LOADING]: Found valid mod file ftb-ultimine-neoforge-2101.1.12.jar with {ftbultimine} mods - versions {2101.1.12}
[25nov2025 22:14:42.252] [main/INFO] [net.neoforged.fml.loading.moddiscovery.ModDiscoverer/SCAN]: Found mod file "ftb-ultimine-neoforge-2101.1.12.jar" [locator: {mods folder locator at D:\ServerFiles-5.1\mods}, reader: mod manifest]
[25nov2025 22:14:42.254] [main/DEBUG] [net.neoforged.fml.loading.moddiscovery.readers.JarModsDotTomlModFileReader/SCAN]: Found META-INF/neoforge.mods.toml mod of type null: D:\ServerFiles-5.1\mods\ftb-xmod-compat-neoforge-21.1.6.jar
[25nov2025 22:14:42.254] [main/DEBUG] [net.neoforged.fml.loading.moddiscovery.ModFileParser/LOADING]: Considering mod file candidate D:\ServerFiles-5.1\mods\ftb-xmod-compat-neoforge-21.1.6.jar
[25nov2025 22:14:42.254] [main/DEBUG] [net.neoforged.fml.loading.moddiscovery.ModFileInfo/LOADING]: Found valid mod file ftb-xmod-compat-neoforge-21.1.6.jar with {ftbxmodcompat} mods - versions {21.1.6}
[25nov2025 22:14:42.254] [main/INFO] [net.neoforged.fml.loading.moddiscovery.ModDiscoverer/SCAN]: Found mod file "ftb-xmod-compat-neoforge-21.1.6.jar" [locator: {mods folder locator at D:\ServerFiles-5.1\mods}, reader: mod manifest]
[25nov2025 22:14:42.256] [main/DEBUG] [net.neoforged.fml.loading.moddiscovery.readers.JarModsDotTomlModFileReader/SCAN]: Found META-INF/neoforge.mods.toml mod of type null: D:\ServerFiles-5.1\mods\ftbquestslangsplitter-1.0.5.jar
[25nov2025 22:14:42.256] [main/DEBUG] [net.neoforged.fml.loading.moddiscovery.ModFileParser/LOADING]: Considering mod file candidate D:\ServerFiles-5.1\mods\ftbquestslangsplitter-1.0.5.jar
[25nov2025 22:14:42.256] [main/DEBUG] [net.neoforged.fml.loading.moddiscovery.ModFileInfo/LOADING]: Found valid mod file ftbquestslangsplitter-1.0.5.jar with {ftbquestslangsplitter} mods - versions {1.0.5}
[25nov2025 22:14:42.256] [main/INFO] [net.neoforged.fml.loading.moddiscovery.ModDiscoverer/SCAN]: Found mod file "ftbquestslangsplitter-1.0.5.jar" [locator: {mods folder locator at D:\ServerFiles-5.1\mods}, reader: mod manifest]
[25nov2025 22:14:42.258] [main/DEBUG] [net.neoforged.fml.loading.moddiscovery.readers.JarModsDotTomlModFileReader/SCAN]: Found META-INF/neoforge.mods.toml mod of type null: D:\ServerFiles-5.1\mods\fuelgoeshere-1.21.1-1.2.0.jar
[25nov2025 22:14:42.258] [main/DEBUG] [net.neoforged.fml.loading.moddiscovery.ModFileParser/LOADING]: Considering mod file candidate D:\ServerFiles-5.1\mods\fuelgoeshere-1.21.1-1.2.0.jar
[25nov2025 22:14:42.259] [main/DEBUG] [net.neoforged.fml.loading.moddiscovery.ModFileInfo/LOADING]: Found valid mod file fuelgoeshere-1.21.1-1.2.0.jar with {fuelgoeshere} mods - versions {1.21.1-1.2.0}
[25nov2025 22:14:42.259] [main/INFO] [net.neoforged.fml.loading.moddiscovery.ModDiscoverer/SCAN]: Found mod file "fuelgoeshere-1.21.1-1.2.0.jar" [locator: {mods folder locator at D:\ServerFiles-5.1\mods}, reader: mod manifest]
[25nov2025 22:14:42.260] [main/DEBUG] [net.neoforged.fml.loading.moddiscovery.readers.JarModsDotTomlModFileReader/SCAN]: Found META-INF/neoforge.mods.toml mod of type null: D:\ServerFiles-5.1\mods\functionalstorage-1.21.1-1.5.5.jar
[25nov2025 22:14:42.260] [main/DEBUG] [net.neoforged.fml.loading.moddiscovery.ModFileParser/LOADING]: Considering mod file candidate D:\ServerFiles-5.1\mods\functionalstorage-1.21.1-1.5.5.jar
[25nov2025 22:14:42.261] [main/DEBUG] [net.neoforged.fml.loading.moddiscovery.ModFileInfo/LOADING]: Found valid mod file functionalstorage-1.21.1-1.5.5.jar with {functionalstorage} mods - versions {1.21.1-1.5.5}
[25nov2025 22:14:42.261] [main/INFO] [net.neoforged.fml.loading.moddiscovery.ModDiscoverer/SCAN]: Found mod file "functionalstorage-1.21.1-1.5.5.jar" [locator: {mods folder locator at D:\ServerFiles-5.1\mods}, reader: mod manifest]
[25nov2025 22:14:42.262] [main/DEBUG] [net.neoforged.fml.loading.moddiscovery.readers.JarModsDotTomlModFileReader/SCAN]: Found META-INF/neoforge.mods.toml mod of type null: D:\ServerFiles-5.1\mods\fusion-1.2.11b-neoforge-mc1.21.jar
[25nov2025 22:14:42.262] [main/DEBUG] [net.neoforged.fml.loading.moddiscovery.ModFileParser/LOADING]: Considering mod file candidate D:\ServerFiles-5.1\mods\fusion-1.2.11b-neoforge-mc1.21.jar
[25nov2025 22:14:42.263] [main/DEBUG] [net.neoforged.fml.loading.moddiscovery.ModFileInfo/LOADING]: Found valid mod file fusion-1.2.11b-neoforge-mc1.21.jar with {fusion} mods - versions {1.2.11+b}
[25nov2025 22:14:42.263] [main/INFO] [net.neoforged.fml.loading.moddiscovery.ModDiscoverer/SCAN]: Found mod file "fusion-1.2.11b-neoforge-mc1.21.jar" [locator: {mods folder locator at D:\ServerFiles-5.1\mods}, reader: mod manifest]
[25nov2025 22:14:42.265] [main/DEBUG] [net.neoforged.fml.loading.moddiscovery.readers.JarModsDotTomlModFileReader/SCAN]: Found META-INF/neoforge.mods.toml mod of type null: D:\ServerFiles-5.1\mods\fzzy_config-0.7.3+1.21+neoforge.jar
[25nov2025 22:14:42.265] [main/DEBUG] [net.neoforged.fml.loading.moddiscovery.ModFileParser/LOADING]: Considering mod file candidate D:\ServerFiles-5.1\mods\fzzy_config-0.7.3+1.21+neoforge.jar
[25nov2025 22:14:42.266] [main/DEBUG] [net.neoforged.fml.loading.moddiscovery.ModFileInfo/LOADING]: Found valid mod file fzzy_config-0.7.3+1.21+neoforge.jar with {fzzy_config} mods - versions {0.7.3+1.21+neoforge}
[25nov2025 22:14:42.266] [main/INFO] [net.neoforged.fml.loading.moddiscovery.ModDiscoverer/SCAN]: Found mod file "fzzy_config-0.7.3+1.21+neoforge.jar" [locator: {mods folder locator at D:\ServerFiles-5.1\mods}, reader: mod manifest]
[25nov2025 22:14:42.267] [main/DEBUG] [net.neoforged.fml.loading.moddiscovery.readers.JarModsDotTomlModFileReader/SCAN]: Found META-INF/neoforge.mods.toml mod of type null: D:\ServerFiles-5.1\mods\GatewaysToEternity-1.21.1-5.1.0.jar
[25nov2025 22:14:42.267] [main/DEBUG] [net.neoforged.fml.loading.moddiscovery.ModFileParser/LOADING]: Considering mod file candidate D:\ServerFiles-5.1\mods\GatewaysToEternity-1.21.1-5.1.0.jar
[25nov2025 22:14:42.268] [main/DEBUG] [net.neoforged.fml.loading.moddiscovery.ModFileInfo/LOADING]: Found valid mod file GatewaysToEternity-1.21.1-5.1.0.jar with {gateways} mods - versions {5.1.0}
[25nov2025 22:14:42.268] [main/INFO] [net.neoforged.fml.loading.moddiscovery.ModDiscoverer/SCAN]: Found mod file "GatewaysToEternity-1.21.1-5.1.0.jar" [locator: {mods folder locator at D:\ServerFiles-5.1\mods}, reader: mod manifest]
[25nov2025 22:14:42.269] [main/DEBUG] [net.neoforged.fml.loading.moddiscovery.readers.JarModsDotTomlModFileReader/SCAN]: Found META-INF/neoforge.mods.toml mod of type null: D:\ServerFiles-5.1\mods\geckolib-neoforge-1.21.1-4.8.2.jar
[25nov2025 22:14:42.269] [main/DEBUG] [net.neoforged.fml.loading.moddiscovery.ModFileParser/LOADING]: Considering mod file candidate D:\ServerFiles-5.1\mods\geckolib-neoforge-1.21.1-4.8.2.jar
[25nov2025 22:14:42.270] [main/DEBUG] [net.neoforged.fml.loading.moddiscovery.ModFileInfo/LOADING]: Found valid mod file geckolib-neoforge-1.21.1-4.8.2.jar with {geckolib} mods - versions {4.8.2}
[25nov2025 22:14:42.270] [main/INFO] [net.neoforged.fml.loading.moddiscovery.ModDiscoverer/SCAN]: Found mod file "geckolib-neoforge-1.21.1-4.8.2.jar" [locator: {mods folder locator at D:\ServerFiles-5.1\mods}, reader: mod manifest]
[25nov2025 22:14:42.272] [main/DEBUG] [net.neoforged.fml.loading.moddiscovery.readers.JarModsDotTomlModFileReader/SCAN]: Found META-INF/neoforge.mods.toml mod of type null: D:\ServerFiles-5.1\mods\generatorgalore-1.21.1-1.6.3.jar
[25nov2025 22:14:42.272] [main/DEBUG] [net.neoforged.fml.loading.moddiscovery.ModFileParser/LOADING]: Considering mod file candidate D:\ServerFiles-5.1\mods\generatorgalore-1.21.1-1.6.3.jar
[25nov2025 22:14:42.272] [main/DEBUG] [net.neoforged.fml.loading.moddiscovery.ModFileInfo/LOADING]: Found valid mod file generatorgalore-1.21.1-1.6.3.jar with {generatorgalore} mods - versions {1.21.1-1.6.3}
[25nov2025 22:14:42.272] [main/INFO] [net.neoforged.fml.loading.moddiscovery.ModDiscoverer/SCAN]: Found mod file "generatorgalore-1.21.1-1.6.3.jar" [locator: {mods folder locator at D:\ServerFiles-5.1\mods}, reader: mod manifest]
[25nov2025 22:14:42.274] [main/DEBUG] [net.neoforged.fml.loading.moddiscovery.readers.JarModsDotTomlModFileReader/SCAN]: Found META-INF/neoforge.mods.toml mod of type null: D:\ServerFiles-5.1\mods\getittogetherdrops-neoforge-1.21.5-1.4.jar
[25nov2025 22:14:42.274] [main/DEBUG] [net.neoforged.fml.loading.moddiscovery.ModFileParser/LOADING]: Considering mod file candidate D:\ServerFiles-5.1\mods\getittogetherdrops-neoforge-1.21.5-1.4.jar
[25nov2025 22:14:42.275] [main/DEBUG] [net.neoforged.fml.loading.moddiscovery.ModFileInfo/LOADING]: Found valid mod file getittogetherdrops-neoforge-1.21.5-1.4.jar with {getittogetherdrops} mods - versions {1.4}
[25nov2025 22:14:42.275] [main/INFO] [net.neoforged.fml.loading.moddiscovery.ModDiscoverer/SCAN]: Found mod file "getittogetherdrops-neoforge-1.21.5-1.4.jar" [locator: {mods folder locator at D:\ServerFiles-5.1\mods}, reader: mod manifest]
[25nov2025 22:14:42.277] [main/DEBUG] [net.neoforged.fml.loading.moddiscovery.readers.JarModsDotTomlModFileReader/SCAN]: Found META-INF/neoforge.mods.toml mod of type null: D:\ServerFiles-5.1\mods\Glassential-renewed-1.21.1-3.3.2.jar
[25nov2025 22:14:42.277] [main/DEBUG] [net.neoforged.fml.loading.moddiscovery.ModFileParser/LOADING]: Considering mod file candidate D:\ServerFiles-5.1\mods\Glassential-renewed-1.21.1-3.3.2.jar
[25nov2025 22:14:42.278] [main/DEBUG] [net.neoforged.fml.loading.moddiscovery.ModFileInfo/LOADING]: Found valid mod file Glassential-renewed-1.21.1-3.3.2.jar with {glassential} mods - versions {3.3.2}
[25nov2025 22:14:42.278] [main/INFO] [net.neoforged.fml.loading.moddiscovery.ModDiscoverer/SCAN]: Found mod file "Glassential-renewed-1.21.1-3.3.2.jar" [locator: {mods folder locator at D:\ServerFiles-5.1\mods}, reader: mod manifest]
[25nov2025 22:14:42.279] [main/DEBUG] [net.neoforged.fml.loading.moddiscovery.readers.JarModsDotTomlModFileReader/SCAN]: Found META-INF/neoforge.mods.toml mod of type null: D:\ServerFiles-5.1\mods\Glodium-1.21-2.2-neoforge.jar
[25nov2025 22:14:42.280] [main/DEBUG] [net.neoforged.fml.loading.moddiscovery.ModFileParser/LOADING]: Considering mod file candidate D:\ServerFiles-5.1\mods\Glodium-1.21-2.2-neoforge.jar
[25nov2025 22:14:42.280] [main/DEBUG] [net.neoforged.fml.loading.moddiscovery.ModFileInfo/LOADING]: Found valid mod file Glodium-1.21-2.2-neoforge.jar with {glodium} mods - versions {1.21-2.2-neoforge}
[25nov2025 22:14:42.280] [main/INFO] [net.neoforged.fml.loading.moddiscovery.ModDiscoverer/SCAN]: Found mod file "Glodium-1.21-2.2-neoforge.jar" [locator: {mods folder locator at D:\ServerFiles-5.1\mods}, reader: mod manifest]
[25nov2025 22:14:42.282] [main/DEBUG] [net.neoforged.fml.loading.moddiscovery.readers.JarModsDotTomlModFileReader/SCAN]: Found META-INF/neoforge.mods.toml mod of type null: D:\ServerFiles-5.1\mods\GravitationalModulatingAdditionalUnit-1.21.1-6.4.jar
[25nov2025 22:14:42.282] [main/DEBUG] [net.neoforged.fml.loading.moddiscovery.ModFileParser/LOADING]: Considering mod file candidate D:\ServerFiles-5.1\mods\GravitationalModulatingAdditionalUnit-1.21.1-6.4.jar
[25nov2025 22:14:42.282] [main/DEBUG] [net.neoforged.fml.loading.moddiscovery.ModFileInfo/LOADING]: Found valid mod file GravitationalModulatingAdditionalUnit-1.21.1-6.4.jar with {gmut} mods - versions {6.4}
[25nov2025 22:14:42.282] [main/INFO] [net.neoforged.fml.loading.moddiscovery.ModDiscoverer/SCAN]: Found mod file "GravitationalModulatingAdditionalUnit-1.21.1-6.4.jar" [locator: {mods folder locator at D:\ServerFiles-5.1\mods}, reader: mod manifest]
[25nov2025 22:14:42.285] [main/DEBUG] [net.neoforged.fml.loading.moddiscovery.readers.JarModsDotTomlModFileReader/SCAN]: Found META-INF/neoforge.mods.toml mod of type null: D:\ServerFiles-5.1\mods\guideme-21.1.15.jar
[25nov2025 22:14:42.285] [main/DEBUG] [net.neoforged.fml.loading.moddiscovery.ModFileParser/LOADING]: Considering mod file candidate D:\ServerFiles-5.1\mods\guideme-21.1.15.jar
[25nov2025 22:14:42.286] [main/DEBUG] [net.neoforged.fml.loading.moddiscovery.ModFileInfo/LOADING]: Found valid mod file guideme-21.1.15.jar with {guideme} mods - versions {21.1.15}
[25nov2025 22:14:42.286] [main/INFO] [net.neoforged.fml.loading.moddiscovery.ModDiscoverer/SCAN]: Found mod file "guideme-21.1.15.jar" [locator: {mods folder locator at D:\ServerFiles-5.1\mods}, reader: mod manifest]
[25nov2025 22:14:42.292] [main/DEBUG] [net.neoforged.fml.loading.moddiscovery.readers.JarModsDotTomlModFileReader/SCAN]: Found META-INF/neoforge.mods.toml mod of type null: D:\ServerFiles-5.1\mods\handcrafted-neoforge-1.21.1-4.0.3.jar
[25nov2025 22:14:42.292] [main/DEBUG] [net.neoforged.fml.loading.moddiscovery.ModFileParser/LOADING]: Considering mod file candidate D:\ServerFiles-5.1\mods\handcrafted-neoforge-1.21.1-4.0.3.jar
[25nov2025 22:14:42.292] [main/DEBUG] [net.neoforged.fml.loading.moddiscovery.ModFileInfo/LOADING]: Found valid mod file handcrafted-neoforge-1.21.1-4.0.3.jar with {handcrafted} mods - versions {4.0.3}
[25nov2025 22:14:42.292] [main/INFO] [net.neoforged.fml.loading.moddiscovery.ModDiscoverer/SCAN]: Found mod file "handcrafted-neoforge-1.21.1-4.0.3.jar" [locator: {mods folder locator at D:\ServerFiles-5.1\mods}, reader: mod manifest]
[25nov2025 22:14:42.294] [main/DEBUG] [net.neoforged.fml.loading.moddiscovery.readers.JarModsDotTomlModFileReader/SCAN]: Found META-INF/neoforge.mods.toml mod of type null: D:\ServerFiles-5.1\mods\hardenedarmadillos-1.21.1-0.2.0.jar
[25nov2025 22:14:42.294] [main/DEBUG] [net.neoforged.fml.loading.moddiscovery.ModFileParser/LOADING]: Considering mod file candidate D:\ServerFiles-5.1\mods\hardenedarmadillos-1.21.1-0.2.0.jar
[25nov2025 22:14:42.294] [main/DEBUG] [net.neoforged.fml.loading.moddiscovery.ModFileInfo/LOADING]: Found valid mod file hardenedarmadillos-1.21.1-0.2.0.jar with {hardenedarmadillos} mods - versions {1.21.1-0.2.0}
[25nov2025 22:14:42.294] [main/INFO] [net.neoforged.fml.loading.moddiscovery.ModDiscoverer/SCAN]: Found mod file "hardenedarmadillos-1.21.1-0.2.0.jar" [locator: {mods folder locator at D:\ServerFiles-5.1\mods}, reader: mod manifest]
[25nov2025 22:14:42.297] [main/DEBUG] [net.neoforged.fml.loading.moddiscovery.readers.JarModsDotTomlModFileReader/SCAN]: Found META-INF/neoforge.mods.toml mod of type null: D:\ServerFiles-5.1\mods\herbsandharvest-1.21.1-2.jar
[25nov2025 22:14:42.297] [main/DEBUG] [net.neoforged.fml.loading.moddiscovery.ModFileParser/LOADING]: Considering mod file candidate D:\ServerFiles-5.1\mods\herbsandharvest-1.21.1-2.jar
[25nov2025 22:14:42.297] [main/DEBUG] [net.neoforged.fml.loading.moddiscovery.ModFileInfo/LOADING]: Found valid mod file herbsandharvest-1.21.1-2.jar with {herbsandharvest} mods - versions {1.0.0}
[25nov2025 22:14:42.298] [main/INFO] [net.neoforged.fml.loading.moddiscovery.ModDiscoverer/SCAN]: Found mod file "herbsandharvest-1.21.1-2.jar" [locator: {mods folder locator at D:\ServerFiles-5.1\mods}, reader: mod manifest]
[25nov2025 22:14:42.299] [main/DEBUG] [net.neoforged.fml.loading.moddiscovery.readers.JarModsDotTomlModFileReader/SCAN]: Found META-INF/neoforge.mods.toml mod of type null: D:\ServerFiles-5.1\mods\heyberryshutup-1.21.0-2.0.4.jar
[25nov2025 22:14:42.299] [main/DEBUG] [net.neoforged.fml.loading.moddiscovery.ModFileParser/LOADING]: Considering mod file candidate D:\ServerFiles-5.1\mods\heyberryshutup-1.21.0-2.0.4.jar
[25nov2025 22:14:42.300] [main/DEBUG] [net.neoforged.fml.loading.moddiscovery.ModFileInfo/LOADING]: Found valid mod file heyberryshutup-1.21.0-2.0.4.jar with {heyberryshutup} mods - versions {1.21.0-2.0.4}
[25nov2025 22:14:42.300] [main/INFO] [net.neoforged.fml.loading.moddiscovery.ModDiscoverer/SCAN]: Found mod file "heyberryshutup-1.21.0-2.0.4.jar" [locator: {mods folder locator at D:\ServerFiles-5.1\mods}, reader: mod manifest]
[25nov2025 22:14:42.302] [main/DEBUG] [net.neoforged.fml.loading.moddiscovery.readers.JarModsDotTomlModFileReader/SCAN]: Found META-INF/neoforge.mods.toml mod of type null: D:\ServerFiles-5.1\mods\HostileNeuralNetworks-1.21.1-6.3.0.jar
[25nov2025 22:14:42.302] [main/DEBUG] [net.neoforged.fml.loading.moddiscovery.ModFileParser/LOADING]: Considering mod file candidate D:\ServerFiles-5.1\mods\HostileNeuralNetworks-1.21.1-6.3.0.jar
[25nov2025 22:14:42.302] [main/DEBUG] [net.neoforged.fml.loading.moddiscovery.ModFileInfo/LOADING]: Found valid mod file HostileNeuralNetworks-1.21.1-6.3.0.jar with {hostilenetworks} mods - versions {6.3.0}
[25nov2025 22:14:42.302] [main/INFO] [net.neoforged.fml.loading.moddiscovery.ModDiscoverer/SCAN]: Found mod file "HostileNeuralNetworks-1.21.1-6.3.0.jar" [locator: {mods folder locator at D:\ServerFiles-5.1\mods}, reader: mod manifest]
[25nov2025 22:14:42.304] [main/DEBUG] [net.neoforged.fml.loading.moddiscovery.readers.JarModsDotTomlModFileReader/SCAN]: Found META-INF/neoforge.mods.toml mod of type null: D:\ServerFiles-5.1\mods\hyperbox-1.21-6.0.0.1.jar
[25nov2025 22:14:42.304] [main/DEBUG] [net.neoforged.fml.loading.moddiscovery.ModFileParser/LOADING]: Considering mod file candidate D:\ServerFiles-5.1\mods\hyperbox-1.21-6.0.0.1.jar
[25nov2025 22:14:42.305] [main/DEBUG] [net.neoforged.fml.loading.moddiscovery.ModFileInfo/LOADING]: Found valid mod file hyperbox-1.21-6.0.0.1.jar with {hyperbox} mods - versions {6.0.0.1}
[25nov2025 22:14:42.305] [main/INFO] [net.neoforged.fml.loading.moddiscovery.ModDiscoverer/SCAN]: Found mod file "hyperbox-1.21-6.0.0.1.jar" [locator: {mods folder locator at D:\ServerFiles-5.1\mods}, reader: mod manifest]
[25nov2025 22:14:42.308] [main/DEBUG] [net.neoforged.fml.loading.moddiscovery.readers.JarModsDotTomlModFileReader/SCAN]: Found META-INF/neoforge.mods.toml mod of type null: D:\ServerFiles-5.1\mods\IceAndFireCE-1.1-1.21.1-neoforge.jar
[25nov2025 22:14:42.308] [main/DEBUG] [net.neoforged.fml.loading.moddiscovery.ModFileParser/LOADING]: Considering mod file candidate D:\ServerFiles-5.1\mods\IceAndFireCE-1.1-1.21.1-neoforge.jar
[25nov2025 22:14:42.309] [main/DEBUG] [net.neoforged.fml.loading.moddiscovery.ModFileInfo/LOADING]: Found valid mod file IceAndFireCE-1.1-1.21.1-neoforge.jar with {iceandfire} mods - versions {1.1}
[25nov2025 22:14:42.309] [main/INFO] [net.neoforged.fml.loading.moddiscovery.ModDiscoverer/SCAN]: Found mod file "IceAndFireCE-1.1-1.21.1-neoforge.jar" [locator: {mods folder locator at D:\ServerFiles-5.1\mods}, reader: mod manifest]
[25nov2025 22:14:42.311] [main/DEBUG] [net.neoforged.fml.loading.moddiscovery.readers.JarModsDotTomlModFileReader/SCAN]: Found META-INF/neoforge.mods.toml mod of type null: D:\ServerFiles-5.1\mods\illagerwarship-1.0.1-neoforge-1.21.1.jar
[25nov2025 22:14:42.311] [main/DEBUG] [net.neoforged.fml.loading.moddiscovery.ModFileParser/LOADING]: Considering mod file candidate D:\ServerFiles-5.1\mods\illagerwarship-1.0.1-neoforge-1.21.1.jar
[25nov2025 22:14:42.312] [main/DEBUG] [net.neoforged.fml.loading.moddiscovery.ModFileInfo/LOADING]: Found valid mod file illagerwarship-1.0.1-neoforge-1.21.1.jar with {illagerwarship} mods - versions {1.0.1}
[25nov2025 22:14:42.312] [main/INFO] [net.neoforged.fml.loading.moddiscovery.ModDiscoverer/SCAN]: Found mod file "illagerwarship-1.0.1-neoforge-1.21.1.jar" [locator: {mods folder locator at D:\ServerFiles-5.1\mods}, reader: mod manifest]
[25nov2025 22:14:42.314] [main/DEBUG] [net.neoforged.fml.loading.moddiscovery.readers.JarModsDotTomlModFileReader/SCAN]: Found META-INF/neoforge.mods.toml mod of type null: D:\ServerFiles-5.1\mods\imfast-NEOFORGE-1.0.2.jar
[25nov2025 22:14:42.314] [main/DEBUG] [net.neoforged.fml.loading.moddiscovery.ModFileParser/LOADING]: Considering mod file candidate D:\ServerFiles-5.1\mods\imfast-NEOFORGE-1.0.2.jar
[25nov2025 22:14:42.315] [main/DEBUG] [net.neoforged.fml.loading.moddiscovery.ModFileInfo/LOADING]: Found valid mod file imfast-NEOFORGE-1.0.2.jar with {imfast} mods - versions {1.0.2}
[25nov2025 22:14:42.315] [main/INFO] [net.neoforged.fml.loading.moddiscovery.ModDiscoverer/SCAN]: Found mod file "imfast-NEOFORGE-1.0.2.jar" [locator: {mods folder locator at D:\ServerFiles-5.1\mods}, reader: mod manifest]
[25nov2025 22:14:42.317] [main/DEBUG] [net.neoforged.fml.loading.moddiscovery.readers.JarModsDotTomlModFileReader/SCAN]: Found META-INF/neoforge.mods.toml mod of type null: D:\ServerFiles-5.1\mods\ImmediatelyFast-NeoForge-1.6.7+1.21.1.jar
[25nov2025 22:14:42.317] [main/DEBUG] [net.neoforged.fml.loading.moddiscovery.ModFileParser/LOADING]: Considering mod file candidate D:\ServerFiles-5.1\mods\ImmediatelyFast-NeoForge-1.6.7+1.21.1.jar
[25nov2025 22:14:42.318] [main/DEBUG] [net.neoforged.fml.loading.moddiscovery.ModFileInfo/LOADING]: Found valid mod file ImmediatelyFast-NeoForge-1.6.7+1.21.1.jar with {immediatelyfast} mods - versions {1.6.7+1.21.1}
[25nov2025 22:14:42.318] [main/INFO] [net.neoforged.fml.loading.moddiscovery.ModDiscoverer/SCAN]: Found mod file "ImmediatelyFast-NeoForge-1.6.7+1.21.1.jar" [locator: {mods folder locator at D:\ServerFiles-5.1\mods}, reader: mod manifest]
[25nov2025 22:14:42.319] [main/DEBUG] [net.neoforged.fml.loading.moddiscovery.readers.JarModsDotTomlModFileReader/SCAN]: Found META-INF/neoforge.mods.toml mod of type null: D:\ServerFiles-5.1\mods\Immersive-Energistics-1.1.0-beta.jar
[25nov2025 22:14:42.319] [main/DEBUG] [net.neoforged.fml.loading.moddiscovery.ModFileParser/LOADING]: Considering mod file candidate D:\ServerFiles-5.1\mods\Immersive-Energistics-1.1.0-beta.jar
[25nov2025 22:14:42.320] [main/DEBUG] [net.neoforged.fml.loading.moddiscovery.ModFileInfo/LOADING]: Found valid mod file Immersive-Energistics-1.1.0-beta.jar with {immeng} mods - versions {1.1.0-beta}
[25nov2025 22:14:42.320] [main/INFO] [net.neoforged.fml.loading.moddiscovery.ModDiscoverer/SCAN]: Found mod file "Immersive-Energistics-1.1.0-beta.jar" [locator: {mods folder locator at D:\ServerFiles-5.1\mods}, reader: mod manifest]
[25nov2025 22:14:42.324] [main/DEBUG] [net.neoforged.fml.loading.moddiscovery.readers.JarModsDotTomlModFileReader/SCAN]: Found META-INF/neoforge.mods.toml mod of type null: D:\ServerFiles-5.1\mods\ImmersiveEngineering-1.21.1-12.4.2-194.jar
[25nov2025 22:14:42.325] [main/DEBUG] [net.neoforged.fml.loading.moddiscovery.ModFileParser/LOADING]: Considering mod file candidate D:\ServerFiles-5.1\mods\ImmersiveEngineering-1.21.1-12.4.2-194.jar
[25nov2025 22:14:42.325] [main/DEBUG] [net.neoforged.fml.loading.moddiscovery.ModFileInfo/LOADING]: Found valid mod file ImmersiveEngineering-1.21.1-12.4.2-194.jar with {immersiveengineering} mods - versions {12.4.2-194}
[25nov2025 22:14:42.325] [main/INFO] [net.neoforged.fml.loading.moddiscovery.ModDiscoverer/SCAN]: Found mod file "ImmersiveEngineering-1.21.1-12.4.2-194.jar" [locator: {mods folder locator at D:\ServerFiles-5.1\mods}, reader: mod manifest]
[25nov2025 22:14:42.327] [main/DEBUG] [net.neoforged.fml.loading.moddiscovery.readers.JarModsDotTomlModFileReader/SCAN]: Found META-INF/neoforge.mods.toml mod of type null: D:\ServerFiles-5.1\mods\incontrol-1.21-10.1.4.jar
[25nov2025 22:14:42.327] [main/DEBUG] [net.neoforged.fml.loading.moddiscovery.ModFileParser/LOADING]: Considering mod file candidate D:\ServerFiles-5.1\mods\incontrol-1.21-10.1.4.jar
[25nov2025 22:14:42.327] [main/DEBUG] [net.neoforged.fml.loading.moddiscovery.ModFileInfo/LOADING]: Found valid mod file incontrol-1.21-10.1.4.jar with {incontrol} mods - versions {1.21-10.1.4}
[25nov2025 22:14:42.327] [main/INFO] [net.neoforged.fml.loading.moddiscovery.ModDiscoverer/SCAN]: Found mod file "incontrol-1.21-10.1.4.jar" [locator: {mods folder locator at D:\ServerFiles-5.1\mods}, reader: mod manifest]
[25nov2025 22:14:42.329] [main/DEBUG] [net.neoforged.fml.loading.moddiscovery.readers.JarModsDotTomlModFileReader/SCAN]: Found META-INF/neoforge.mods.toml mod of type null: D:\ServerFiles-5.1\mods\industrial-foregoing-souls-1.21.1-1.10.5.jar
[25nov2025 22:14:42.329] [main/DEBUG] [net.neoforged.fml.loading.moddiscovery.ModFileParser/LOADING]: Considering mod file candidate D:\ServerFiles-5.1\mods\industrial-foregoing-souls-1.21.1-1.10.5.jar
[25nov2025 22:14:42.330] [main/DEBUG] [net.neoforged.fml.loading.moddiscovery.ModFileInfo/LOADING]: Found valid mod file industrial-foregoing-souls-1.21.1-1.10.5.jar with {industrialforegoingsouls} mods - versions {1.10.5}
[25nov2025 22:14:42.330] [main/INFO] [net.neoforged.fml.loading.moddiscovery.ModDiscoverer/SCAN]: Found mod file "industrial-foregoing-souls-1.21.1-1.10.5.jar" [locator: {mods folder locator at D:\ServerFiles-5.1\mods}, reader: mod manifest]
[25nov2025 22:14:42.335] [main/DEBUG] [net.neoforged.fml.loading.moddiscovery.readers.JarModsDotTomlModFileReader/SCAN]: Found META-INF/neoforge.mods.toml mod of type null: D:\ServerFiles-5.1\mods\industrialforegoing-1.21-3.6.36.jar
[25nov2025 22:14:42.335] [main/DEBUG] [net.neoforged.fml.loading.moddiscovery.ModFileParser/LOADING]: Considering mod file candidate D:\ServerFiles-5.1\mods\industrialforegoing-1.21-3.6.36.jar
[25nov2025 22:14:42.335] [main/DEBUG] [net.neoforged.fml.loading.moddiscovery.ModFileInfo/LOADING]: Found valid mod file industrialforegoing-1.21-3.6.36.jar with {industrialforegoing} mods - versions {1.21-3.6.36}
[25nov2025 22:14:42.335] [main/INFO] [net.neoforged.fml.loading.moddiscovery.ModDiscoverer/SCAN]: Found mod file "industrialforegoing-1.21-3.6.36.jar" [locator: {mods folder locator at D:\ServerFiles-5.1\mods}, reader: mod manifest]
[25nov2025 22:14:42.338] [main/DEBUG] [net.neoforged.fml.loading.moddiscovery.readers.JarModsDotTomlModFileReader/SCAN]: Found META-INF/neoforge.mods.toml mod of type null: D:\ServerFiles-5.1\mods\industrialization_overdrive-1.10.5+1.21.1.jar
[25nov2025 22:14:42.338] [main/DEBUG] [net.neoforged.fml.loading.moddiscovery.ModFileParser/LOADING]: Considering mod file candidate D:\ServerFiles-5.1\mods\industrialization_overdrive-1.10.5+1.21.1.jar
[25nov2025 22:14:42.339] [main/DEBUG] [net.neoforged.fml.loading.moddiscovery.ModFileInfo/LOADING]: Found valid mod file industrialization_overdrive-1.10.5+1.21.1.jar with {industrialization_overdrive} mods - versions {1.10.5+1.21.1}
[25nov2025 22:14:42.339] [main/INFO] [net.neoforged.fml.loading.moddiscovery.ModDiscoverer/SCAN]: Found mod file "industrialization_overdrive-1.10.5+1.21.1.jar" [locator: {mods folder locator at D:\ServerFiles-5.1\mods}, reader: mod manifest]
[25nov2025 22:14:42.340] [main/DEBUG] [net.neoforged.fml.loading.moddiscovery.readers.JarModsDotTomlModFileReader/SCAN]: Found META-INF/neoforge.mods.toml mod of type null: D:\ServerFiles-5.1\mods\integratedcrafting-1.21.1-neoforge-1.3.3-391.jar
[25nov2025 22:14:42.340] [main/DEBUG] [net.neoforged.fml.loading.moddiscovery.ModFileParser/LOADING]: Considering mod file candidate D:\ServerFiles-5.1\mods\integratedcrafting-1.21.1-neoforge-1.3.3-391.jar
[25nov2025 22:14:42.341] [main/DEBUG] [net.neoforged.fml.loading.moddiscovery.ModFileInfo/LOADING]: Found valid mod file integratedcrafting-1.21.1-neoforge-1.3.3-391.jar with {integratedcrafting} mods - versions {1.3.3}
[25nov2025 22:14:42.341] [main/INFO] [net.neoforged.fml.loading.moddiscovery.ModDiscoverer/SCAN]: Found mod file "integratedcrafting-1.21.1-neoforge-1.3.3-391.jar" [locator: {mods folder locator at D:\ServerFiles-5.1\mods}, reader: mod manifest]
[25nov2025 22:14:42.344] [main/DEBUG] [net.neoforged.fml.loading.moddiscovery.readers.JarModsDotTomlModFileReader/SCAN]: Found META-INF/neoforge.mods.toml mod of type null: D:\ServerFiles-5.1\mods\integrateddynamics-1.21.1-neoforge-1.29.0-1359.jar
[25nov2025 22:14:42.344] [main/DEBUG] [net.neoforged.fml.loading.moddiscovery.ModFileParser/LOADING]: Considering mod file candidate D:\ServerFiles-5.1\mods\integrateddynamics-1.21.1-neoforge-1.29.0-1359.jar
[25nov2025 22:14:42.344] [main/DEBUG] [net.neoforged.fml.loading.moddiscovery.ModFileInfo/LOADING]: Found valid mod file integrateddynamics-1.21.1-neoforge-1.29.0-1359.jar with {integrateddynamics,integrateddynamicscompat} mods - versions {1.29.0,1.0.0}
[25nov2025 22:14:42.345] [main/INFO] [net.neoforged.fml.loading.moddiscovery.ModDiscoverer/SCAN]: Found mod file "integrateddynamics-1.21.1-neoforge-1.29.0-1359.jar" [locator: {mods folder locator at D:\ServerFiles-5.1\mods}, reader: mod manifest]
[25nov2025 22:14:42.351] [main/DEBUG] [net.neoforged.fml.loading.moddiscovery.readers.JarModsDotTomlModFileReader/SCAN]: Found META-INF/neoforge.mods.toml mod of type null: D:\ServerFiles-5.1\mods\integratedscripting-1.21.1-neoforge-1.0.19.jar
[25nov2025 22:14:42.351] [main/DEBUG] [net.neoforged.fml.loading.moddiscovery.ModFileParser/LOADING]: Considering mod file candidate D:\ServerFiles-5.1\mods\integratedscripting-1.21.1-neoforge-1.0.19.jar
[25nov2025 22:14:42.352] [main/DEBUG] [net.neoforged.fml.loading.moddiscovery.ModFileInfo/LOADING]: Found valid mod file integratedscripting-1.21.1-neoforge-1.0.19.jar with {integratedscripting} mods - versions {1.0.19}
[25nov2025 22:14:42.352] [main/INFO] [net.neoforged.fml.loading.moddiscovery.ModDiscoverer/SCAN]: Found mod file "integratedscripting-1.21.1-neoforge-1.0.19.jar" [locator: {mods folder locator at D:\ServerFiles-5.1\mods}, reader: mod manifest]
[25nov2025 22:14:42.354] [main/DEBUG] [net.neoforged.fml.loading.moddiscovery.readers.JarModsDotTomlModFileReader/SCAN]: Found META-INF/neoforge.mods.toml mod of type null: D:\ServerFiles-5.1\mods\integratedterminals-1.21.1-neoforge-1.6.18.jar
[25nov2025 22:14:42.354] [main/DEBUG] [net.neoforged.fml.loading.moddiscovery.ModFileParser/LOADING]: Considering mod file candidate D:\ServerFiles-5.1\mods\integratedterminals-1.21.1-neoforge-1.6.18.jar
[25nov2025 22:14:42.354] [main/DEBUG] [net.neoforged.fml.loading.moddiscovery.ModFileInfo/LOADING]: Found valid mod file integratedterminals-1.21.1-neoforge-1.6.18.jar with {integratedterminals,integratedterminalscompat} mods - versions {1.6.18,1.0.0}
[25nov2025 22:14:42.354] [main/INFO] [net.neoforged.fml.loading.moddiscovery.ModDiscoverer/SCAN]: Found mod file "integratedterminals-1.21.1-neoforge-1.6.18.jar" [locator: {mods folder locator at D:\ServerFiles-5.1\mods}, reader: mod manifest]
[25nov2025 22:14:42.356] [main/DEBUG] [net.neoforged.fml.loading.moddiscovery.readers.JarModsDotTomlModFileReader/SCAN]: Found META-INF/neoforge.mods.toml mod of type null: D:\ServerFiles-5.1\mods\integratedtunnels-1.21.1-neoforge-1.9.1.jar
[25nov2025 22:14:42.356] [main/DEBUG] [net.neoforged.fml.loading.moddiscovery.ModFileParser/LOADING]: Considering mod file candidate D:\ServerFiles-5.1\mods\integratedtunnels-1.21.1-neoforge-1.9.1.jar
[25nov2025 22:14:42.356] [main/DEBUG] [net.neoforged.fml.loading.moddiscovery.ModFileInfo/LOADING]: Found valid mod file integratedtunnels-1.21.1-neoforge-1.9.1.jar with {integratedtunnels,integratedtunnelscompat} mods - versions {1.9.1,1.9.1}
[25nov2025 22:14:42.356] [main/INFO] [net.neoforged.fml.loading.moddiscovery.ModDiscoverer/SCAN]: Found mod file "integratedtunnels-1.21.1-neoforge-1.9.1.jar" [locator: {mods folder locator at D:\ServerFiles-5.1\mods}, reader: mod manifest]
[25nov2025 22:14:42.358] [main/DEBUG] [net.neoforged.fml.loading.moddiscovery.readers.JarModsDotTomlModFileReader/SCAN]: Found META-INF/neoforge.mods.toml mod of type null: D:\ServerFiles-5.1\mods\interdimensionalwirelesstransmitter-neoforge-1.21.1-0.1.5.jar
[25nov2025 22:14:42.358] [main/DEBUG] [net.neoforged.fml.loading.moddiscovery.ModFileParser/LOADING]: Considering mod file candidate D:\ServerFiles-5.1\mods\interdimensionalwirelesstransmitter-neoforge-1.21.1-0.1.5.jar
[25nov2025 22:14:42.358] [main/DEBUG] [net.neoforged.fml.loading.moddiscovery.ModFileInfo/LOADING]: Found valid mod file interdimensionalwirelesstransmitter-neoforge-1.21.1-0.1.5.jar with {interdimensionalwirelesstransmitter} mods - versions {1.21.1-0.1.5}
[25nov2025 22:14:42.358] [main/INFO] [net.neoforged.fml.loading.moddiscovery.ModDiscoverer/SCAN]: Found mod file "interdimensionalwirelesstransmitter-neoforge-1.21.1-0.1.5.jar" [locator: {mods folder locator at D:\ServerFiles-5.1\mods}, reader: mod manifest]
[25nov2025 22:14:42.360] [main/DEBUG] [net.neoforged.fml.loading.moddiscovery.readers.JarModsDotTomlModFileReader/SCAN]: Found META-INF/neoforge.mods.toml mod of type null: D:\ServerFiles-5.1\mods\invtweaks-1.21.1-1.3.2.jar
[25nov2025 22:14:42.360] [main/DEBUG] [net.neoforged.fml.loading.moddiscovery.ModFileParser/LOADING]: Considering mod file candidate D:\ServerFiles-5.1\mods\invtweaks-1.21.1-1.3.2.jar
[25nov2025 22:14:42.360] [main/DEBUG] [net.neoforged.fml.loading.moddiscovery.ModFileInfo/LOADING]: Found valid mod file invtweaks-1.21.1-1.3.2.jar with {invtweaks} mods - versions {1.21.1-1.3.2}
[25nov2025 22:14:42.360] [main/INFO] [net.neoforged.fml.loading.moddiscovery.ModDiscoverer/SCAN]: Found mod file "invtweaks-1.21.1-1.3.2.jar" [locator: {mods folder locator at D:\ServerFiles-5.1\mods}, reader: mod manifest]
[25nov2025 22:14:42.361] [main/DEBUG] [net.neoforged.fml.loading.moddiscovery.readers.JarModsDotTomlModFileReader/SCAN]: Found META-INF/neoforge.mods.toml mod of type null: D:\ServerFiles-5.1\mods\ironfurnaces-neoforge-1.21.1-4.3.2.jar
[25nov2025 22:14:42.361] [main/DEBUG] [net.neoforged.fml.loading.moddiscovery.ModFileParser/LOADING]: Considering mod file candidate D:\ServerFiles-5.1\mods\ironfurnaces-neoforge-1.21.1-4.3.2.jar
[25nov2025 22:14:42.362] [main/DEBUG] [net.neoforged.fml.loading.moddiscovery.ModFileInfo/LOADING]: Found valid mod file ironfurnaces-neoforge-1.21.1-4.3.2.jar with {ironfurnaces} mods - versions {4.3.2}
[25nov2025 22:14:42.362] [main/INFO] [net.neoforged.fml.loading.moddiscovery.ModDiscoverer/SCAN]: Found mod file "ironfurnaces-neoforge-1.21.1-4.3.2.jar" [locator: {mods folder locator at D:\ServerFiles-5.1\mods}, reader: mod manifest]
[25nov2025 22:14:42.365] [main/DEBUG] [net.neoforged.fml.loading.moddiscovery.readers.JarModsDotTomlModFileReader/SCAN]: Found META-INF/neoforge.mods.toml mod of type null: D:\ServerFiles-5.1\mods\IronJetpacks-1.21.1-8.0.11.jar
[25nov2025 22:14:42.365] [main/DEBUG] [net.neoforged.fml.loading.moddiscovery.ModFileParser/LOADING]: Considering mod file candidate D:\ServerFiles-5.1\mods\IronJetpacks-1.21.1-8.0.11.jar
[25nov2025 22:14:42.365] [main/DEBUG] [net.neoforged.fml.loading.moddiscovery.ModFileInfo/LOADING]: Found valid mod file IronJetpacks-1.21.1-8.0.11.jar with {ironjetpacks} mods - versions {8.0.11}
[25nov2025 22:14:42.365] [main/INFO] [net.neoforged.fml.loading.moddiscovery.ModDiscoverer/SCAN]: Found mod file "IronJetpacks-1.21.1-8.0.11.jar" [locator: {mods folder locator at D:\ServerFiles-5.1\mods}, reader: mod manifest]
[25nov2025 22:14:42.368] [main/DEBUG] [net.neoforged.fml.loading.moddiscovery.readers.JarModsDotTomlModFileReader/SCAN]: Found META-INF/neoforge.mods.toml mod of type null: D:\ServerFiles-5.1\mods\irons_jewelry-1.21.1-1.5.3.jar
[25nov2025 22:14:42.368] [main/DEBUG] [net.neoforged.fml.loading.moddiscovery.ModFileParser/LOADING]: Considering mod file candidate D:\ServerFiles-5.1\mods\irons_jewelry-1.21.1-1.5.3.jar
[25nov2025 22:14:42.369] [main/DEBUG] [net.neoforged.fml.loading.moddiscovery.ModFileInfo/LOADING]: Found valid mod file irons_jewelry-1.21.1-1.5.3.jar with {irons_jewelry} mods - versions {1.21.1-1.5.3}
[25nov2025 22:14:42.369] [main/INFO] [net.neoforged.fml.loading.moddiscovery.ModDiscoverer/SCAN]: Found mod file "irons_jewelry-1.21.1-1.5.3.jar" [locator: {mods folder locator at D:\ServerFiles-5.1\mods}, reader: mod manifest]
[25nov2025 22:14:42.371] [main/DEBUG] [net.neoforged.fml.loading.moddiscovery.readers.JarModsDotTomlModFileReader/SCAN]: Found META-INF/neoforge.mods.toml mod of type null: D:\ServerFiles-5.1\mods\irons_spellbooks-1.21.1-3.14.6.jar
[25nov2025 22:14:42.371] [main/DEBUG] [net.neoforged.fml.loading.moddiscovery.ModFileParser/LOADING]: Considering mod file candidate D:\ServerFiles-5.1\mods\irons_spellbooks-1.21.1-3.14.6.jar
[25nov2025 22:14:42.372] [main/DEBUG] [net.neoforged.fml.loading.moddiscovery.ModFileInfo/LOADING]: Found valid mod file irons_spellbooks-1.21.1-3.14.6.jar with {irons_spellbooks} mods - versions {1.21.1-3.14.6}
[25nov2025 22:14:42.372] [main/INFO] [net.neoforged.fml.loading.moddiscovery.ModDiscoverer/SCAN]: Found mod file "irons_spellbooks-1.21.1-3.14.6.jar" [locator: {mods folder locator at D:\ServerFiles-5.1\mods}, reader: mod manifest]
[25nov2025 22:14:42.374] [main/DEBUG] [net.neoforged.fml.loading.moddiscovery.readers.JarModsDotTomlModFileReader/SCAN]: Found META-INF/neoforge.mods.toml mod of type null: D:\ServerFiles-5.1\mods\itemcollectors-1.1.10-neoforge-mc1.21.jar
[25nov2025 22:14:42.374] [main/DEBUG] [net.neoforged.fml.loading.moddiscovery.ModFileParser/LOADING]: Considering mod file candidate D:\ServerFiles-5.1\mods\itemcollectors-1.1.10-neoforge-mc1.21.jar
[25nov2025 22:14:42.374] [main/DEBUG] [net.neoforged.fml.loading.moddiscovery.ModFileInfo/LOADING]: Found valid mod file itemcollectors-1.1.10-neoforge-mc1.21.jar with {itemcollectors} mods - versions {1.1.10}
[25nov2025 22:14:42.374] [main/INFO] [net.neoforged.fml.loading.moddiscovery.ModDiscoverer/SCAN]: Found mod file "itemcollectors-1.1.10-neoforge-mc1.21.jar" [locator: {mods folder locator at D:\ServerFiles-5.1\mods}, reader: mod manifest]
[25nov2025 22:14:42.377] [main/DEBUG] [net.neoforged.fml.loading.moddiscovery.readers.JarModsDotTomlModFileReader/SCAN]: Found META-INF/neoforge.mods.toml mod of type null: D:\ServerFiles-5.1\mods\Jade-1.21.1-NeoForge-15.10.3.jar
[25nov2025 22:14:42.377] [main/DEBUG] [net.neoforged.fml.loading.moddiscovery.ModFileParser/LOADING]: Considering mod file candidate D:\ServerFiles-5.1\mods\Jade-1.21.1-NeoForge-15.10.3.jar
[25nov2025 22:14:42.377] [main/DEBUG] [net.neoforged.fml.loading.moddiscovery.ModFileInfo/LOADING]: Found valid mod file Jade-1.21.1-NeoForge-15.10.3.jar with {jade} mods - versions {15.10.3+neoforge}
[25nov2025 22:14:42.377] [main/INFO] [net.neoforged.fml.loading.moddiscovery.ModDiscoverer/SCAN]: Found mod file "Jade-1.21.1-NeoForge-15.10.3.jar" [locator: {mods folder locator at D:\ServerFiles-5.1\mods}, reader: mod manifest]
[25nov2025 22:14:42.379] [main/DEBUG] [net.neoforged.fml.loading.moddiscovery.readers.JarModsDotTomlModFileReader/SCAN]: Found META-INF/neoforge.mods.toml mod of type null: D:\ServerFiles-5.1\mods\jearchaeology-1.21.1-1.1.6.jar
[25nov2025 22:14:42.379] [main/DEBUG] [net.neoforged.fml.loading.moddiscovery.ModFileParser/LOADING]: Considering mod file candidate D:\ServerFiles-5.1\mods\jearchaeology-1.21.1-1.1.6.jar
[25nov2025 22:14:42.379] [main/DEBUG] [net.neoforged.fml.loading.moddiscovery.ModFileInfo/LOADING]: Found valid mod file jearchaeology-1.21.1-1.1.6.jar with {jearchaeology} mods - versions {1.21.1-1.1.6}
[25nov2025 22:14:42.379] [main/INFO] [net.neoforged.fml.loading.moddiscovery.ModDiscoverer/SCAN]: Found mod file "jearchaeology-1.21.1-1.1.6.jar" [locator: {mods folder locator at D:\ServerFiles-5.1\mods}, reader: mod manifest]
[25nov2025 22:14:42.381] [main/DEBUG] [net.neoforged.fml.loading.moddiscovery.readers.JarModsDotTomlModFileReader/SCAN]: Found META-INF/neoforge.mods.toml mod of type null: D:\ServerFiles-5.1\mods\jei-1.21.1-neoforge-19.25.0.325.jar
[25nov2025 22:14:42.381] [main/DEBUG] [net.neoforged.fml.loading.moddiscovery.ModFileParser/LOADING]: Considering mod file candidate D:\ServerFiles-5.1\mods\jei-1.21.1-neoforge-19.25.0.325.jar
[25nov2025 22:14:42.382] [main/DEBUG] [net.neoforged.fml.loading.moddiscovery.ModFileInfo/LOADING]: Found valid mod file jei-1.21.1-neoforge-19.25.0.325.jar with {jei} mods - versions {19.25.0.325}
[25nov2025 22:14:42.382] [main/INFO] [net.neoforged.fml.loading.moddiscovery.ModDiscoverer/SCAN]: Found mod file "jei-1.21.1-neoforge-19.25.0.325.jar" [locator: {mods folder locator at D:\ServerFiles-5.1\mods}, reader: mod manifest]
[25nov2025 22:14:42.384] [main/DEBUG] [net.neoforged.fml.loading.moddiscovery.readers.JarModsDotTomlModFileReader/SCAN]: Found META-INF/neoforge.mods.toml mod of type null: D:\ServerFiles-5.1\mods\journeymap-neoforge-1.21.1-6.0.0-beta.52.jar
[25nov2025 22:14:42.384] [main/DEBUG] [net.neoforged.fml.loading.moddiscovery.ModFileParser/LOADING]: Considering mod file candidate D:\ServerFiles-5.1\mods\journeymap-neoforge-1.21.1-6.0.0-beta.52.jar
[25nov2025 22:14:42.385] [main/DEBUG] [net.neoforged.fml.loading.moddiscovery.ModFileInfo/LOADING]: Found valid mod file journeymap-neoforge-1.21.1-6.0.0-beta.52.jar with {journeymap} mods - versions {1.21.1-6.0.0-beta.52}
[25nov2025 22:14:42.385] [main/INFO] [net.neoforged.fml.loading.moddiscovery.ModDiscoverer/SCAN]: Found mod file "journeymap-neoforge-1.21.1-6.0.0-beta.52.jar" [locator: {mods folder locator at D:\ServerFiles-5.1\mods}, reader: mod manifest]
[25nov2025 22:14:42.387] [main/DEBUG] [net.neoforged.fml.loading.moddiscovery.readers.JarModsDotTomlModFileReader/SCAN]: Found META-INF/neoforge.mods.toml mod of type null: D:\ServerFiles-5.1\mods\jumpboat-1.21.0-1.0.5.jar
[25nov2025 22:14:42.387] [main/DEBUG] [net.neoforged.fml.loading.moddiscovery.ModFileParser/LOADING]: Considering mod file candidate D:\ServerFiles-5.1\mods\jumpboat-1.21.0-1.0.5.jar
[25nov2025 22:14:42.387] [main/DEBUG] [net.neoforged.fml.loading.moddiscovery.ModFileInfo/LOADING]: Found valid mod file jumpboat-1.21.0-1.0.5.jar with {jumpboat} mods - versions {1.21.0-1.0.5}
[25nov2025 22:14:42.388] [main/INFO] [net.neoforged.fml.loading.moddiscovery.ModDiscoverer/SCAN]: Found mod file "jumpboat-1.21.0-1.0.5.jar" [locator: {mods folder locator at D:\ServerFiles-5.1\mods}, reader: mod manifest]
[25nov2025 22:14:42.389] [main/DEBUG] [net.neoforged.fml.loading.moddiscovery.readers.JarModsDotTomlModFileReader/SCAN]: Found META-INF/neoforge.mods.toml mod of type null: D:\ServerFiles-5.1\mods\Jupiter-2.2.2-neoforge.jar
[25nov2025 22:14:42.389] [main/DEBUG] [net.neoforged.fml.loading.moddiscovery.ModFileParser/LOADING]: Considering mod file candidate D:\ServerFiles-5.1\mods\Jupiter-2.2.2-neoforge.jar
[25nov2025 22:14:42.390] [main/DEBUG] [net.neoforged.fml.loading.moddiscovery.ModFileInfo/LOADING]: Found valid mod file Jupiter-2.2.2-neoforge.jar with {jupiter} mods - versions {2.2.2}
[25nov2025 22:14:42.390] [main/INFO] [net.neoforged.fml.loading.moddiscovery.ModDiscoverer/SCAN]: Found mod file "Jupiter-2.2.2-neoforge.jar" [locator: {mods folder locator at D:\ServerFiles-5.1\mods}, reader: mod manifest]
[25nov2025 22:14:42.393] [main/DEBUG] [net.neoforged.fml.loading.moddiscovery.readers.JarModsDotTomlModFileReader/SCAN]: Found META-INF/neoforge.mods.toml mod of type null: D:\ServerFiles-5.1\mods\justdirethings-1.5.5.jar
[25nov2025 22:14:42.393] [main/DEBUG] [net.neoforged.fml.loading.moddiscovery.ModFileParser/LOADING]: Considering mod file candidate D:\ServerFiles-5.1\mods\justdirethings-1.5.5.jar
[25nov2025 22:14:42.394] [main/DEBUG] [net.neoforged.fml.loading.moddiscovery.ModFileInfo/LOADING]: Found valid mod file justdirethings-1.5.5.jar with {justdirethings} mods - versions {1.5.5}
[25nov2025 22:14:42.394] [main/INFO] [net.neoforged.fml.loading.moddiscovery.ModDiscoverer/SCAN]: Found mod file "justdirethings-1.5.5.jar" [locator: {mods folder locator at D:\ServerFiles-5.1\mods}, reader: mod manifest]
[25nov2025 22:14:42.396] [main/DEBUG] [net.neoforged.fml.loading.moddiscovery.readers.JarModsDotTomlModFileReader/SCAN]: Found META-INF/MANIFEST.MF mod of type LIBRARY: D:\ServerFiles-5.1\mods\kotlinforforge-5.10.0-all.jar
[25nov2025 22:14:42.397] [main/INFO] [net.neoforged.fml.loading.moddiscovery.ModDiscoverer/SCAN]: Found library file "kotlinforforge-5.10.0-all.jar" [locator: {mods folder locator at D:\ServerFiles-5.1\mods}, reader: mod manifest]
[25nov2025 22:14:42.399] [main/DEBUG] [net.neoforged.fml.loading.moddiscovery.readers.JarModsDotTomlModFileReader/SCAN]: Found META-INF/neoforge.mods.toml mod of type null: D:\ServerFiles-5.1\mods\kubejs-neoforge-2101.7.2-build.321.jar
[25nov2025 22:14:42.399] [main/DEBUG] [net.neoforged.fml.loading.moddiscovery.ModFileParser/LOADING]: Considering mod file candidate D:\ServerFiles-5.1\mods\kubejs-neoforge-2101.7.2-build.321.jar
[25nov2025 22:14:42.400] [main/DEBUG] [net.neoforged.fml.loading.moddiscovery.ModFileInfo/LOADING]: Found valid mod file kubejs-neoforge-2101.7.2-build.321.jar with {kubejs} mods - versions {2101.7.2-build.321}
[25nov2025 22:14:42.400] [main/INFO] [net.neoforged.fml.loading.moddiscovery.ModDiscoverer/SCAN]: Found mod file "kubejs-neoforge-2101.7.2-build.321.jar" [locator: {mods folder locator at D:\ServerFiles-5.1\mods}, reader: mod manifest]
[25nov2025 22:14:42.401] [main/DEBUG] [net.neoforged.fml.loading.moddiscovery.readers.JarModsDotTomlModFileReader/SCAN]: Found META-INF/neoforge.mods.toml mod of type null: D:\ServerFiles-5.1\mods\kubejstweaks-1.0.4.jar
[25nov2025 22:14:42.401] [main/DEBUG] [net.neoforged.fml.loading.moddiscovery.ModFileParser/LOADING]: Considering mod file candidate D:\ServerFiles-5.1\mods\kubejstweaks-1.0.4.jar
[25nov2025 22:14:42.402] [main/DEBUG] [net.neoforged.fml.loading.moddiscovery.ModFileInfo/LOADING]: Found valid mod file kubejstweaks-1.0.4.jar with {kubejstweaks} mods - versions {1.0.4}
[25nov2025 22:14:42.402] [main/INFO] [net.neoforged.fml.loading.moddiscovery.ModDiscoverer/SCAN]: Found mod file "kubejstweaks-1.0.4.jar" [locator: {mods folder locator at D:\ServerFiles-5.1\mods}, reader: mod manifest]
[25nov2025 22:14:42.404] [main/DEBUG] [net.neoforged.fml.loading.moddiscovery.readers.JarModsDotTomlModFileReader/SCAN]: Found META-INF/neoforge.mods.toml mod of type null: D:\ServerFiles-5.1\mods\L_Ender's Cataclysm 1.21.1-3.16.jar
[25nov2025 22:14:42.404] [main/DEBUG] [net.neoforged.fml.loading.moddiscovery.ModFileParser/LOADING]: Considering mod file candidate D:\ServerFiles-5.1\mods\L_Ender's Cataclysm 1.21.1-3.16.jar
[25nov2025 22:14:42.404] [main/DEBUG] [net.neoforged.fml.loading.moddiscovery.ModFileInfo/LOADING]: Found valid mod file L_Ender's Cataclysm 1.21.1-3.16.jar with {cataclysm} mods - versions {3.16}
[25nov2025 22:14:42.404] [main/INFO] [net.neoforged.fml.loading.moddiscovery.ModDiscoverer/SCAN]: Found mod file "L_Ender's Cataclysm 1.21.1-3.16.jar" [locator: {mods folder locator at D:\ServerFiles-5.1\mods}, reader: mod manifest]
[25nov2025 22:14:42.406] [main/DEBUG] [net.neoforged.fml.loading.moddiscovery.readers.JarModsDotTomlModFileReader/SCAN]: Found META-INF/neoforge.mods.toml mod of type null: D:\ServerFiles-5.1\mods\laserbridges-1.21.1-neoforge-5.3.jar
[25nov2025 22:14:42.406] [main/DEBUG] [net.neoforged.fml.loading.moddiscovery.ModFileParser/LOADING]: Considering mod file candidate D:\ServerFiles-5.1\mods\laserbridges-1.21.1-neoforge-5.3.jar
[25nov2025 22:14:42.406] [main/DEBUG] [net.neoforged.fml.loading.moddiscovery.ModFileInfo/LOADING]: Found valid mod file laserbridges-1.21.1-neoforge-5.3.jar with {laserbridges} mods - versions {5.3}
[25nov2025 22:14:42.406] [main/INFO] [net.neoforged.fml.loading.moddiscovery.ModDiscoverer/SCAN]: Found mod file "laserbridges-1.21.1-neoforge-5.3.jar" [locator: {mods folder locator at D:\ServerFiles-5.1\mods}, reader: mod manifest]
[25nov2025 22:14:42.408] [main/DEBUG] [net.neoforged.fml.loading.moddiscovery.readers.JarModsDotTomlModFileReader/SCAN]: Found META-INF/neoforge.mods.toml mod of type null: D:\ServerFiles-5.1\mods\laserio-1.9.11.jar
[25nov2025 22:14:42.408] [main/DEBUG] [net.neoforged.fml.loading.moddiscovery.ModFileParser/LOADING]: Considering mod file candidate D:\ServerFiles-5.1\mods\laserio-1.9.11.jar
[25nov2025 22:14:42.408] [main/DEBUG] [net.neoforged.fml.loading.moddiscovery.ModFileInfo/LOADING]: Found valid mod file laserio-1.9.11.jar with {laserio} mods - versions {1.9.11}
[25nov2025 22:14:42.408] [main/INFO] [net.neoforged.fml.loading.moddiscovery.ModDiscoverer/SCAN]: Found mod file "laserio-1.9.11.jar" [locator: {mods folder locator at D:\ServerFiles-5.1\mods}, reader: mod manifest]
[25nov2025 22:14:42.409] [main/DEBUG] [net.neoforged.fml.loading.moddiscovery.readers.JarModsDotTomlModFileReader/SCAN]: Found META-INF/neoforge.mods.toml mod of type null: D:\ServerFiles-5.1\mods\lionfishapi-2.6.jar
[25nov2025 22:14:42.409] [main/DEBUG] [net.neoforged.fml.loading.moddiscovery.ModFileParser/LOADING]: Considering mod file candidate D:\ServerFiles-5.1\mods\lionfishapi-2.6.jar
[25nov2025 22:14:42.410] [main/DEBUG] [net.neoforged.fml.loading.moddiscovery.ModFileInfo/LOADING]: Found valid mod file lionfishapi-2.6.jar with {lionfishapi} mods - versions {2.6}
[25nov2025 22:14:42.410] [main/INFO] [net.neoforged.fml.loading.moddiscovery.ModDiscoverer/SCAN]: Found mod file "lionfishapi-2.6.jar" [locator: {mods folder locator at D:\ServerFiles-5.1\mods}, reader: mod manifest]
[25nov2025 22:14:42.411] [main/DEBUG] [net.neoforged.fml.loading.moddiscovery.readers.JarModsDotTomlModFileReader/SCAN]: Found META-INF/neoforge.mods.toml mod of type null: D:\ServerFiles-5.1\mods\lithostitched-1.5.0-neoforge-1.21.1.jar
[25nov2025 22:14:42.411] [main/DEBUG] [net.neoforged.fml.loading.moddiscovery.ModFileParser/LOADING]: Considering mod file candidate D:\ServerFiles-5.1\mods\lithostitched-1.5.0-neoforge-1.21.1.jar
[25nov2025 22:14:42.412] [main/DEBUG] [net.neoforged.fml.loading.moddiscovery.ModFileInfo/LOADING]: Found valid mod file lithostitched-1.5.0-neoforge-1.21.1.jar with {lithostitched} mods - versions {1.5.0}
[25nov2025 22:14:42.412] [main/INFO] [net.neoforged.fml.loading.moddiscovery.ModDiscoverer/SCAN]: Found mod file "lithostitched-1.5.0-neoforge-1.21.1.jar" [locator: {mods folder locator at D:\ServerFiles-5.1\mods}, reader: mod manifest]
[25nov2025 22:14:42.414] [main/DEBUG] [net.neoforged.fml.loading.moddiscovery.readers.JarModsDotTomlModFileReader/SCAN]: Found META-INF/neoforge.mods.toml mod of type null: D:\ServerFiles-5.1\mods\little-big-redstone-1.4.10-beta-1.21.1.jar
[25nov2025 22:14:42.414] [main/DEBUG] [net.neoforged.fml.loading.moddiscovery.ModFileParser/LOADING]: Considering mod file candidate D:\ServerFiles-5.1\mods\little-big-redstone-1.4.10-beta-1.21.1.jar
[25nov2025 22:14:42.414] [main/DEBUG] [net.neoforged.fml.loading.moddiscovery.ModFileInfo/LOADING]: Found valid mod file little-big-redstone-1.4.10-beta-1.21.1.jar with {little_big_redstone} mods - versions {1.4.10-beta-1.21.1}
[25nov2025 22:14:42.414] [main/INFO] [net.neoforged.fml.loading.moddiscovery.ModDiscoverer/SCAN]: Found mod file "little-big-redstone-1.4.10-beta-1.21.1.jar" [locator: {mods folder locator at D:\ServerFiles-5.1\mods}, reader: mod manifest]
[25nov2025 22:14:42.416] [main/DEBUG] [net.neoforged.fml.loading.moddiscovery.readers.JarModsDotTomlModFileReader/SCAN]: Found META-INF/neoforge.mods.toml mod of type null: D:\ServerFiles-5.1\mods\livingthings-neoforge-1.21.1-2.3.0.jar
[25nov2025 22:14:42.416] [main/DEBUG] [net.neoforged.fml.loading.moddiscovery.ModFileParser/LOADING]: Considering mod file candidate D:\ServerFiles-5.1\mods\livingthings-neoforge-1.21.1-2.3.0.jar
[25nov2025 22:14:42.416] [main/DEBUG] [net.neoforged.fml.loading.moddiscovery.ModFileInfo/LOADING]: Found valid mod file livingthings-neoforge-1.21.1-2.3.0.jar with {livingthings} mods - versions {1.21.1-2.3.0}
[25nov2025 22:14:42.416] [main/INFO] [net.neoforged.fml.loading.moddiscovery.ModDiscoverer/SCAN]: Found mod file "livingthings-neoforge-1.21.1-2.3.0.jar" [locator: {mods folder locator at D:\ServerFiles-5.1\mods}, reader: mod manifest]
[25nov2025 22:14:42.418] [main/DEBUG] [net.neoforged.fml.loading.moddiscovery.readers.JarModsDotTomlModFileReader/SCAN]: Found META-INF/neoforge.mods.toml mod of type null: D:\ServerFiles-5.1\mods\lmft-1.1.1+1.21.9-neoforge.jar
[25nov2025 22:14:42.418] [main/DEBUG] [net.neoforged.fml.loading.moddiscovery.ModFileParser/LOADING]: Considering mod file candidate D:\ServerFiles-5.1\mods\lmft-1.1.1+1.21.9-neoforge.jar
[25nov2025 22:14:42.419] [main/DEBUG] [net.neoforged.fml.loading.moddiscovery.ModFileInfo/LOADING]: Found valid mod file lmft-1.1.1+1.21.9-neoforge.jar with {lmft} mods - versions {1.1.1+1.21.9}
[25nov2025 22:14:42.419] [main/INFO] [net.neoforged.fml.loading.moddiscovery.ModDiscoverer/SCAN]: Found mod file "lmft-1.1.1+1.21.9-neoforge.jar" [locator: {mods folder locator at D:\ServerFiles-5.1\mods}, reader: mod manifest]
[25nov2025 22:14:42.420] [main/DEBUG] [net.neoforged.fml.loading.moddiscovery.readers.JarModsDotTomlModFileReader/SCAN]: Found META-INF/neoforge.mods.toml mod of type null: D:\ServerFiles-5.1\mods\lootr-neoforge-1.21-1.10.35.91.jar
[25nov2025 22:14:42.420] [main/DEBUG] [net.neoforged.fml.loading.moddiscovery.ModFileParser/LOADING]: Considering mod file candidate D:\ServerFiles-5.1\mods\lootr-neoforge-1.21-1.10.35.91.jar
[25nov2025 22:14:42.420] [main/DEBUG] [net.neoforged.fml.loading.moddiscovery.ModFileInfo/LOADING]: Found valid mod file lootr-neoforge-1.21-1.10.35.91.jar with {lootr} mods - versions {1.21-1.10.35.91}
[25nov2025 22:14:42.421] [main/INFO] [net.neoforged.fml.loading.moddiscovery.ModDiscoverer/SCAN]: Found mod file "lootr-neoforge-1.21-1.10.35.91.jar" [locator: {mods folder locator at D:\ServerFiles-5.1\mods}, reader: mod manifest]
[25nov2025 22:14:42.422] [main/DEBUG] [net.neoforged.fml.loading.moddiscovery.readers.JarModsDotTomlModFileReader/SCAN]: Found META-INF/neoforge.mods.toml mod of type null: D:\ServerFiles-5.1\mods\luminax-1.3.1_neoforge_1.21.1.jar
[25nov2025 22:14:42.422] [main/DEBUG] [net.neoforged.fml.loading.moddiscovery.ModFileParser/LOADING]: Considering mod file candidate D:\ServerFiles-5.1\mods\luminax-1.3.1_neoforge_1.21.1.jar
[25nov2025 22:14:42.423] [main/DEBUG] [net.neoforged.fml.loading.moddiscovery.ModFileInfo/LOADING]: Found valid mod file luminax-1.3.1_neoforge_1.21.1.jar with {luminax} mods - versions {1.3.1}
[25nov2025 22:14:42.423] [main/INFO] [net.neoforged.fml.loading.moddiscovery.ModDiscoverer/SCAN]: Found mod file "luminax-1.3.1_neoforge_1.21.1.jar" [locator: {mods folder locator at D:\ServerFiles-5.1\mods}, reader: mod manifest]
[25nov2025 22:14:42.424] [main/DEBUG] [net.neoforged.fml.loading.moddiscovery.readers.JarModsDotTomlModFileReader/SCAN]: Found META-INF/neoforge.mods.toml mod of type null: D:\ServerFiles-5.1\mods\mahoutsukai-1.21.1-v1.36.19.jar
[25nov2025 22:14:42.424] [main/DEBUG] [net.neoforged.fml.loading.moddiscovery.ModFileParser/LOADING]: Considering mod file candidate D:\ServerFiles-5.1\mods\mahoutsukai-1.21.1-v1.36.19.jar
[25nov2025 22:14:42.425] [main/DEBUG] [net.neoforged.fml.loading.moddiscovery.ModFileInfo/LOADING]: Found valid mod file mahoutsukai-1.21.1-v1.36.19.jar with {mahoutsukai} mods - versions {1.21.1-v1.36.19}
[25nov2025 22:14:42.425] [main/INFO] [net.neoforged.fml.loading.moddiscovery.ModDiscoverer/SCAN]: Found mod file "mahoutsukai-1.21.1-v1.36.19.jar" [locator: {mods folder locator at D:\ServerFiles-5.1\mods}, reader: mod manifest]
[25nov2025 22:14:42.426] [main/DEBUG] [net.neoforged.fml.loading.moddiscovery.readers.JarModsDotTomlModFileReader/SCAN]: Found META-INF/neoforge.mods.toml mod of type null: D:\ServerFiles-5.1\mods\mcjtylib-1.21-9.0.16.jar
[25nov2025 22:14:42.426] [main/DEBUG] [net.neoforged.fml.loading.moddiscovery.ModFileParser/LOADING]: Considering mod file candidate D:\ServerFiles-5.1\mods\mcjtylib-1.21-9.0.16.jar
[25nov2025 22:14:42.427] [main/DEBUG] [net.neoforged.fml.loading.moddiscovery.ModFileInfo/LOADING]: Found valid mod file mcjtylib-1.21-9.0.16.jar with {mcjtylib} mods - versions {1.21-9.0.16}
[25nov2025 22:14:42.427] [main/INFO] [net.neoforged.fml.loading.moddiscovery.ModDiscoverer/SCAN]: Found mod file "mcjtylib-1.21-9.0.16.jar" [locator: {mods folder locator at D:\ServerFiles-5.1\mods}, reader: mod manifest]
[25nov2025 22:14:42.428] [main/DEBUG] [net.neoforged.fml.loading.moddiscovery.readers.JarModsDotTomlModFileReader/SCAN]: Found META-INF/neoforge.mods.toml mod of type null: D:\ServerFiles-5.1\mods\mcw-bridges-3.1.1-mc1.21.1neoforge.jar
[25nov2025 22:14:42.429] [main/DEBUG] [net.neoforged.fml.loading.moddiscovery.ModFileParser/LOADING]: Considering mod file candidate D:\ServerFiles-5.1\mods\mcw-bridges-3.1.1-mc1.21.1neoforge.jar
[25nov2025 22:14:42.429] [main/DEBUG] [net.neoforged.fml.loading.moddiscovery.ModFileInfo/LOADING]: Found valid mod file mcw-bridges-3.1.1-mc1.21.1neoforge.jar with {mcwbridges} mods - versions {3.1.1}
[25nov2025 22:14:42.429] [main/INFO] [net.neoforged.fml.loading.moddiscovery.ModDiscoverer/SCAN]: Found mod file "mcw-bridges-3.1.1-mc1.21.1neoforge.jar" [locator: {mods folder locator at D:\ServerFiles-5.1\mods}, reader: mod manifest]
[25nov2025 22:14:42.431] [main/DEBUG] [net.neoforged.fml.loading.moddiscovery.readers.JarModsDotTomlModFileReader/SCAN]: Found META-INF/neoforge.mods.toml mod of type null: D:\ServerFiles-5.1\mods\mcw-doors-1.1.2-mc1.21.1neoforge.jar
[25nov2025 22:14:42.431] [main/DEBUG] [net.neoforged.fml.loading.moddiscovery.ModFileParser/LOADING]: Considering mod file candidate D:\ServerFiles-5.1\mods\mcw-doors-1.1.2-mc1.21.1neoforge.jar
[25nov2025 22:14:42.432] [main/DEBUG] [net.neoforged.fml.loading.moddiscovery.ModFileInfo/LOADING]: Found valid mod file mcw-doors-1.1.2-mc1.21.1neoforge.jar with {mcwdoors} mods - versions {1.1.2}
[25nov2025 22:14:42.432] [main/INFO] [net.neoforged.fml.loading.moddiscovery.ModDiscoverer/SCAN]: Found mod file "mcw-doors-1.1.2-mc1.21.1neoforge.jar" [locator: {mods folder locator at D:\ServerFiles-5.1\mods}, reader: mod manifest]
[25nov2025 22:14:42.434] [main/DEBUG] [net.neoforged.fml.loading.moddiscovery.readers.JarModsDotTomlModFileReader/SCAN]: Found META-INF/neoforge.mods.toml mod of type null: D:\ServerFiles-5.1\mods\mcw-fences-1.2.0-1.21.1neoforge.jar
[25nov2025 22:14:42.434] [main/DEBUG] [net.neoforged.fml.loading.moddiscovery.ModFileParser/LOADING]: Considering mod file candidate D:\ServerFiles-5.1\mods\mcw-fences-1.2.0-1.21.1neoforge.jar
[25nov2025 22:14:42.435] [main/DEBUG] [net.neoforged.fml.loading.moddiscovery.ModFileInfo/LOADING]: Found valid mod file mcw-fences-1.2.0-1.21.1neoforge.jar with {mcwfences} mods - versions {1.2.0}
[25nov2025 22:14:42.435] [main/INFO] [net.neoforged.fml.loading.moddiscovery.ModDiscoverer/SCAN]: Found mod file "mcw-fences-1.2.0-1.21.1neoforge.jar" [locator: {mods folder locator at D:\ServerFiles-5.1\mods}, reader: mod manifest]
[25nov2025 22:14:42.437] [main/DEBUG] [net.neoforged.fml.loading.moddiscovery.readers.JarModsDotTomlModFileReader/SCAN]: Found META-INF/neoforge.mods.toml mod of type null: D:\ServerFiles-5.1\mods\mcw-furniture-3.4.0-mc1.21.1neoforge.jar
[25nov2025 22:14:42.438] [main/DEBUG] [net.neoforged.fml.loading.moddiscovery.ModFileParser/LOADING]: Considering mod file candidate D:\ServerFiles-5.1\mods\mcw-furniture-3.4.0-mc1.21.1neoforge.jar
[25nov2025 22:14:42.438] [main/DEBUG] [net.neoforged.fml.loading.moddiscovery.ModFileInfo/LOADING]: Found valid mod file mcw-furniture-3.4.0-mc1.21.1neoforge.jar with {mcwfurnitures} mods - versions {3.4.0}
[25nov2025 22:14:42.438] [main/INFO] [net.neoforged.fml.loading.moddiscovery.ModDiscoverer/SCAN]: Found mod file "mcw-furniture-3.4.0-mc1.21.1neoforge.jar" [locator: {mods folder locator at D:\ServerFiles-5.1\mods}, reader: mod manifest]
[25nov2025 22:14:42.440] [main/DEBUG] [net.neoforged.fml.loading.moddiscovery.readers.JarModsDotTomlModFileReader/SCAN]: Found META-INF/neoforge.mods.toml mod of type null: D:\ServerFiles-5.1\mods\mcw-lights-1.1.2-mc1.21.1neoforge.jar
[25nov2025 22:14:42.440] [main/DEBUG] [net.neoforged.fml.loading.moddiscovery.ModFileParser/LOADING]: Considering mod file candidate D:\ServerFiles-5.1\mods\mcw-lights-1.1.2-mc1.21.1neoforge.jar
[25nov2025 22:14:42.440] [main/DEBUG] [net.neoforged.fml.loading.moddiscovery.ModFileInfo/LOADING]: Found valid mod file mcw-lights-1.1.2-mc1.21.1neoforge.jar with {mcwlights} mods - versions {1.1.2}
[25nov2025 22:14:42.440] [main/INFO] [net.neoforged.fml.loading.moddiscovery.ModDiscoverer/SCAN]: Found mod file "mcw-lights-1.1.2-mc1.21.1neoforge.jar" [locator: {mods folder locator at D:\ServerFiles-5.1\mods}, reader: mod manifest]
[25nov2025 22:14:42.442] [main/DEBUG] [net.neoforged.fml.loading.moddiscovery.readers.JarModsDotTomlModFileReader/SCAN]: Found META-INF/neoforge.mods.toml mod of type null: D:\ServerFiles-5.1\mods\mcw-mcwholidays-1.1.1-mc1.21.1neoforge.jar
[25nov2025 22:14:42.442] [main/DEBUG] [net.neoforged.fml.loading.moddiscovery.ModFileParser/LOADING]: Considering mod file candidate D:\ServerFiles-5.1\mods\mcw-mcwholidays-1.1.1-mc1.21.1neoforge.jar
[25nov2025 22:14:42.442] [main/DEBUG] [net.neoforged.fml.loading.moddiscovery.ModFileInfo/LOADING]: Found valid mod file mcw-mcwholidays-1.1.1-mc1.21.1neoforge.jar with {mcwholidays} mods - versions {1.1.1}
[25nov2025 22:14:42.442] [main/INFO] [net.neoforged.fml.loading.moddiscovery.ModDiscoverer/SCAN]: Found mod file "mcw-mcwholidays-1.1.1-mc1.21.1neoforge.jar" [locator: {mods folder locator at D:\ServerFiles-5.1\mods}, reader: mod manifest]
[25nov2025 22:14:42.444] [main/DEBUG] [net.neoforged.fml.loading.moddiscovery.readers.JarModsDotTomlModFileReader/SCAN]: Found META-INF/neoforge.mods.toml mod of type null: D:\ServerFiles-5.1\mods\mcw-mcwpaths-1.1.1-mc1.21.1neoforge.jar
[25nov2025 22:14:42.444] [main/DEBUG] [net.neoforged.fml.loading.moddiscovery.ModFileParser/LOADING]: Considering mod file candidate D:\ServerFiles-5.1\mods\mcw-mcwpaths-1.1.1-mc1.21.1neoforge.jar
[25nov2025 22:14:42.444] [main/DEBUG] [net.neoforged.fml.loading.moddiscovery.ModFileInfo/LOADING]: Found valid mod file mcw-mcwpaths-1.1.1-mc1.21.1neoforge.jar with {mcwpaths} mods - versions {1.1.1}
[25nov2025 22:14:42.444] [main/INFO] [net.neoforged.fml.loading.moddiscovery.ModDiscoverer/SCAN]: Found mod file "mcw-mcwpaths-1.1.1-mc1.21.1neoforge.jar" [locator: {mods folder locator at D:\ServerFiles-5.1\mods}, reader: mod manifest]
[25nov2025 22:14:42.447] [main/DEBUG] [net.neoforged.fml.loading.moddiscovery.readers.JarModsDotTomlModFileReader/SCAN]: Found META-INF/neoforge.mods.toml mod of type null: D:\ServerFiles-5.1\mods\mcw-mcwwindows-2.4.1-mc1.21.1neoforge.jar
[25nov2025 22:14:42.447] [main/DEBUG] [net.neoforged.fml.loading.moddiscovery.ModFileParser/LOADING]: Considering mod file candidate D:\ServerFiles-5.1\mods\mcw-mcwwindows-2.4.1-mc1.21.1neoforge.jar
[25nov2025 22:14:42.448] [main/DEBUG] [net.neoforged.fml.loading.moddiscovery.ModFileInfo/LOADING]: Found valid mod file mcw-mcwwindows-2.4.1-mc1.21.1neoforge.jar with {mcwwindows} mods - versions {2.4.1}
[25nov2025 22:14:42.448] [main/INFO] [net.neoforged.fml.loading.moddiscovery.ModDiscoverer/SCAN]: Found mod file "mcw-mcwwindows-2.4.1-mc1.21.1neoforge.jar" [locator: {mods folder locator at D:\ServerFiles-5.1\mods}, reader: mod manifest]
[25nov2025 22:14:42.450] [main/DEBUG] [net.neoforged.fml.loading.moddiscovery.readers.JarModsDotTomlModFileReader/SCAN]: Found META-INF/neoforge.mods.toml mod of type null: D:\ServerFiles-5.1\mods\mcw-roofs-2.3.2-mc1.21.1neoforge.jar
[25nov2025 22:14:42.451] [main/DEBUG] [net.neoforged.fml.loading.moddiscovery.ModFileParser/LOADING]: Considering mod file candidate D:\ServerFiles-5.1\mods\mcw-roofs-2.3.2-mc1.21.1neoforge.jar
[25nov2025 22:14:42.451] [main/DEBUG] [net.neoforged.fml.loading.moddiscovery.ModFileInfo/LOADING]: Found valid mod file mcw-roofs-2.3.2-mc1.21.1neoforge.jar with {mcwroofs} mods - versions {2.3.2}
[25nov2025 22:14:42.451] [main/INFO] [net.neoforged.fml.loading.moddiscovery.ModDiscoverer/SCAN]: Found mod file "mcw-roofs-2.3.2-mc1.21.1neoforge.jar" [locator: {mods folder locator at D:\ServerFiles-5.1\mods}, reader: mod manifest]
[25nov2025 22:14:42.453] [main/DEBUG] [net.neoforged.fml.loading.moddiscovery.readers.JarModsDotTomlModFileReader/SCAN]: Found META-INF/neoforge.mods.toml mod of type null: D:\ServerFiles-5.1\mods\mcw-stairs-1.0.1-1.21.1neoforge.jar
[25nov2025 22:14:42.453] [main/DEBUG] [net.neoforged.fml.loading.moddiscovery.ModFileParser/LOADING]: Considering mod file candidate D:\ServerFiles-5.1\mods\mcw-stairs-1.0.1-1.21.1neoforge.jar
[25nov2025 22:14:42.454] [main/DEBUG] [net.neoforged.fml.loading.moddiscovery.ModFileInfo/LOADING]: Found valid mod file mcw-stairs-1.0.1-1.21.1neoforge.jar with {mcwstairs} mods - versions {1.0.1}
[25nov2025 22:14:42.454] [main/INFO] [net.neoforged.fml.loading.moddiscovery.ModDiscoverer/SCAN]: Found mod file "mcw-stairs-1.0.1-1.21.1neoforge.jar" [locator: {mods folder locator at D:\ServerFiles-5.1\mods}, reader: mod manifest]
[25nov2025 22:14:42.456] [main/DEBUG] [net.neoforged.fml.loading.moddiscovery.readers.JarModsDotTomlModFileReader/SCAN]: Found META-INF/neoforge.mods.toml mod of type null: D:\ServerFiles-5.1\mods\mcw-trapdoors-1.1.4-mc1.21.1neoforge.jar
[25nov2025 22:14:42.456] [main/DEBUG] [net.neoforged.fml.loading.moddiscovery.ModFileParser/LOADING]: Considering mod file candidate D:\ServerFiles-5.1\mods\mcw-trapdoors-1.1.4-mc1.21.1neoforge.jar
[25nov2025 22:14:42.456] [main/DEBUG] [net.neoforged.fml.loading.moddiscovery.ModFileInfo/LOADING]: Found valid mod file mcw-trapdoors-1.1.4-mc1.21.1neoforge.jar with {mcwtrpdoors} mods - versions {1.1.4}
[25nov2025 22:14:42.456] [main/INFO] [net.neoforged.fml.loading.moddiscovery.ModDiscoverer/SCAN]: Found mod file "mcw-trapdoors-1.1.4-mc1.21.1neoforge.jar" [locator: {mods folder locator at D:\ServerFiles-5.1\mods}, reader: mod manifest]
[25nov2025 22:14:42.458] [main/DEBUG] [net.neoforged.fml.loading.moddiscovery.readers.JarModsDotTomlModFileReader/SCAN]: Found META-INF/neoforge.mods.toml mod of type null: D:\ServerFiles-5.1\mods\Measurements-neoforge-1.21.1-3.0.3.jar
[25nov2025 22:14:42.458] [main/DEBUG] [net.neoforged.fml.loading.moddiscovery.ModFileParser/LOADING]: Considering mod file candidate D:\ServerFiles-5.1\mods\Measurements-neoforge-1.21.1-3.0.3.jar
[25nov2025 22:14:42.458] [main/DEBUG] [net.neoforged.fml.loading.moddiscovery.ModFileInfo/LOADING]: Found valid mod file Measurements-neoforge-1.21.1-3.0.3.jar with {measurements} mods - versions {3.0.3}
[25nov2025 22:14:42.458] [main/INFO] [net.neoforged.fml.loading.moddiscovery.ModDiscoverer/SCAN]: Found mod file "Measurements-neoforge-1.21.1-3.0.3.jar" [locator: {mods folder locator at D:\ServerFiles-5.1\mods}, reader: mod manifest]
[25nov2025 22:14:42.460] [main/DEBUG] [net.neoforged.fml.loading.moddiscovery.readers.JarModsDotTomlModFileReader/SCAN]: Found META-INF/neoforge.mods.toml mod of type null: D:\ServerFiles-5.1\mods\megacells-4.10.1.jar
[25nov2025 22:14:42.460] [main/DEBUG] [net.neoforged.fml.loading.moddiscovery.ModFileParser/LOADING]: Considering mod file candidate D:\ServerFiles-5.1\mods\megacells-4.10.1.jar
[25nov2025 22:14:42.460] [main/DEBUG] [net.neoforged.fml.loading.moddiscovery.ModFileInfo/LOADING]: Found valid mod file megacells-4.10.1.jar with {megacells} mods - versions {4.10.1}
[25nov2025 22:14:42.460] [main/INFO] [net.neoforged.fml.loading.moddiscovery.ModDiscoverer/SCAN]: Found mod file "megacells-4.10.1.jar" [locator: {mods folder locator at D:\ServerFiles-5.1\mods}, reader: mod manifest]
[25nov2025 22:14:42.465] [main/DEBUG] [net.neoforged.fml.loading.moddiscovery.readers.JarModsDotTomlModFileReader/SCAN]: Found META-INF/neoforge.mods.toml mod of type null: D:\ServerFiles-5.1\mods\Mekanism-1.21.1-10.7.17.83.jar
[25nov2025 22:14:42.465] [main/DEBUG] [net.neoforged.fml.loading.moddiscovery.ModFileParser/LOADING]: Considering mod file candidate D:\ServerFiles-5.1\mods\Mekanism-1.21.1-10.7.17.83.jar
[25nov2025 22:14:42.466] [main/DEBUG] [net.neoforged.fml.loading.moddiscovery.ModFileInfo/LOADING]: Found valid mod file Mekanism-1.21.1-10.7.17.83.jar with {mekanism} mods - versions {10.7.17}
[25nov2025 22:14:42.466] [main/INFO] [net.neoforged.fml.loading.moddiscovery.ModDiscoverer/SCAN]: Found mod file "Mekanism-1.21.1-10.7.17.83.jar" [locator: {mods folder locator at D:\ServerFiles-5.1\mods}, reader: mod manifest]
[25nov2025 22:14:42.468] [main/DEBUG] [net.neoforged.fml.loading.moddiscovery.readers.JarModsDotTomlModFileReader/SCAN]: Found META-INF/neoforge.mods.toml mod of type null: D:\ServerFiles-5.1\mods\mekanismcovers-1.3-BETA+1.21.jar
[25nov2025 22:14:42.468] [main/DEBUG] [net.neoforged.fml.loading.moddiscovery.ModFileParser/LOADING]: Considering mod file candidate D:\ServerFiles-5.1\mods\mekanismcovers-1.3-BETA+1.21.jar
[25nov2025 22:14:42.469] [main/DEBUG] [net.neoforged.fml.loading.moddiscovery.ModFileInfo/LOADING]: Found valid mod file mekanismcovers-1.3-BETA+1.21.jar with {mekanismcovers} mods - versions {1.3-BETA+1.21}
[25nov2025 22:14:42.469] [main/INFO] [net.neoforged.fml.loading.moddiscovery.ModDiscoverer/SCAN]: Found mod file "mekanismcovers-1.3-BETA+1.21.jar" [locator: {mods folder locator at D:\ServerFiles-5.1\mods}, reader: mod manifest]
[25nov2025 22:14:42.471] [main/DEBUG] [net.neoforged.fml.loading.moddiscovery.readers.JarModsDotTomlModFileReader/SCAN]: Found META-INF/neoforge.mods.toml mod of type null: D:\ServerFiles-5.1\mods\MekanismGenerators-1.21.1-10.7.17.83.jar
[25nov2025 22:14:42.471] [main/DEBUG] [net.neoforged.fml.loading.moddiscovery.ModFileParser/LOADING]: Considering mod file candidate D:\ServerFiles-5.1\mods\MekanismGenerators-1.21.1-10.7.17.83.jar
[25nov2025 22:14:42.471] [main/DEBUG] [net.neoforged.fml.loading.moddiscovery.ModFileInfo/LOADING]: Found valid mod file MekanismGenerators-1.21.1-10.7.17.83.jar with {mekanismgenerators} mods - versions {10.7.17}
[25nov2025 22:14:42.471] [main/INFO] [net.neoforged.fml.loading.moddiscovery.ModDiscoverer/SCAN]: Found mod file "MekanismGenerators-1.21.1-10.7.17.83.jar" [locator: {mods folder locator at D:\ServerFiles-5.1\mods}, reader: mod manifest]
[25nov2025 22:14:42.473] [main/DEBUG] [net.neoforged.fml.loading.moddiscovery.readers.JarModsDotTomlModFileReader/SCAN]: Found META-INF/neoforge.mods.toml mod of type null: D:\ServerFiles-5.1\mods\MekanismTools-1.21.1-10.7.17.83.jar
[25nov2025 22:14:42.473] [main/DEBUG] [net.neoforged.fml.loading.moddiscovery.ModFileParser/LOADING]: Considering mod file candidate D:\ServerFiles-5.1\mods\MekanismTools-1.21.1-10.7.17.83.jar
[25nov2025 22:14:42.473] [main/DEBUG] [net.neoforged.fml.loading.moddiscovery.ModFileInfo/LOADING]: Found valid mod file MekanismTools-1.21.1-10.7.17.83.jar with {mekanismtools} mods - versions {10.7.17}
[25nov2025 22:14:42.473] [main/INFO] [net.neoforged.fml.loading.moddiscovery.ModDiscoverer/SCAN]: Found mod file "MekanismTools-1.21.1-10.7.17.83.jar" [locator: {mods folder locator at D:\ServerFiles-5.1\mods}, reader: mod manifest]
[25nov2025 22:14:42.475] [main/DEBUG] [net.neoforged.fml.loading.moddiscovery.readers.JarModsDotTomlModFileReader/SCAN]: Found META-INF/neoforge.mods.toml mod of type null: D:\ServerFiles-5.1\mods\mekanisticrouters-1.1.1.jar
[25nov2025 22:14:42.475] [main/DEBUG] [net.neoforged.fml.loading.moddiscovery.ModFileParser/LOADING]: Considering mod file candidate D:\ServerFiles-5.1\mods\mekanisticrouters-1.1.1.jar
[25nov2025 22:14:42.476] [main/DEBUG] [net.neoforged.fml.loading.moddiscovery.ModFileInfo/LOADING]: Found valid mod file mekanisticrouters-1.1.1.jar with {mekanisticrouters} mods - versions {1.1.1}
[25nov2025 22:14:42.476] [main/INFO] [net.neoforged.fml.loading.moddiscovery.ModDiscoverer/SCAN]: Found mod file "mekanisticrouters-1.1.1.jar" [locator: {mods folder locator at D:\ServerFiles-5.1\mods}, reader: mod manifest]
[25nov2025 22:14:42.478] [main/DEBUG] [net.neoforged.fml.loading.moddiscovery.readers.JarModsDotTomlModFileReader/SCAN]: Found META-INF/neoforge.mods.toml mod of type null: D:\ServerFiles-5.1\mods\mekmm-1.21.1-1.0.6.jar
[25nov2025 22:14:42.479] [main/DEBUG] [net.neoforged.fml.loading.moddiscovery.ModFileParser/LOADING]: Considering mod file candidate D:\ServerFiles-5.1\mods\mekmm-1.21.1-1.0.6.jar
[25nov2025 22:14:42.480] [main/DEBUG] [net.neoforged.fml.loading.moddiscovery.ModFileInfo/LOADING]: Found valid mod file mekmm-1.21.1-1.0.6.jar with {mekmm} mods - versions {1.21.1-1.0.6}
[25nov2025 22:14:42.480] [main/INFO] [net.neoforged.fml.loading.moddiscovery.ModDiscoverer/SCAN]: Found mod file "mekmm-1.21.1-1.0.6.jar" [locator: {mods folder locator at D:\ServerFiles-5.1\mods}, reader: mod manifest]
[25nov2025 22:14:42.481] [main/DEBUG] [net.neoforged.fml.loading.moddiscovery.readers.JarModsDotTomlModFileReader/SCAN]: Found META-INF/neoforge.mods.toml mod of type null: D:\ServerFiles-5.1\mods\melody_neoforge_1.0.10_MC_1.21.jar
[25nov2025 22:14:42.481] [main/DEBUG] [net.neoforged.fml.loading.moddiscovery.ModFileParser/LOADING]: Considering mod file candidate D:\ServerFiles-5.1\mods\melody_neoforge_1.0.10_MC_1.21.jar
[25nov2025 22:14:42.483] [main/DEBUG] [net.neoforged.fml.loading.moddiscovery.ModFileInfo/LOADING]: Found valid mod file melody_neoforge_1.0.10_MC_1.21.jar with {melody} mods - versions {1.0.10}
[25nov2025 22:14:42.483] [main/INFO] [net.neoforged.fml.loading.moddiscovery.ModDiscoverer/SCAN]: Found mod file "melody_neoforge_1.0.10_MC_1.21.jar" [locator: {mods folder locator at D:\ServerFiles-5.1\mods}, reader: mod manifest]
[25nov2025 22:14:42.485] [main/DEBUG] [net.neoforged.fml.loading.moddiscovery.readers.JarModsDotTomlModFileReader/SCAN]: Found META-INF/neoforge.mods.toml mod of type null: D:\ServerFiles-5.1\mods\memorysettings-1.21-5.9.jar
[25nov2025 22:14:42.485] [main/DEBUG] [net.neoforged.fml.loading.moddiscovery.ModFileParser/LOADING]: Considering mod file candidate D:\ServerFiles-5.1\mods\memorysettings-1.21-5.9.jar
[25nov2025 22:14:42.486] [main/DEBUG] [net.neoforged.fml.loading.moddiscovery.ModFileInfo/LOADING]: Found valid mod file memorysettings-1.21-5.9.jar with {memorysettings} mods - versions {5.9}
[25nov2025 22:14:42.486] [main/INFO] [net.neoforged.fml.loading.moddiscovery.ModDiscoverer/SCAN]: Found mod file "memorysettings-1.21-5.9.jar" [locator: {mods folder locator at D:\ServerFiles-5.1\mods}, reader: mod manifest]
[25nov2025 22:14:42.487] [main/DEBUG] [net.neoforged.fml.loading.moddiscovery.readers.JarModsDotTomlModFileReader/SCAN]: Found META-INF/neoforge.mods.toml mod of type null: D:\ServerFiles-5.1\mods\merequester-neoforge-1.21.1-1.4.1.jar
[25nov2025 22:14:42.487] [main/DEBUG] [net.neoforged.fml.loading.moddiscovery.ModFileParser/LOADING]: Considering mod file candidate D:\ServerFiles-5.1\mods\merequester-neoforge-1.21.1-1.4.1.jar
[25nov2025 22:14:42.487] [main/DEBUG] [net.neoforged.fml.loading.moddiscovery.ModFileInfo/LOADING]: Found valid mod file merequester-neoforge-1.21.1-1.4.1.jar with {merequester} mods - versions {1.21.1-1.4.1}
[25nov2025 22:14:42.487] [main/INFO] [net.neoforged.fml.loading.moddiscovery.ModDiscoverer/SCAN]: Found mod file "merequester-neoforge-1.21.1-1.4.1.jar" [locator: {mods folder locator at D:\ServerFiles-5.1\mods}, reader: mod manifest]
[25nov2025 22:14:42.490] [main/DEBUG] [net.neoforged.fml.loading.moddiscovery.readers.JarModsDotTomlModFileReader/SCAN]: Found META-INF/neoforge.mods.toml mod of type null: D:\ServerFiles-5.1\mods\merrymaking-1.21.1-10.jar
[25nov2025 22:14:42.490] [main/DEBUG] [net.neoforged.fml.loading.moddiscovery.ModFileParser/LOADING]: Considering mod file candidate D:\ServerFiles-5.1\mods\merrymaking-1.21.1-10.jar
[25nov2025 22:14:42.490] [main/DEBUG] [net.neoforged.fml.loading.moddiscovery.ModFileInfo/LOADING]: Found valid mod file merrymaking-1.21.1-10.jar with {merrymaking} mods - versions {1.0.0}
[25nov2025 22:14:42.490] [main/INFO] [net.neoforged.fml.loading.moddiscovery.ModDiscoverer/SCAN]: Found mod file "merrymaking-1.21.1-10.jar" [locator: {mods folder locator at D:\ServerFiles-5.1\mods}, reader: mod manifest]
[25nov2025 22:14:42.492] [main/DEBUG] [net.neoforged.fml.loading.moddiscovery.readers.JarModsDotTomlModFileReader/SCAN]: Found META-INF/neoforge.mods.toml mod of type null: D:\ServerFiles-5.1\mods\mes-1.4.6-1.21.jar
[25nov2025 22:14:42.492] [main/DEBUG] [net.neoforged.fml.loading.moddiscovery.ModFileParser/LOADING]: Considering mod file candidate D:\ServerFiles-5.1\mods\mes-1.4.6-1.21.jar
[25nov2025 22:14:42.492] [main/DEBUG] [net.neoforged.fml.loading.moddiscovery.ModFileInfo/LOADING]: Found valid mod file mes-1.4.6-1.21.jar with {mes} mods - versions {1.4.6-1.21}
[25nov2025 22:14:42.492] [main/INFO] [net.neoforged.fml.loading.moddiscovery.ModDiscoverer/SCAN]: Found mod file "mes-1.4.6-1.21.jar" [locator: {mods folder locator at D:\ServerFiles-5.1\mods}, reader: mod manifest]
[25nov2025 22:14:42.494] [main/DEBUG] [net.neoforged.fml.loading.moddiscovery.readers.JarModsDotTomlModFileReader/SCAN]: Found META-INF/neoforge.mods.toml mod of type null: D:\ServerFiles-5.1\mods\mffs-5.4.17.jar
[25nov2025 22:14:42.494] [main/DEBUG] [net.neoforged.fml.loading.moddiscovery.ModFileParser/LOADING]: Considering mod file candidate D:\ServerFiles-5.1\mods\mffs-5.4.17.jar
[25nov2025 22:14:42.494] [main/DEBUG] [net.neoforged.fml.loading.moddiscovery.ModFileInfo/LOADING]: Found valid mod file mffs-5.4.17.jar with {mffs} mods - versions {5.4.17}
[25nov2025 22:14:42.494] [main/INFO] [net.neoforged.fml.loading.moddiscovery.ModDiscoverer/SCAN]: Found mod file "mffs-5.4.17.jar" [locator: {mods folder locator at D:\ServerFiles-5.1\mods}, reader: mod manifest]
[25nov2025 22:14:42.495] [main/DEBUG] [net.neoforged.fml.loading.moddiscovery.readers.JarModsDotTomlModFileReader/SCAN]: Found META-INF/neoforge.mods.toml mod of type null: D:\ServerFiles-5.1\mods\mifa-neoforge-1.21.x-2.1.0.jar
[25nov2025 22:14:42.496] [main/DEBUG] [net.neoforged.fml.loading.moddiscovery.ModFileParser/LOADING]: Considering mod file candidate D:\ServerFiles-5.1\mods\mifa-neoforge-1.21.x-2.1.0.jar
[25nov2025 22:14:42.496] [main/DEBUG] [net.neoforged.fml.loading.moddiscovery.ModFileInfo/LOADING]: Found valid mod file mifa-neoforge-1.21.x-2.1.0.jar with {mifa} mods - versions {2.1.0}
[25nov2025 22:14:42.496] [main/INFO] [net.neoforged.fml.loading.moddiscovery.ModDiscoverer/SCAN]: Found mod file "mifa-neoforge-1.21.x-2.1.0.jar" [locator: {mods folder locator at D:\ServerFiles-5.1\mods}, reader: mod manifest]
[25nov2025 22:14:42.504] [main/DEBUG] [net.neoforged.fml.loading.moddiscovery.readers.JarModsDotTomlModFileReader/SCAN]: Found META-INF/neoforge.mods.toml mod of type null: D:\ServerFiles-5.1\mods\minecolonies-1.1.1194-1.21.1-snapshot.jar
[25nov2025 22:14:42.504] [main/DEBUG] [net.neoforged.fml.loading.moddiscovery.ModFileParser/LOADING]: Considering mod file candidate D:\ServerFiles-5.1\mods\minecolonies-1.1.1194-1.21.1-snapshot.jar
[25nov2025 22:14:42.505] [main/DEBUG] [net.neoforged.fml.loading.moddiscovery.ModFileInfo/LOADING]: Found valid mod file minecolonies-1.1.1194-1.21.1-snapshot.jar with {minecolonies} mods - versions {1.1.1194-1.21.1-snapshot}
[25nov2025 22:14:42.505] [main/INFO] [net.neoforged.fml.loading.moddiscovery.ModDiscoverer/SCAN]: Found mod file "minecolonies-1.1.1194-1.21.1-snapshot.jar" [locator: {mods folder locator at D:\ServerFiles-5.1\mods}, reader: mod manifest]
[25nov2025 22:14:42.507] [main/DEBUG] [net.neoforged.fml.loading.moddiscovery.readers.JarModsDotTomlModFileReader/SCAN]: Found META-INF/neoforge.mods.toml mod of type null: D:\ServerFiles-5.1\mods\mininggadgets-1.18.6.jar
[25nov2025 22:14:42.507] [main/DEBUG] [net.neoforged.fml.loading.moddiscovery.ModFileParser/LOADING]: Considering mod file candidate D:\ServerFiles-5.1\mods\mininggadgets-1.18.6.jar
[25nov2025 22:14:42.507] [main/DEBUG] [net.neoforged.fml.loading.moddiscovery.ModFileInfo/LOADING]: Found valid mod file mininggadgets-1.18.6.jar with {mininggadgets} mods - versions {1.18.6}
[25nov2025 22:14:42.507] [main/INFO] [net.neoforged.fml.loading.moddiscovery.ModDiscoverer/SCAN]: Found mod file "mininggadgets-1.18.6.jar" [locator: {mods folder locator at D:\ServerFiles-5.1\mods}, reader: mod manifest]
[25nov2025 22:14:42.509] [main/DEBUG] [net.neoforged.fml.loading.moddiscovery.readers.JarModsDotTomlModFileReader/SCAN]: Found META-INF/neoforge.mods.toml mod of type null: D:\ServerFiles-5.1\mods\mob_grinding_utils-1.1.10+mc1.21.1.jar
[25nov2025 22:14:42.509] [main/DEBUG] [net.neoforged.fml.loading.moddiscovery.ModFileParser/LOADING]: Considering mod file candidate D:\ServerFiles-5.1\mods\mob_grinding_utils-1.1.10+mc1.21.1.jar
[25nov2025 22:14:42.509] [main/DEBUG] [net.neoforged.fml.loading.moddiscovery.ModFileInfo/LOADING]: Found valid mod file mob_grinding_utils-1.1.10+mc1.21.1.jar with {mob_grinding_utils} mods - versions {1.1.10+mc1.21.1}
[25nov2025 22:14:42.510] [main/INFO] [net.neoforged.fml.loading.moddiscovery.ModDiscoverer/SCAN]: Found mod file "mob_grinding_utils-1.1.10+mc1.21.1.jar" [locator: {mods folder locator at D:\ServerFiles-5.1\mods}, reader: mod manifest]
[25nov2025 22:14:42.511] [main/DEBUG] [net.neoforged.fml.loading.moddiscovery.readers.JarModsDotTomlModFileReader/SCAN]: Found META-INF/neoforge.mods.toml mod of type null: D:\ServerFiles-5.1\mods\Modern-Dynamics-0.9.6.jar
[25nov2025 22:14:42.511] [main/DEBUG] [net.neoforged.fml.loading.moddiscovery.ModFileParser/LOADING]: Considering mod file candidate D:\ServerFiles-5.1\mods\Modern-Dynamics-0.9.6.jar
[25nov2025 22:14:42.511] [main/DEBUG] [net.neoforged.fml.loading.moddiscovery.ModFileInfo/LOADING]: Found valid mod file Modern-Dynamics-0.9.6.jar with {moderndynamics} mods - versions {0.9.6}
[25nov2025 22:14:42.511] [main/INFO] [net.neoforged.fml.loading.moddiscovery.ModDiscoverer/SCAN]: Found mod file "Modern-Dynamics-0.9.6.jar" [locator: {mods folder locator at D:\ServerFiles-5.1\mods}, reader: mod manifest]
[25nov2025 22:14:42.515] [main/DEBUG] [net.neoforged.fml.loading.moddiscovery.readers.JarModsDotTomlModFileReader/SCAN]: Found META-INF/neoforge.mods.toml mod of type null: D:\ServerFiles-5.1\mods\Modern-Industrialization-2.3.16.jar
[25nov2025 22:14:42.515] [main/DEBUG] [net.neoforged.fml.loading.moddiscovery.ModFileParser/LOADING]: Considering mod file candidate D:\ServerFiles-5.1\mods\Modern-Industrialization-2.3.16.jar
[25nov2025 22:14:42.516] [main/DEBUG] [net.neoforged.fml.loading.moddiscovery.ModFileInfo/LOADING]: Found valid mod file Modern-Industrialization-2.3.16.jar with {modern_industrialization} mods - versions {2.3.16}
[25nov2025 22:14:42.516] [main/INFO] [net.neoforged.fml.loading.moddiscovery.ModDiscoverer/SCAN]: Found mod file "Modern-Industrialization-2.3.16.jar" [locator: {mods folder locator at D:\ServerFiles-5.1\mods}, reader: mod manifest]
[25nov2025 22:14:42.518] [main/DEBUG] [net.neoforged.fml.loading.moddiscovery.readers.JarModsDotTomlModFileReader/SCAN]: Found META-INF/neoforge.mods.toml mod of type null: D:\ServerFiles-5.1\mods\modernfix-neoforge-5.25.1+mc1.21.1.jar
[25nov2025 22:14:42.518] [main/DEBUG] [net.neoforged.fml.loading.moddiscovery.ModFileParser/LOADING]: Considering mod file candidate D:\ServerFiles-5.1\mods\modernfix-neoforge-5.25.1+mc1.21.1.jar
[25nov2025 22:14:42.518] [main/DEBUG] [net.neoforged.fml.loading.moddiscovery.ModFileInfo/LOADING]: Found valid mod file modernfix-neoforge-5.25.1+mc1.21.1.jar with {modernfix} mods - versions {5.25.1+mc1.21.1}
[25nov2025 22:14:42.518] [main/INFO] [net.neoforged.fml.loading.moddiscovery.ModDiscoverer/SCAN]: Found mod file "modernfix-neoforge-5.25.1+mc1.21.1.jar" [locator: {mods folder locator at D:\ServerFiles-5.1\mods}, reader: mod manifest]
[25nov2025 22:14:42.520] [main/DEBUG] [net.neoforged.fml.loading.moddiscovery.readers.JarModsDotTomlModFileReader/SCAN]: Found META-INF/neoforge.mods.toml mod of type null: D:\ServerFiles-5.1\mods\modonomicon-1.21.1-neoforge-1.117.2.jar
[25nov2025 22:14:42.520] [main/DEBUG] [net.neoforged.fml.loading.moddiscovery.ModFileParser/LOADING]: Considering mod file candidate D:\ServerFiles-5.1\mods\modonomicon-1.21.1-neoforge-1.117.2.jar
[25nov2025 22:14:42.520] [main/DEBUG] [net.neoforged.fml.loading.moddiscovery.ModFileInfo/LOADING]: Found valid mod file modonomicon-1.21.1-neoforge-1.117.2.jar with {modonomicon} mods - versions {1.117.2}
[25nov2025 22:14:42.520] [main/INFO] [net.neoforged.fml.loading.moddiscovery.ModDiscoverer/SCAN]: Found mod file "modonomicon-1.21.1-neoforge-1.117.2.jar" [locator: {mods folder locator at D:\ServerFiles-5.1\mods}, reader: mod manifest]
[25nov2025 22:14:42.522] [main/DEBUG] [net.neoforged.fml.loading.moddiscovery.readers.JarModsDotTomlModFileReader/SCAN]: Found META-INF/neoforge.mods.toml mod of type null: D:\ServerFiles-5.1\mods\modular-routers-13.2.3+mc1.21.1.jar
[25nov2025 22:14:42.523] [main/DEBUG] [net.neoforged.fml.loading.moddiscovery.ModFileParser/LOADING]: Considering mod file candidate D:\ServerFiles-5.1\mods\modular-routers-13.2.3+mc1.21.1.jar
[25nov2025 22:14:42.523] [main/DEBUG] [net.neoforged.fml.loading.moddiscovery.ModFileInfo/LOADING]: Found valid mod file modular-routers-13.2.3+mc1.21.1.jar with {modularrouters} mods - versions {13.2.3}
[25nov2025 22:14:42.523] [main/INFO] [net.neoforged.fml.loading.moddiscovery.ModDiscoverer/SCAN]: Found mod file "modular-routers-13.2.3+mc1.21.1.jar" [locator: {mods folder locator at D:\ServerFiles-5.1\mods}, reader: mod manifest]
[25nov2025 22:14:42.525] [main/DEBUG] [net.neoforged.fml.loading.moddiscovery.readers.JarModsDotTomlModFileReader/SCAN]: Found META-INF/neoforge.mods.toml mod of type null: D:\ServerFiles-5.1\mods\ModularBees-1.21.1-2.1-neoforge.jar
[25nov2025 22:14:42.525] [main/DEBUG] [net.neoforged.fml.loading.moddiscovery.ModFileParser/LOADING]: Considering mod file candidate D:\ServerFiles-5.1\mods\ModularBees-1.21.1-2.1-neoforge.jar
[25nov2025 22:14:42.525] [main/DEBUG] [net.neoforged.fml.loading.moddiscovery.ModFileInfo/LOADING]: Found valid mod file ModularBees-1.21.1-2.1-neoforge.jar with {modularbees} mods - versions {1.21.1-2.1-neoforge}
[25nov2025 22:14:42.525] [main/INFO] [net.neoforged.fml.loading.moddiscovery.ModDiscoverer/SCAN]: Found mod file "ModularBees-1.21.1-2.1-neoforge.jar" [locator: {mods folder locator at D:\ServerFiles-5.1\mods}, reader: mod manifest]
[25nov2025 22:14:42.526] [main/DEBUG] [net.neoforged.fml.loading.moddiscovery.readers.JarModsDotTomlModFileReader/SCAN]: Found META-INF/neoforge.mods.toml mod of type null: D:\ServerFiles-5.1\mods\monolib-neoforge-1.21.1-2.1.0.jar
[25nov2025 22:14:42.526] [main/DEBUG] [net.neoforged.fml.loading.moddiscovery.ModFileParser/LOADING]: Considering mod file candidate D:\ServerFiles-5.1\mods\monolib-neoforge-1.21.1-2.1.0.jar
[25nov2025 22:14:42.527] [main/DEBUG] [net.neoforged.fml.loading.moddiscovery.ModFileInfo/LOADING]: Found valid mod file monolib-neoforge-1.21.1-2.1.0.jar with {monolib} mods - versions {2.1.0}
[25nov2025 22:14:42.527] [main/INFO] [net.neoforged.fml.loading.moddiscovery.ModDiscoverer/SCAN]: Found mod file "monolib-neoforge-1.21.1-2.1.0.jar" [locator: {mods folder locator at D:\ServerFiles-5.1\mods}, reader: mod manifest]
[25nov2025 22:14:42.528] [main/DEBUG] [net.neoforged.fml.loading.moddiscovery.readers.JarModsDotTomlModFileReader/SCAN]: Found META-INF/neoforge.mods.toml mod of type null: D:\ServerFiles-5.1\mods\moogs_structures-1.0.1-1.21-1.21.1-neoforge.jar
[25nov2025 22:14:42.528] [main/DEBUG] [net.neoforged.fml.loading.moddiscovery.ModFileParser/LOADING]: Considering mod file candidate D:\ServerFiles-5.1\mods\moogs_structures-1.0.1-1.21-1.21.1-neoforge.jar
[25nov2025 22:14:42.528] [main/DEBUG] [net.neoforged.fml.loading.moddiscovery.ModFileInfo/LOADING]: Found valid mod file moogs_structures-1.0.1-1.21-1.21.1-neoforge.jar with {moogs_structures} mods - versions {1.0.1-1.21-1.21.1}
[25nov2025 22:14:42.528] [main/INFO] [net.neoforged.fml.loading.moddiscovery.ModDiscoverer/SCAN]: Found mod file "moogs_structures-1.0.1-1.21-1.21.1-neoforge.jar" [locator: {mods folder locator at D:\ServerFiles-5.1\mods}, reader: mod manifest]
[25nov2025 22:14:42.530] [main/DEBUG] [net.neoforged.fml.loading.moddiscovery.readers.JarModsDotTomlModFileReader/SCAN]: Found META-INF/neoforge.mods.toml mod of type null: D:\ServerFiles-5.1\mods\MoogsNetherStructures-1.21-2.0.0.jar
[25nov2025 22:14:42.530] [main/DEBUG] [net.neoforged.fml.loading.moddiscovery.ModFileParser/LOADING]: Considering mod file candidate D:\ServerFiles-5.1\mods\MoogsNetherStructures-1.21-2.0.0.jar
[25nov2025 22:14:42.531] [main/DEBUG] [net.neoforged.fml.loading.moddiscovery.ModFileInfo/LOADING]: Found valid mod file MoogsNetherStructures-1.21-2.0.0.jar with {mns} mods - versions {2.0.0}
[25nov2025 22:14:42.531] [main/INFO] [net.neoforged.fml.loading.moddiscovery.ModDiscoverer/SCAN]: Found mod file "MoogsNetherStructures-1.21-2.0.0.jar" [locator: {mods folder locator at D:\ServerFiles-5.1\mods}, reader: mod manifest]
[25nov2025 22:14:42.533] [main/DEBUG] [net.neoforged.fml.loading.moddiscovery.readers.JarModsDotTomlModFileReader/SCAN]: Found META-INF/neoforge.mods.toml mod of type null: D:\ServerFiles-5.1\mods\MoogsSoaringStructures-1.21-2.0.0.jar
[25nov2025 22:14:42.533] [main/DEBUG] [net.neoforged.fml.loading.moddiscovery.ModFileParser/LOADING]: Considering mod file candidate D:\ServerFiles-5.1\mods\MoogsSoaringStructures-1.21-2.0.0.jar
[25nov2025 22:14:42.534] [main/DEBUG] [net.neoforged.fml.loading.moddiscovery.ModFileInfo/LOADING]: Found valid mod file MoogsSoaringStructures-1.21-2.0.0.jar with {mss} mods - versions {2.0.0}
[25nov2025 22:14:42.534] [main/INFO] [net.neoforged.fml.loading.moddiscovery.ModDiscoverer/SCAN]: Found mod file "MoogsSoaringStructures-1.21-2.0.0.jar" [locator: {mods folder locator at D:\ServerFiles-5.1\mods}, reader: mod manifest]
[25nov2025 22:14:42.535] [main/DEBUG] [net.neoforged.fml.loading.moddiscovery.readers.JarModsDotTomlModFileReader/SCAN]: Found META-INF/neoforge.mods.toml mod of type null: D:\ServerFiles-5.1\mods\MoogsVoyagerStructures-1.21-5.0.1.jar
[25nov2025 22:14:42.535] [main/DEBUG] [net.neoforged.fml.loading.moddiscovery.ModFileParser/LOADING]: Considering mod file candidate D:\ServerFiles-5.1\mods\MoogsVoyagerStructures-1.21-5.0.1.jar
[25nov2025 22:14:42.536] [main/DEBUG] [net.neoforged.fml.loading.moddiscovery.ModFileInfo/LOADING]: Found valid mod file MoogsVoyagerStructures-1.21-5.0.1.jar with {mvs} mods - versions {5.0.1}
[25nov2025 22:14:42.536] [main/INFO] [net.neoforged.fml.loading.moddiscovery.ModDiscoverer/SCAN]: Found mod file "MoogsVoyagerStructures-1.21-5.0.1.jar" [locator: {mods folder locator at D:\ServerFiles-5.1\mods}, reader: mod manifest]
[25nov2025 22:14:42.537] [main/DEBUG] [net.neoforged.fml.loading.moddiscovery.readers.JarModsDotTomlModFileReader/SCAN]: Found META-INF/neoforge.mods.toml mod of type null: D:\ServerFiles-5.1\mods\moonlight-1.21-2.26.3-neoforge.jar
[25nov2025 22:14:42.537] [main/DEBUG] [net.neoforged.fml.loading.moddiscovery.ModFileParser/LOADING]: Considering mod file candidate D:\ServerFiles-5.1\mods\moonlight-1.21-2.26.3-neoforge.jar
[25nov2025 22:14:42.538] [main/DEBUG] [net.neoforged.fml.loading.moddiscovery.ModFileInfo/LOADING]: Found valid mod file moonlight-1.21-2.26.3-neoforge.jar with {moonlight} mods - versions {1.21-2.26.3}
[25nov2025 22:14:42.538] [main/INFO] [net.neoforged.fml.loading.moddiscovery.ModDiscoverer/SCAN]: Found mod file "moonlight-1.21-2.26.3-neoforge.jar" [locator: {mods folder locator at D:\ServerFiles-5.1\mods}, reader: mod manifest]
[25nov2025 22:14:42.539] [main/DEBUG] [net.neoforged.fml.loading.moddiscovery.readers.JarModsDotTomlModFileReader/SCAN]: Found META-INF/neoforge.mods.toml mod of type null: D:\ServerFiles-5.1\mods\moredragoneggs-5.0.jar
[25nov2025 22:14:42.539] [main/DEBUG] [net.neoforged.fml.loading.moddiscovery.ModFileParser/LOADING]: Considering mod file candidate D:\ServerFiles-5.1\mods\moredragoneggs-5.0.jar
[25nov2025 22:14:42.540] [main/DEBUG] [net.neoforged.fml.loading.moddiscovery.ModFileInfo/LOADING]: Found valid mod file moredragoneggs-5.0.jar with {moredragoneggs} mods - versions {5.0}
[25nov2025 22:14:42.540] [main/INFO] [net.neoforged.fml.loading.moddiscovery.ModDiscoverer/SCAN]: Found mod file "moredragoneggs-5.0.jar" [locator: {mods folder locator at D:\ServerFiles-5.1\mods}, reader: mod manifest]
[25nov2025 22:14:42.541] [main/DEBUG] [net.neoforged.fml.loading.moddiscovery.readers.JarModsDotTomlModFileReader/SCAN]: Found META-INF/neoforge.mods.toml mod of type null: D:\ServerFiles-5.1\mods\morered-1.21.1-6.0.0.3.jar
[25nov2025 22:14:42.541] [main/DEBUG] [net.neoforged.fml.loading.moddiscovery.ModFileParser/LOADING]: Considering mod file candidate D:\ServerFiles-5.1\mods\morered-1.21.1-6.0.0.3.jar
[25nov2025 22:14:42.542] [main/DEBUG] [net.neoforged.fml.loading.moddiscovery.ModFileInfo/LOADING]: Found valid mod file morered-1.21.1-6.0.0.3.jar with {morered} mods - versions {6.0.0.3}
[25nov2025 22:14:42.542] [main/INFO] [net.neoforged.fml.loading.moddiscovery.ModDiscoverer/SCAN]: Found mod file "morered-1.21.1-6.0.0.3.jar" [locator: {mods folder locator at D:\ServerFiles-5.1\mods}, reader: mod manifest]
[25nov2025 22:14:42.544] [main/DEBUG] [net.neoforged.fml.loading.moddiscovery.readers.JarModsDotTomlModFileReader/SCAN]: Found META-INF/neoforge.mods.toml mod of type null: D:\ServerFiles-5.1\mods\MoreRed-CCT-Compat-1.21.1-1.3.0.jar
[25nov2025 22:14:42.544] [main/DEBUG] [net.neoforged.fml.loading.moddiscovery.ModFileParser/LOADING]: Considering mod file candidate D:\ServerFiles-5.1\mods\MoreRed-CCT-Compat-1.21.1-1.3.0.jar
[25nov2025 22:14:42.544] [main/DEBUG] [net.neoforged.fml.loading.moddiscovery.ModFileInfo/LOADING]: Found valid mod file MoreRed-CCT-Compat-1.21.1-1.3.0.jar with {moreredxcctcompat} mods - versions {1.21.1-1.3.0}
[25nov2025 22:14:42.544] [main/INFO] [net.neoforged.fml.loading.moddiscovery.ModDiscoverer/SCAN]: Found mod file "MoreRed-CCT-Compat-1.21.1-1.3.0.jar" [locator: {mods folder locator at D:\ServerFiles-5.1\mods}, reader: mod manifest]
[25nov2025 22:14:42.545] [main/DEBUG] [net.neoforged.fml.loading.moddiscovery.readers.JarModsDotTomlModFileReader/SCAN]: Found META-INF/neoforge.mods.toml mod of type null: D:\ServerFiles-5.1\mods\mostructures-neoforge-1.6.0+1.21.1.jar
[25nov2025 22:14:42.545] [main/DEBUG] [net.neoforged.fml.loading.moddiscovery.ModFileParser/LOADING]: Considering mod file candidate D:\ServerFiles-5.1\mods\mostructures-neoforge-1.6.0+1.21.1.jar
[25nov2025 22:14:42.546] [main/DEBUG] [net.neoforged.fml.loading.moddiscovery.ModFileInfo/LOADING]: Found valid mod file mostructures-neoforge-1.6.0+1.21.1.jar with {mostructures} mods - versions {1.6.0+1.21.1}
[25nov2025 22:14:42.546] [main/INFO] [net.neoforged.fml.loading.moddiscovery.ModDiscoverer/SCAN]: Found mod file "mostructures-neoforge-1.6.0+1.21.1.jar" [locator: {mods folder locator at D:\ServerFiles-5.1\mods}, reader: mod manifest]
[25nov2025 22:14:42.547] [main/DEBUG] [net.neoforged.fml.loading.moddiscovery.readers.JarModsDotTomlModFileReader/SCAN]: Found META-INF/neoforge.mods.toml mod of type null: D:\ServerFiles-5.1\mods\MouseTweaks-neoforge-mc1.21-2.26.1.jar
[25nov2025 22:14:42.547] [main/DEBUG] [net.neoforged.fml.loading.moddiscovery.ModFileParser/LOADING]: Considering mod file candidate D:\ServerFiles-5.1\mods\MouseTweaks-neoforge-mc1.21-2.26.1.jar
[25nov2025 22:14:42.547] [main/DEBUG] [net.neoforged.fml.loading.moddiscovery.ModFileInfo/LOADING]: Found valid mod file MouseTweaks-neoforge-mc1.21-2.26.1.jar with {mousetweaks} mods - versions {2.26.1}
[25nov2025 22:14:42.547] [main/INFO] [net.neoforged.fml.loading.moddiscovery.ModDiscoverer/SCAN]: Found mod file "MouseTweaks-neoforge-mc1.21-2.26.1.jar" [locator: {mods folder locator at D:\ServerFiles-5.1\mods}, reader: mod manifest]
[25nov2025 22:14:42.549] [main/DEBUG] [net.neoforged.fml.loading.moddiscovery.readers.JarModsDotTomlModFileReader/SCAN]: Found META-INF/neoforge.mods.toml mod of type null: D:\ServerFiles-5.1\mods\multipiston-1.2.58-1.21.1.jar
[25nov2025 22:14:42.549] [main/DEBUG] [net.neoforged.fml.loading.moddiscovery.ModFileParser/LOADING]: Considering mod file candidate D:\ServerFiles-5.1\mods\multipiston-1.2.58-1.21.1.jar
[25nov2025 22:14:42.549] [main/DEBUG] [net.neoforged.fml.loading.moddiscovery.ModFileInfo/LOADING]: Found valid mod file multipiston-1.2.58-1.21.1.jar with {multipiston} mods - versions {1.2.58-1.21.1}
[25nov2025 22:14:42.549] [main/INFO] [net.neoforged.fml.loading.moddiscovery.ModDiscoverer/SCAN]: Found mod file "multipiston-1.2.58-1.21.1.jar" [locator: {mods folder locator at D:\ServerFiles-5.1\mods}, reader: mod manifest]
[25nov2025 22:14:42.551] [main/DEBUG] [net.neoforged.fml.loading.moddiscovery.readers.JarModsDotTomlModFileReader/SCAN]: Found META-INF/neoforge.mods.toml mod of type null: D:\ServerFiles-5.1\mods\MysticalAgradditions-1.21.1-8.0.10.jar
[25nov2025 22:14:42.551] [main/DEBUG] [net.neoforged.fml.loading.moddiscovery.ModFileParser/LOADING]: Considering mod file candidate D:\ServerFiles-5.1\mods\MysticalAgradditions-1.21.1-8.0.10.jar
[25nov2025 22:14:42.551] [main/DEBUG] [net.neoforged.fml.loading.moddiscovery.ModFileInfo/LOADING]: Found valid mod file MysticalAgradditions-1.21.1-8.0.10.jar with {mysticalagradditions} mods - versions {8.0.10}
[25nov2025 22:14:42.551] [main/INFO] [net.neoforged.fml.loading.moddiscovery.ModDiscoverer/SCAN]: Found mod file "MysticalAgradditions-1.21.1-8.0.10.jar" [locator: {mods folder locator at D:\ServerFiles-5.1\mods}, reader: mod manifest]
[25nov2025 22:14:42.554] [main/DEBUG] [net.neoforged.fml.loading.moddiscovery.readers.JarModsDotTomlModFileReader/SCAN]: Found META-INF/neoforge.mods.toml mod of type null: D:\ServerFiles-5.1\mods\MysticalAgriculture-1.21.1-8.0.20.jar
[25nov2025 22:14:42.554] [main/DEBUG] [net.neoforged.fml.loading.moddiscovery.ModFileParser/LOADING]: Considering mod file candidate D:\ServerFiles-5.1\mods\MysticalAgriculture-1.21.1-8.0.20.jar
[25nov2025 22:14:42.554] [main/DEBUG] [net.neoforged.fml.loading.moddiscovery.ModFileInfo/LOADING]: Found valid mod file MysticalAgriculture-1.21.1-8.0.20.jar with {mysticalagriculture} mods - versions {8.0.20}
[25nov2025 22:14:42.554] [main/INFO] [net.neoforged.fml.loading.moddiscovery.ModDiscoverer/SCAN]: Found mod file "MysticalAgriculture-1.21.1-8.0.20.jar" [locator: {mods folder locator at D:\ServerFiles-5.1\mods}, reader: mod manifest]
[25nov2025 22:14:42.556] [main/DEBUG] [net.neoforged.fml.loading.moddiscovery.readers.JarModsDotTomlModFileReader/SCAN]: Found META-INF/neoforge.mods.toml mod of type null: D:\ServerFiles-5.1\mods\MysticalCustomization-1.21.1-6.0.0.jar
[25nov2025 22:14:42.556] [main/DEBUG] [net.neoforged.fml.loading.moddiscovery.ModFileParser/LOADING]: Considering mod file candidate D:\ServerFiles-5.1\mods\MysticalCustomization-1.21.1-6.0.0.jar
[25nov2025 22:14:42.556] [main/DEBUG] [net.neoforged.fml.loading.moddiscovery.ModFileInfo/LOADING]: Found valid mod file MysticalCustomization-1.21.1-6.0.0.jar with {mysticalcustomization} mods - versions {6.0.0}
[25nov2025 22:14:42.556] [main/INFO] [net.neoforged.fml.loading.moddiscovery.ModDiscoverer/SCAN]: Found mod file "MysticalCustomization-1.21.1-6.0.0.jar" [locator: {mods folder locator at D:\ServerFiles-5.1\mods}, reader: mod manifest]
[25nov2025 22:14:42.558] [main/DEBUG] [net.neoforged.fml.loading.moddiscovery.readers.JarModsDotTomlModFileReader/SCAN]: Found META-INF/neoforge.mods.toml mod of type null: D:\ServerFiles-5.1\mods\NaturesAura-41.9.jar
[25nov2025 22:14:42.558] [main/DEBUG] [net.neoforged.fml.loading.moddiscovery.ModFileParser/LOADING]: Considering mod file candidate D:\ServerFiles-5.1\mods\NaturesAura-41.9.jar
[25nov2025 22:14:42.559] [main/DEBUG] [net.neoforged.fml.loading.moddiscovery.ModFileInfo/LOADING]: Found valid mod file NaturesAura-41.9.jar with {naturesaura} mods - versions {41.9}
[25nov2025 22:14:42.559] [main/INFO] [net.neoforged.fml.loading.moddiscovery.ModDiscoverer/SCAN]: Found mod file "NaturesAura-41.9.jar" [locator: {mods folder locator at D:\ServerFiles-5.1\mods}, reader: mod manifest]
[25nov2025 22:14:42.560] [main/DEBUG] [net.neoforged.fml.loading.moddiscovery.readers.JarModsDotTomlModFileReader/SCAN]: Found META-INF/neoforge.mods.toml mod of type null: D:\ServerFiles-5.1\mods\NaturesCompass-1.21.1-3.0.3-neoforge.jar
[25nov2025 22:14:42.560] [main/DEBUG] [net.neoforged.fml.loading.moddiscovery.ModFileParser/LOADING]: Considering mod file candidate D:\ServerFiles-5.1\mods\NaturesCompass-1.21.1-3.0.3-neoforge.jar
[25nov2025 22:14:42.561] [main/DEBUG] [net.neoforged.fml.loading.moddiscovery.ModFileInfo/LOADING]: Found valid mod file NaturesCompass-1.21.1-3.0.3-neoforge.jar with {naturescompass} mods - versions {1.21.1-3.0.2-neoforge}
[25nov2025 22:14:42.561] [main/INFO] [net.neoforged.fml.loading.moddiscovery.ModDiscoverer/SCAN]: Found mod file "NaturesCompass-1.21.1-3.0.3-neoforge.jar" [locator: {mods folder locator at D:\ServerFiles-5.1\mods}, reader: mod manifest]
[25nov2025 22:14:42.562] [main/DEBUG] [net.neoforged.fml.loading.moddiscovery.readers.JarModsDotTomlModFileReader/SCAN]: Found META-INF/neoforge.mods.toml mod of type null: D:\ServerFiles-5.1\mods\netherportalfix-neoforge-1.21.1-21.1.1.jar
[25nov2025 22:14:42.562] [main/DEBUG] [net.neoforged.fml.loading.moddiscovery.ModFileParser/LOADING]: Considering mod file candidate D:\ServerFiles-5.1\mods\netherportalfix-neoforge-1.21.1-21.1.1.jar
[25nov2025 22:14:42.562] [main/DEBUG] [net.neoforged.fml.loading.moddiscovery.ModFileInfo/LOADING]: Found valid mod file netherportalfix-neoforge-1.21.1-21.1.1.jar with {netherportalfix} mods - versions {21.1.1}
[25nov2025 22:14:42.562] [main/INFO] [net.neoforged.fml.loading.moddiscovery.ModDiscoverer/SCAN]: Found mod file "netherportalfix-neoforge-1.21.1-21.1.1.jar" [locator: {mods folder locator at D:\ServerFiles-5.1\mods}, reader: mod manifest]
[25nov2025 22:14:42.564] [main/DEBUG] [net.neoforged.fml.loading.moddiscovery.readers.JarModsDotTomlModFileReader/SCAN]: Found META-INF/neoforge.mods.toml mod of type null: D:\ServerFiles-5.1\mods\NoChatReports-NEOFORGE-1.21.1-v2.9.1.jar
[25nov2025 22:14:42.564] [main/DEBUG] [net.neoforged.fml.loading.moddiscovery.ModFileParser/LOADING]: Considering mod file candidate D:\ServerFiles-5.1\mods\NoChatReports-NEOFORGE-1.21.1-v2.9.1.jar
[25nov2025 22:14:42.564] [main/DEBUG] [net.neoforged.fml.loading.moddiscovery.ModFileInfo/LOADING]: Found valid mod file NoChatReports-NEOFORGE-1.21.1-v2.9.1.jar with {nochatreports} mods - versions {1.21.1-v2.9.1}
[25nov2025 22:14:42.564] [main/INFO] [net.neoforged.fml.loading.moddiscovery.ModDiscoverer/SCAN]: Found mod file "NoChatReports-NEOFORGE-1.21.1-v2.9.1.jar" [locator: {mods folder locator at D:\ServerFiles-5.1\mods}, reader: mod manifest]
[25nov2025 22:14:42.566] [main/DEBUG] [net.neoforged.fml.loading.moddiscovery.readers.JarModsDotTomlModFileReader/SCAN]: Found META-INF/neoforge.mods.toml mod of type null: D:\ServerFiles-5.1\mods\not_enough_glyphs-1.21.1-4.2.3.0.jar
[25nov2025 22:14:42.566] [main/DEBUG] [net.neoforged.fml.loading.moddiscovery.ModFileParser/LOADING]: Considering mod file candidate D:\ServerFiles-5.1\mods\not_enough_glyphs-1.21.1-4.2.3.0.jar
[25nov2025 22:14:42.566] [main/DEBUG] [net.neoforged.fml.loading.moddiscovery.ModFileInfo/LOADING]: Found valid mod file not_enough_glyphs-1.21.1-4.2.3.0.jar with {not_enough_glyphs} mods - versions {4.2.3.0}
[25nov2025 22:14:42.566] [main/INFO] [net.neoforged.fml.loading.moddiscovery.ModDiscoverer/SCAN]: Found mod file "not_enough_glyphs-1.21.1-4.2.3.0.jar" [locator: {mods folder locator at D:\ServerFiles-5.1\mods}, reader: mod manifest]
[25nov2025 22:14:42.568] [main/DEBUG] [net.neoforged.fml.loading.moddiscovery.readers.JarModsDotTomlModFileReader/SCAN]: Found META-INF/neoforge.mods.toml mod of type null: D:\ServerFiles-5.1\mods\notenoughanimations-neoforge-1.10.6-mc1.21.1.jar
[25nov2025 22:14:42.568] [main/DEBUG] [net.neoforged.fml.loading.moddiscovery.ModFileParser/LOADING]: Considering mod file candidate D:\ServerFiles-5.1\mods\notenoughanimations-neoforge-1.10.6-mc1.21.1.jar
[25nov2025 22:14:42.568] [main/DEBUG] [net.neoforged.fml.loading.moddiscovery.ModFileInfo/LOADING]: Found valid mod file notenoughanimations-neoforge-1.10.6-mc1.21.1.jar with {notenoughanimations} mods - versions {1.10.6}
[25nov2025 22:14:42.568] [main/INFO] [net.neoforged.fml.loading.moddiscovery.ModDiscoverer/SCAN]: Found mod file "notenoughanimations-neoforge-1.10.6-mc1.21.1.jar" [locator: {mods folder locator at D:\ServerFiles-5.1\mods}, reader: mod manifest]
[25nov2025 22:14:42.569] [main/DEBUG] [net.neoforged.fml.loading.moddiscovery.readers.JarModsDotTomlModFileReader/SCAN]: Found META-INF/neoforge.mods.toml mod of type null: D:\ServerFiles-5.1\mods\novillagerdm-1.21.1-6.0.0.jar
[25nov2025 22:14:42.569] [main/DEBUG] [net.neoforged.fml.loading.moddiscovery.ModFileParser/LOADING]: Considering mod file candidate D:\ServerFiles-5.1\mods\novillagerdm-1.21.1-6.0.0.jar
[25nov2025 22:14:42.570] [main/DEBUG] [net.neoforged.fml.loading.moddiscovery.ModFileInfo/LOADING]: Found valid mod file novillagerdm-1.21.1-6.0.0.jar with {novillagerdm} mods - versions {6.0.0}
[25nov2025 22:14:42.570] [main/INFO] [net.neoforged.fml.loading.moddiscovery.ModDiscoverer/SCAN]: Found mod file "novillagerdm-1.21.1-6.0.0.jar" [locator: {mods folder locator at D:\ServerFiles-5.1\mods}, reader: mod manifest]
[25nov2025 22:14:42.571] [main/DEBUG] [net.neoforged.fml.loading.moddiscovery.readers.JarModsDotTomlModFileReader/SCAN]: Found META-INF/neoforge.mods.toml mod of type null: D:\ServerFiles-5.1\mods\Nullscape_1.21.x_v1.2.14.jar
[25nov2025 22:14:42.572] [main/DEBUG] [net.neoforged.fml.loading.moddiscovery.ModFileParser/LOADING]: Considering mod file candidate D:\ServerFiles-5.1\mods\Nullscape_1.21.x_v1.2.14.jar
[25nov2025 22:14:42.572] [main/DEBUG] [net.neoforged.fml.loading.moddiscovery.ModFileInfo/LOADING]: Found valid mod file Nullscape_1.21.x_v1.2.14.jar with {nullscape} mods - versions {1.2.14}
[25nov2025 22:14:42.572] [main/INFO] [net.neoforged.fml.loading.moddiscovery.ModDiscoverer/SCAN]: Found mod file "Nullscape_1.21.x_v1.2.14.jar" [locator: {mods folder locator at D:\ServerFiles-5.1\mods}, reader: mod manifest]
[25nov2025 22:14:42.573] [main/DEBUG] [net.neoforged.fml.loading.moddiscovery.readers.JarModsDotTomlModFileReader/SCAN]: Found META-INF/neoforge.mods.toml mod of type null: D:\ServerFiles-5.1\mods\observable-5.4.4.jar
[25nov2025 22:14:42.573] [main/DEBUG] [net.neoforged.fml.loading.moddiscovery.ModFileParser/LOADING]: Considering mod file candidate D:\ServerFiles-5.1\mods\observable-5.4.4.jar
[25nov2025 22:14:42.574] [main/DEBUG] [net.neoforged.fml.loading.moddiscovery.ModFileInfo/LOADING]: Found valid mod file observable-5.4.4.jar with {observable} mods - versions {5.4.4}
[25nov2025 22:14:42.574] [main/INFO] [net.neoforged.fml.loading.moddiscovery.ModDiscoverer/SCAN]: Found mod file "observable-5.4.4.jar" [locator: {mods folder locator at D:\ServerFiles-5.1\mods}, reader: mod manifest]
[25nov2025 22:14:42.577] [main/DEBUG] [net.neoforged.fml.loading.moddiscovery.readers.JarModsDotTomlModFileReader/SCAN]: Found META-INF/neoforge.mods.toml mod of type null: D:\ServerFiles-5.1\mods\occultism-1.21.1-neoforge-1.197.0.jar
[25nov2025 22:14:42.577] [main/DEBUG] [net.neoforged.fml.loading.moddiscovery.ModFileParser/LOADING]: Considering mod file candidate D:\ServerFiles-5.1\mods\occultism-1.21.1-neoforge-1.197.0.jar
[25nov2025 22:14:42.578] [main/DEBUG] [net.neoforged.fml.loading.moddiscovery.ModFileInfo/LOADING]: Found valid mod file occultism-1.21.1-neoforge-1.197.0.jar with {occultism} mods - versions {1.197.0}
[25nov2025 22:14:42.578] [main/INFO] [net.neoforged.fml.loading.moddiscovery.ModDiscoverer/SCAN]: Found mod file "occultism-1.21.1-neoforge-1.197.0.jar" [locator: {mods folder locator at D:\ServerFiles-5.1\mods}, reader: mod manifest]
[25nov2025 22:14:42.580] [main/DEBUG] [net.neoforged.fml.loading.moddiscovery.readers.JarModsDotTomlModFileReader/SCAN]: Found META-INF/neoforge.mods.toml mod of type null: D:\ServerFiles-5.1\mods\occultism_kubejs-1.21.1-neoforge-1.10.0.jar
[25nov2025 22:14:42.580] [main/DEBUG] [net.neoforged.fml.loading.moddiscovery.ModFileParser/LOADING]: Considering mod file candidate D:\ServerFiles-5.1\mods\occultism_kubejs-1.21.1-neoforge-1.10.0.jar
[25nov2025 22:14:42.580] [main/DEBUG] [net.neoforged.fml.loading.moddiscovery.ModFileInfo/LOADING]: Found valid mod file occultism_kubejs-1.21.1-neoforge-1.10.0.jar with {occultism_kubejs} mods - versions {1.10.0}
[25nov2025 22:14:42.580] [main/INFO] [net.neoforged.fml.loading.moddiscovery.ModDiscoverer/SCAN]: Found mod file "occultism_kubejs-1.21.1-neoforge-1.10.0.jar" [locator: {mods folder locator at D:\ServerFiles-5.1\mods}, reader: mod manifest]
[25nov2025 22:14:42.582] [main/DEBUG] [net.neoforged.fml.loading.moddiscovery.readers.JarModsDotTomlModFileReader/SCAN]: Found META-INF/neoforge.mods.toml mod of type null: D:\ServerFiles-5.1\mods\OctoLib-NEOFORGE-0.5.0.1.jar
[25nov2025 22:14:42.582] [main/DEBUG] [net.neoforged.fml.loading.moddiscovery.ModFileParser/LOADING]: Considering mod file candidate D:\ServerFiles-5.1\mods\OctoLib-NEOFORGE-0.5.0.1.jar
[25nov2025 22:14:42.582] [main/DEBUG] [net.neoforged.fml.loading.moddiscovery.ModFileInfo/LOADING]: Found valid mod file OctoLib-NEOFORGE-0.5.0.1.jar with {octolib} mods - versions {0.5.0.1}
[25nov2025 22:14:42.582] [main/INFO] [net.neoforged.fml.loading.moddiscovery.ModDiscoverer/SCAN]: Found mod file "OctoLib-NEOFORGE-0.5.0.1.jar" [locator: {mods folder locator at D:\ServerFiles-5.1\mods}, reader: mod manifest]
[25nov2025 22:14:42.586] [main/DEBUG] [net.neoforged.fml.loading.moddiscovery.readers.JarModsDotTomlModFileReader/SCAN]: Found META-INF/neoforge.mods.toml mod of type null: D:\ServerFiles-5.1\mods\Oh-The-Biomes-Weve-Gone-NeoForge-2.5.1.jar
[25nov2025 22:14:42.586] [main/DEBUG] [net.neoforged.fml.loading.moddiscovery.ModFileParser/LOADING]: Considering mod file candidate D:\ServerFiles-5.1\mods\Oh-The-Biomes-Weve-Gone-NeoForge-2.5.1.jar
[25nov2025 22:14:42.586] [main/DEBUG] [net.neoforged.fml.loading.moddiscovery.ModFileInfo/LOADING]: Found valid mod file Oh-The-Biomes-Weve-Gone-NeoForge-2.5.1.jar with {biomeswevegone} mods - versions {2.5.1}
[25nov2025 22:14:42.586] [main/INFO] [net.neoforged.fml.loading.moddiscovery.ModDiscoverer/SCAN]: Found mod file "Oh-The-Biomes-Weve-Gone-NeoForge-2.5.1.jar" [locator: {mods folder locator at D:\ServerFiles-5.1\mods}, reader: mod manifest]
[25nov2025 22:14:42.588] [main/DEBUG] [net.neoforged.fml.loading.moddiscovery.readers.JarModsDotTomlModFileReader/SCAN]: Found META-INF/neoforge.mods.toml mod of type null: D:\ServerFiles-5.1\mods\Oh-The-Trees-Youll-Grow-neoforge-1.21.1-5.1.2.jar
[25nov2025 22:14:42.588] [main/DEBUG] [net.neoforged.fml.loading.moddiscovery.ModFileParser/LOADING]: Considering mod file candidate D:\ServerFiles-5.1\mods\Oh-The-Trees-Youll-Grow-neoforge-1.21.1-5.1.2.jar
[25nov2025 22:14:42.588] [main/DEBUG] [net.neoforged.fml.loading.moddiscovery.ModFileInfo/LOADING]: Found valid mod file Oh-The-Trees-Youll-Grow-neoforge-1.21.1-5.1.2.jar with {ohthetreesyoullgrow} mods - versions {5.1.2}
[25nov2025 22:14:42.588] [main/INFO] [net.neoforged.fml.loading.moddiscovery.ModDiscoverer/SCAN]: Found mod file "Oh-The-Trees-Youll-Grow-neoforge-1.21.1-5.1.2.jar" [locator: {mods folder locator at D:\ServerFiles-5.1\mods}, reader: mod manifest]
[25nov2025 22:14:42.589] [main/DEBUG] [net.neoforged.fml.loading.moddiscovery.readers.JarModsDotTomlModFileReader/SCAN]: Found META-INF/neoforge.mods.toml mod of type null: D:\ServerFiles-5.1\mods\omegaconfig-neoforge-1.5.1.jar
[25nov2025 22:14:42.589] [main/DEBUG] [net.neoforged.fml.loading.moddiscovery.ModFileParser/LOADING]: Considering mod file candidate D:\ServerFiles-5.1\mods\omegaconfig-neoforge-1.5.1.jar
[25nov2025 22:14:42.589] [main/DEBUG] [net.neoforged.fml.loading.moddiscovery.ModFileInfo/LOADING]: Found valid mod file omegaconfig-neoforge-1.5.1.jar with {omegaconfig} mods - versions {1.5.1}
[25nov2025 22:14:42.589] [main/INFO] [net.neoforged.fml.loading.moddiscovery.ModDiscoverer/SCAN]: Found mod file "omegaconfig-neoforge-1.5.1.jar" [locator: {mods folder locator at D:\ServerFiles-5.1\mods}, reader: mod manifest]
[25nov2025 22:14:42.591] [main/DEBUG] [net.neoforged.fml.loading.moddiscovery.readers.JarModsDotTomlModFileReader/SCAN]: Found META-INF/neoforge.mods.toml mod of type null: D:\ServerFiles-5.1\mods\OpenLoader-neoforge-1.21.1-21.1.5.jar
[25nov2025 22:14:42.591] [main/DEBUG] [net.neoforged.fml.loading.moddiscovery.ModFileParser/LOADING]: Considering mod file candidate D:\ServerFiles-5.1\mods\OpenLoader-neoforge-1.21.1-21.1.5.jar
[25nov2025 22:14:42.591] [main/DEBUG] [net.neoforged.fml.loading.moddiscovery.ModFileInfo/LOADING]: Found valid mod file OpenLoader-neoforge-1.21.1-21.1.5.jar with {openloader} mods - versions {21.1.5}
[25nov2025 22:14:42.591] [main/INFO] [net.neoforged.fml.loading.moddiscovery.ModDiscoverer/SCAN]: Found mod file "OpenLoader-neoforge-1.21.1-21.1.5.jar" [locator: {mods folder locator at D:\ServerFiles-5.1\mods}, reader: mod manifest]
[25nov2025 22:14:42.594] [main/DEBUG] [net.neoforged.fml.loading.moddiscovery.readers.JarModsDotTomlModFileReader/SCAN]: Found META-INF/neoforge.mods.toml mod of type null: D:\ServerFiles-5.1\mods\oracle_index-neoforge-0.5.0.jar
[25nov2025 22:14:42.594] [main/DEBUG] [net.neoforged.fml.loading.moddiscovery.ModFileParser/LOADING]: Considering mod file candidate D:\ServerFiles-5.1\mods\oracle_index-neoforge-0.5.0.jar
[25nov2025 22:14:42.594] [main/DEBUG] [net.neoforged.fml.loading.moddiscovery.ModFileInfo/LOADING]: Found valid mod file oracle_index-neoforge-0.5.0.jar with {oracle_index} mods - versions {0.5.0}
[25nov2025 22:14:42.594] [main/INFO] [net.neoforged.fml.loading.moddiscovery.ModDiscoverer/SCAN]: Found mod file "oracle_index-neoforge-0.5.0.jar" [locator: {mods folder locator at D:\ServerFiles-5.1\mods}, reader: mod manifest]
[25nov2025 22:14:42.596] [main/DEBUG] [net.neoforged.fml.loading.moddiscovery.readers.JarModsDotTomlModFileReader/SCAN]: Found META-INF/neoforge.mods.toml mod of type null: D:\ServerFiles-5.1\mods\oritech-neoforge-1.21.1-0.19.4.jar
[25nov2025 22:14:42.596] [main/DEBUG] [net.neoforged.fml.loading.moddiscovery.ModFileParser/LOADING]: Considering mod file candidate D:\ServerFiles-5.1\mods\oritech-neoforge-1.21.1-0.19.4.jar
[25nov2025 22:14:42.597] [main/DEBUG] [net.neoforged.fml.loading.moddiscovery.ModFileInfo/LOADING]: Found valid mod file oritech-neoforge-1.21.1-0.19.4.jar with {oritech} mods - versions {0.19.4}
[25nov2025 22:14:42.597] [main/INFO] [net.neoforged.fml.loading.moddiscovery.ModDiscoverer/SCAN]: Found mod file "oritech-neoforge-1.21.1-0.19.4.jar" [locator: {mods folder locator at D:\ServerFiles-5.1\mods}, reader: mod manifest]
[25nov2025 22:14:42.598] [main/DEBUG] [net.neoforged.fml.loading.moddiscovery.readers.JarModsDotTomlModFileReader/SCAN]: Found META-INF/neoforge.mods.toml mod of type null: D:\ServerFiles-5.1\mods\overloadedarmorbar-neoforge-1.21-2.jar
[25nov2025 22:14:42.598] [main/DEBUG] [net.neoforged.fml.loading.moddiscovery.ModFileParser/LOADING]: Considering mod file candidate D:\ServerFiles-5.1\mods\overloadedarmorbar-neoforge-1.21-2.jar
[25nov2025 22:14:42.598] [main/DEBUG] [net.neoforged.fml.loading.moddiscovery.ModFileInfo/LOADING]: Found valid mod file overloadedarmorbar-neoforge-1.21-2.jar with {overloadedarmorbar} mods - versions {2}
[25nov2025 22:14:42.598] [main/INFO] [net.neoforged.fml.loading.moddiscovery.ModDiscoverer/SCAN]: Found mod file "overloadedarmorbar-neoforge-1.21-2.jar" [locator: {mods folder locator at D:\ServerFiles-5.1\mods}, reader: mod manifest]
[25nov2025 22:14:42.600] [main/DEBUG] [net.neoforged.fml.loading.moddiscovery.readers.JarModsDotTomlModFileReader/SCAN]: Found META-INF/neoforge.mods.toml mod of type null: D:\ServerFiles-5.1\mods\owo-lib-neoforge-0.12.15.5-beta.1+1.21.jar
[25nov2025 22:14:42.600] [main/DEBUG] [net.neoforged.fml.loading.moddiscovery.ModFileParser/LOADING]: Considering mod file candidate D:\ServerFiles-5.1\mods\owo-lib-neoforge-0.12.15.5-beta.1+1.21.jar
[25nov2025 22:14:42.601] [main/DEBUG] [net.neoforged.fml.loading.moddiscovery.ModFileInfo/LOADING]: Found valid mod file owo-lib-neoforge-0.12.15.5-beta.1+1.21.jar with {owo} mods - versions {0.12.15.5-beta.1+1.21}
[25nov2025 22:14:42.601] [main/INFO] [net.neoforged.fml.loading.moddiscovery.ModDiscoverer/SCAN]: Found mod file "owo-lib-neoforge-0.12.15.5-beta.1+1.21.jar" [locator: {mods folder locator at D:\ServerFiles-5.1\mods}, reader: mod manifest]
[25nov2025 22:14:42.602] [main/DEBUG] [net.neoforged.fml.loading.moddiscovery.readers.JarModsDotTomlModFileReader/SCAN]: Found META-INF/neoforge.mods.toml mod of type null: D:\ServerFiles-5.1\mods\pamhc2crops-NEOFORGE-1.21.1-1.0.2.jar
[25nov2025 22:14:42.603] [main/DEBUG] [net.neoforged.fml.loading.moddiscovery.ModFileParser/LOADING]: Considering mod file candidate D:\ServerFiles-5.1\mods\pamhc2crops-NEOFORGE-1.21.1-1.0.2.jar
[25nov2025 22:14:42.603] [main/DEBUG] [net.neoforged.fml.loading.moddiscovery.ModFileInfo/LOADING]: Found valid mod file pamhc2crops-NEOFORGE-1.21.1-1.0.2.jar with {pamhc2crops} mods - versions {1.0.2}
[25nov2025 22:14:42.603] [main/INFO] [net.neoforged.fml.loading.moddiscovery.ModDiscoverer/SCAN]: Found mod file "pamhc2crops-NEOFORGE-1.21.1-1.0.2.jar" [locator: {mods folder locator at D:\ServerFiles-5.1\mods}, reader: mod manifest]
[25nov2025 22:14:42.605] [main/DEBUG] [net.neoforged.fml.loading.moddiscovery.readers.JarModsDotTomlModFileReader/SCAN]: Found META-INF/neoforge.mods.toml mod of type null: D:\ServerFiles-5.1\mods\pamhc2foodcore-NEOFORGE-1.21.1-1.0.4.jar
[25nov2025 22:14:42.605] [main/DEBUG] [net.neoforged.fml.loading.moddiscovery.ModFileParser/LOADING]: Considering mod file candidate D:\ServerFiles-5.1\mods\pamhc2foodcore-NEOFORGE-1.21.1-1.0.4.jar
[25nov2025 22:14:42.605] [main/DEBUG] [net.neoforged.fml.loading.moddiscovery.ModFileInfo/LOADING]: Found valid mod file pamhc2foodcore-NEOFORGE-1.21.1-1.0.4.jar with {pamhc2foodcore} mods - versions {1.0.4}
[25nov2025 22:14:42.605] [main/INFO] [net.neoforged.fml.loading.moddiscovery.ModDiscoverer/SCAN]: Found mod file "pamhc2foodcore-NEOFORGE-1.21.1-1.0.4.jar" [locator: {mods folder locator at D:\ServerFiles-5.1\mods}, reader: mod manifest]
[25nov2025 22:14:42.607] [main/DEBUG] [net.neoforged.fml.loading.moddiscovery.readers.JarModsDotTomlModFileReader/SCAN]: Found META-INF/neoforge.mods.toml mod of type null: D:\ServerFiles-5.1\mods\pamhc2foodextended-NEOFORGE-1.21.1-1.0.0.jar
[25nov2025 22:14:42.607] [main/DEBUG] [net.neoforged.fml.loading.moddiscovery.ModFileParser/LOADING]: Considering mod file candidate D:\ServerFiles-5.1\mods\pamhc2foodextended-NEOFORGE-1.21.1-1.0.0.jar
[25nov2025 22:14:42.608] [main/DEBUG] [net.neoforged.fml.loading.moddiscovery.ModFileInfo/LOADING]: Found valid mod file pamhc2foodextended-NEOFORGE-1.21.1-1.0.0.jar with {pamhc2foodextended} mods - versions {1.0.0}
[25nov2025 22:14:42.608] [main/INFO] [net.neoforged.fml.loading.moddiscovery.ModDiscoverer/SCAN]: Found mod file "pamhc2foodextended-NEOFORGE-1.21.1-1.0.0.jar" [locator: {mods folder locator at D:\ServerFiles-5.1\mods}, reader: mod manifest]
[25nov2025 22:14:42.610] [main/DEBUG] [net.neoforged.fml.loading.moddiscovery.readers.JarModsDotTomlModFileReader/SCAN]: Found META-INF/neoforge.mods.toml mod of type null: D:\ServerFiles-5.1\mods\pamhc2trees-NEOFORGE-1.21.1-1.0.4.jar
[25nov2025 22:14:42.610] [main/DEBUG] [net.neoforged.fml.loading.moddiscovery.ModFileParser/LOADING]: Considering mod file candidate D:\ServerFiles-5.1\mods\pamhc2trees-NEOFORGE-1.21.1-1.0.4.jar
[25nov2025 22:14:42.610] [main/DEBUG] [net.neoforged.fml.loading.moddiscovery.ModFileInfo/LOADING]: Found valid mod file pamhc2trees-NEOFORGE-1.21.1-1.0.4.jar with {pamhc2trees} mods - versions {1.0.4}
[25nov2025 22:14:42.610] [main/INFO] [net.neoforged.fml.loading.moddiscovery.ModDiscoverer/SCAN]: Found mod file "pamhc2trees-NEOFORGE-1.21.1-1.0.4.jar" [locator: {mods folder locator at D:\ServerFiles-5.1\mods}, reader: mod manifest]
[25nov2025 22:14:42.611] [main/DEBUG] [net.neoforged.fml.loading.moddiscovery.readers.JarModsDotTomlModFileReader/SCAN]: Found META-INF/neoforge.mods.toml mod of type null: D:\ServerFiles-5.1\mods\Patchouli-1.21.1-92-NEOFORGE.jar
[25nov2025 22:14:42.611] [main/DEBUG] [net.neoforged.fml.loading.moddiscovery.ModFileParser/LOADING]: Considering mod file candidate D:\ServerFiles-5.1\mods\Patchouli-1.21.1-92-NEOFORGE.jar
[25nov2025 22:14:42.612] [main/DEBUG] [net.neoforged.fml.loading.moddiscovery.ModFileInfo/LOADING]: Found valid mod file Patchouli-1.21.1-92-NEOFORGE.jar with {patchouli} mods - versions {1.21.1-92-NEOFORGE}
[25nov2025 22:14:42.612] [main/INFO] [net.neoforged.fml.loading.moddiscovery.ModDiscoverer/SCAN]: Found mod file "Patchouli-1.21.1-92-NEOFORGE.jar" [locator: {mods folder locator at D:\ServerFiles-5.1\mods}, reader: mod manifest]
[25nov2025 22:14:42.613] [main/DEBUG] [net.neoforged.fml.loading.moddiscovery.readers.JarModsDotTomlModFileReader/SCAN]: Found META-INF/neoforge.mods.toml mod of type null: D:\ServerFiles-5.1\mods\pipez-neoforge-1.21.1-1.2.19.jar
[25nov2025 22:14:42.614] [main/DEBUG] [net.neoforged.fml.loading.moddiscovery.ModFileParser/LOADING]: Considering mod file candidate D:\ServerFiles-5.1\mods\pipez-neoforge-1.21.1-1.2.19.jar
[25nov2025 22:14:42.614] [main/DEBUG] [net.neoforged.fml.loading.moddiscovery.ModFileInfo/LOADING]: Found valid mod file pipez-neoforge-1.21.1-1.2.19.jar with {pipez} mods - versions {1.21.1-1.2.19}
[25nov2025 22:14:42.614] [main/INFO] [net.neoforged.fml.loading.moddiscovery.ModDiscoverer/SCAN]: Found mod file "pipez-neoforge-1.21.1-1.2.19.jar" [locator: {mods folder locator at D:\ServerFiles-5.1\mods}, reader: mod manifest]
[25nov2025 22:14:42.615] [main/DEBUG] [net.neoforged.fml.loading.moddiscovery.readers.JarModsDotTomlModFileReader/SCAN]: Found META-INF/neoforge.mods.toml mod of type null: D:\ServerFiles-5.1\mods\Placebo-1.21.1-9.9.1.jar
[25nov2025 22:14:42.615] [main/DEBUG] [net.neoforged.fml.loading.moddiscovery.ModFileParser/LOADING]: Considering mod file candidate D:\ServerFiles-5.1\mods\Placebo-1.21.1-9.9.1.jar
[25nov2025 22:14:42.616] [main/DEBUG] [net.neoforged.fml.loading.moddiscovery.ModFileInfo/LOADING]: Found valid mod file Placebo-1.21.1-9.9.1.jar with {placebo} mods - versions {9.9.1}
[25nov2025 22:14:42.616] [main/INFO] [net.neoforged.fml.loading.moddiscovery.ModDiscoverer/SCAN]: Found mod file "Placebo-1.21.1-9.9.1.jar" [locator: {mods folder locator at D:\ServerFiles-5.1\mods}, reader: mod manifest]
[25nov2025 22:14:42.617] [main/DEBUG] [net.neoforged.fml.loading.moddiscovery.readers.JarModsDotTomlModFileReader/SCAN]: Found META-INF/neoforge.mods.toml mod of type null: D:\ServerFiles-5.1\mods\player-animation-lib-forge-2.0.1+1.21.1.jar
[25nov2025 22:14:42.617] [main/DEBUG] [net.neoforged.fml.loading.moddiscovery.ModFileParser/LOADING]: Considering mod file candidate D:\ServerFiles-5.1\mods\player-animation-lib-forge-2.0.1+1.21.1.jar
[25nov2025 22:14:42.618] [main/DEBUG] [net.neoforged.fml.loading.moddiscovery.ModFileInfo/LOADING]: Found valid mod file player-animation-lib-forge-2.0.1+1.21.1.jar with {playeranimator} mods - versions {2.0.1+1.21.1}
[25nov2025 22:14:42.618] [main/INFO] [net.neoforged.fml.loading.moddiscovery.ModDiscoverer/SCAN]: Found mod file "player-animation-lib-forge-2.0.1+1.21.1.jar" [locator: {mods folder locator at D:\ServerFiles-5.1\mods}, reader: mod manifest]
[25nov2025 22:14:42.620] [main/DEBUG] [net.neoforged.fml.loading.moddiscovery.readers.JarModsDotTomlModFileReader/SCAN]: Found META-INF/neoforge.mods.toml mod of type null: D:\ServerFiles-5.1\mods\pneumaticcraft-repressurized-8.2.13+mc1.21.1.jar
[25nov2025 22:14:42.620] [main/DEBUG] [net.neoforged.fml.loading.moddiscovery.ModFileParser/LOADING]: Considering mod file candidate D:\ServerFiles-5.1\mods\pneumaticcraft-repressurized-8.2.13+mc1.21.1.jar
[25nov2025 22:14:42.620] [main/DEBUG] [net.neoforged.fml.loading.moddiscovery.ModFileInfo/LOADING]: Found valid mod file pneumaticcraft-repressurized-8.2.13+mc1.21.1.jar with {pneumaticcraft} mods - versions {8.2.13}
[25nov2025 22:14:42.621] [main/INFO] [net.neoforged.fml.loading.moddiscovery.ModDiscoverer/SCAN]: Found mod file "pneumaticcraft-repressurized-8.2.13+mc1.21.1.jar" [locator: {mods folder locator at D:\ServerFiles-5.1\mods}, reader: mod manifest]
[25nov2025 22:14:42.622] [main/DEBUG] [net.neoforged.fml.loading.moddiscovery.readers.JarModsDotTomlModFileReader/SCAN]: Found META-INF/neoforge.mods.toml mod of type null: D:\ServerFiles-5.1\mods\pocketstorage-1.2.5+1.21.1-b3.jar
[25nov2025 22:14:42.622] [main/DEBUG] [net.neoforged.fml.loading.moddiscovery.ModFileParser/LOADING]: Considering mod file candidate D:\ServerFiles-5.1\mods\pocketstorage-1.2.5+1.21.1-b3.jar
[25nov2025 22:14:42.622] [main/DEBUG] [net.neoforged.fml.loading.moddiscovery.ModFileInfo/LOADING]: Found valid mod file pocketstorage-1.2.5+1.21.1-b3.jar with {pocketstorage} mods - versions {1.2.5}
[25nov2025 22:14:42.622] [main/INFO] [net.neoforged.fml.loading.moddiscovery.ModDiscoverer/SCAN]: Found mod file "pocketstorage-1.2.5+1.21.1-b3.jar" [locator: {mods folder locator at D:\ServerFiles-5.1\mods}, reader: mod manifest]
[25nov2025 22:14:42.623] [main/DEBUG] [net.neoforged.fml.loading.moddiscovery.readers.JarModsDotTomlModFileReader/SCAN]: Found META-INF/neoforge.mods.toml mod of type null: D:\ServerFiles-5.1\mods\polyeng-0.4.1.jar
[25nov2025 22:14:42.623] [main/DEBUG] [net.neoforged.fml.loading.moddiscovery.ModFileParser/LOADING]: Considering mod file candidate D:\ServerFiles-5.1\mods\polyeng-0.4.1.jar
[25nov2025 22:14:42.624] [main/DEBUG] [net.neoforged.fml.loading.moddiscovery.ModFileInfo/LOADING]: Found valid mod file polyeng-0.4.1.jar with {polyeng} mods - versions {0.4.1}
[25nov2025 22:14:42.624] [main/INFO] [net.neoforged.fml.loading.moddiscovery.ModDiscoverer/SCAN]: Found mod file "polyeng-0.4.1.jar" [locator: {mods folder locator at D:\ServerFiles-5.1\mods}, reader: mod manifest]
[25nov2025 22:14:42.626] [main/DEBUG] [net.neoforged.fml.loading.moddiscovery.readers.JarModsDotTomlModFileReader/SCAN]: Found META-INF/neoforge.mods.toml mod of type null: D:\ServerFiles-5.1\mods\polylib-2100.1.0-build.183-neoforge.jar
[25nov2025 22:14:42.626] [main/DEBUG] [net.neoforged.fml.loading.moddiscovery.ModFileParser/LOADING]: Considering mod file candidate D:\ServerFiles-5.1\mods\polylib-2100.1.0-build.183-neoforge.jar
[25nov2025 22:14:42.626] [main/DEBUG] [net.neoforged.fml.loading.moddiscovery.ModFileInfo/LOADING]: Found valid mod file polylib-2100.1.0-build.183-neoforge.jar with {polylib} mods - versions {2100.1.0-build.183}
[25nov2025 22:14:42.626] [main/INFO] [net.neoforged.fml.loading.moddiscovery.ModDiscoverer/SCAN]: Found mod file "polylib-2100.1.0-build.183-neoforge.jar" [locator: {mods folder locator at D:\ServerFiles-5.1\mods}, reader: mod manifest]
[25nov2025 22:14:42.628] [main/DEBUG] [net.neoforged.fml.loading.moddiscovery.readers.JarModsDotTomlModFileReader/SCAN]: Found META-INF/neoforge.mods.toml mod of type null: D:\ServerFiles-5.1\mods\polymorph-neoforge-1.1.0+1.21.1.jar
[25nov2025 22:14:42.628] [main/DEBUG] [net.neoforged.fml.loading.moddiscovery.ModFileParser/LOADING]: Considering mod file candidate D:\ServerFiles-5.1\mods\polymorph-neoforge-1.1.0+1.21.1.jar
[25nov2025 22:14:42.628] [main/DEBUG] [net.neoforged.fml.loading.moddiscovery.ModFileInfo/LOADING]: Found valid mod file polymorph-neoforge-1.1.0+1.21.1.jar with {polymorph} mods - versions {1.1.0+1.21.1}
[25nov2025 22:14:42.628] [main/INFO] [net.neoforged.fml.loading.moddiscovery.ModDiscoverer/SCAN]: Found mod file "polymorph-neoforge-1.1.0+1.21.1.jar" [locator: {mods folder locator at D:\ServerFiles-5.1\mods}, reader: mod manifest]
[25nov2025 22:14:42.629] [main/DEBUG] [net.neoforged.fml.loading.moddiscovery.readers.JarModsDotTomlModFileReader/SCAN]: Found META-INF/neoforge.mods.toml mod of type null: D:\ServerFiles-5.1\mods\ponderjs-neoforge-1.21.1-2.3.0.jar
[25nov2025 22:14:42.629] [main/DEBUG] [net.neoforged.fml.loading.moddiscovery.ModFileParser/LOADING]: Considering mod file candidate D:\ServerFiles-5.1\mods\ponderjs-neoforge-1.21.1-2.3.0.jar
[25nov2025 22:14:42.630] [main/DEBUG] [net.neoforged.fml.loading.moddiscovery.ModFileInfo/LOADING]: Found valid mod file ponderjs-neoforge-1.21.1-2.3.0.jar with {ponderjs} mods - versions {1.21.1-2.3.0}
[25nov2025 22:14:42.630] [main/INFO] [net.neoforged.fml.loading.moddiscovery.ModDiscoverer/SCAN]: Found mod file "ponderjs-neoforge-1.21.1-2.3.0.jar" [locator: {mods folder locator at D:\ServerFiles-5.1\mods}, reader: mod manifest]
[25nov2025 22:14:42.632] [main/DEBUG] [net.neoforged.fml.loading.moddiscovery.readers.JarModsDotTomlModFileReader/SCAN]: Found META-INF/neoforge.mods.toml mod of type null: D:\ServerFiles-5.1\mods\potionsmaster-21.1.113-0.7.1-packdev.jar
[25nov2025 22:14:42.632] [main/DEBUG] [net.neoforged.fml.loading.moddiscovery.ModFileParser/LOADING]: Considering mod file candidate D:\ServerFiles-5.1\mods\potionsmaster-21.1.113-0.7.1-packdev.jar
[25nov2025 22:14:42.633] [main/DEBUG] [net.neoforged.fml.loading.moddiscovery.ModFileInfo/LOADING]: Found valid mod file potionsmaster-21.1.113-0.7.1-packdev.jar with {potionsmaster} mods - versions {0.7.1-packdev}
[25nov2025 22:14:42.633] [main/INFO] [net.neoforged.fml.loading.moddiscovery.ModDiscoverer/SCAN]: Found mod file "potionsmaster-21.1.113-0.7.1-packdev.jar" [locator: {mods folder locator at D:\ServerFiles-5.1\mods}, reader: mod manifest]
[25nov2025 22:14:42.634] [main/DEBUG] [net.neoforged.fml.loading.moddiscovery.readers.JarModsDotTomlModFileReader/SCAN]: Found META-INF/neoforge.mods.toml mod of type null: D:\ServerFiles-5.1\mods\Powah-6.2.6.jar
[25nov2025 22:14:42.634] [main/DEBUG] [net.neoforged.fml.loading.moddiscovery.ModFileParser/LOADING]: Considering mod file candidate D:\ServerFiles-5.1\mods\Powah-6.2.6.jar
[25nov2025 22:14:42.635] [main/DEBUG] [net.neoforged.fml.loading.moddiscovery.ModFileInfo/LOADING]: Found valid mod file Powah-6.2.6.jar with {powah} mods - versions {6.2.6}
[25nov2025 22:14:42.635] [main/INFO] [net.neoforged.fml.loading.moddiscovery.ModDiscoverer/SCAN]: Found mod file "Powah-6.2.6.jar" [locator: {mods folder locator at D:\ServerFiles-5.1\mods}, reader: mod manifest]
[25nov2025 22:14:42.636] [main/DEBUG] [net.neoforged.fml.loading.moddiscovery.readers.JarModsDotTomlModFileReader/SCAN]: Found META-INF/neoforge.mods.toml mod of type null: D:\ServerFiles-5.1\mods\prickle-neoforge-1.21.1-21.1.11.jar
[25nov2025 22:14:42.636] [main/DEBUG] [net.neoforged.fml.loading.moddiscovery.ModFileParser/LOADING]: Considering mod file candidate D:\ServerFiles-5.1\mods\prickle-neoforge-1.21.1-21.1.11.jar
[25nov2025 22:14:42.636] [main/DEBUG] [net.neoforged.fml.loading.moddiscovery.ModFileInfo/LOADING]: Found valid mod file prickle-neoforge-1.21.1-21.1.11.jar with {prickle} mods - versions {21.1.11}
[25nov2025 22:14:42.636] [main/INFO] [net.neoforged.fml.loading.moddiscovery.ModDiscoverer/SCAN]: Found mod file "prickle-neoforge-1.21.1-21.1.11.jar" [locator: {mods folder locator at D:\ServerFiles-5.1\mods}, reader: mod manifest]
[25nov2025 22:14:42.640] [main/DEBUG] [net.neoforged.fml.loading.moddiscovery.readers.JarModsDotTomlModFileReader/SCAN]: Found META-INF/neoforge.mods.toml mod of type null: D:\ServerFiles-5.1\mods\productivebees-1.21.1-13.11.0.jar
[25nov2025 22:14:42.640] [main/DEBUG] [net.neoforged.fml.loading.moddiscovery.ModFileParser/LOADING]: Considering mod file candidate D:\ServerFiles-5.1\mods\productivebees-1.21.1-13.11.0.jar
[25nov2025 22:14:42.640] [main/DEBUG] [net.neoforged.fml.loading.moddiscovery.ModFileInfo/LOADING]: Found valid mod file productivebees-1.21.1-13.11.0.jar with {productivebees} mods - versions {1.21.1-13.11.0}
[25nov2025 22:14:42.640] [main/INFO] [net.neoforged.fml.loading.moddiscovery.ModDiscoverer/SCAN]: Found mod file "productivebees-1.21.1-13.11.0.jar" [locator: {mods folder locator at D:\ServerFiles-5.1\mods}, reader: mod manifest]
[25nov2025 22:14:42.643] [main/DEBUG] [net.neoforged.fml.loading.moddiscovery.readers.JarModsDotTomlModFileReader/SCAN]: Found META-INF/neoforge.mods.toml mod of type null: D:\ServerFiles-5.1\mods\productivemetalworks-1.21.1-1.13.1.jar
[25nov2025 22:14:42.643] [main/DEBUG] [net.neoforged.fml.loading.moddiscovery.ModFileParser/LOADING]: Considering mod file candidate D:\ServerFiles-5.1\mods\productivemetalworks-1.21.1-1.13.1.jar
[25nov2025 22:14:42.643] [main/DEBUG] [net.neoforged.fml.loading.moddiscovery.ModFileInfo/LOADING]: Found valid mod file productivemetalworks-1.21.1-1.13.1.jar with {productivemetalworks} mods - versions {1.21.1-1.13.1}
[25nov2025 22:14:42.643] [main/INFO] [net.neoforged.fml.loading.moddiscovery.ModDiscoverer/SCAN]: Found mod file "productivemetalworks-1.21.1-1.13.1.jar" [locator: {mods folder locator at D:\ServerFiles-5.1\mods}, reader: mod manifest]
[25nov2025 22:14:42.652] [main/DEBUG] [net.neoforged.fml.loading.moddiscovery.readers.JarModsDotTomlModFileReader/SCAN]: Found META-INF/neoforge.mods.toml mod of type null: D:\ServerFiles-5.1\mods\productivetrees-1.21.1-0.7.1.jar
[25nov2025 22:14:42.652] [main/DEBUG] [net.neoforged.fml.loading.moddiscovery.ModFileParser/LOADING]: Considering mod file candidate D:\ServerFiles-5.1\mods\productivetrees-1.21.1-0.7.1.jar
[25nov2025 22:14:42.652] [main/DEBUG] [net.neoforged.fml.loading.moddiscovery.ModFileInfo/LOADING]: Found valid mod file productivetrees-1.21.1-0.7.1.jar with {productivetrees} mods - versions {1.21.1-0.7.1}
[25nov2025 22:14:42.652] [main/INFO] [net.neoforged.fml.loading.moddiscovery.ModDiscoverer/SCAN]: Found mod file "productivetrees-1.21.1-0.7.1.jar" [locator: {mods folder locator at D:\ServerFiles-5.1\mods}, reader: mod manifest]
[25nov2025 22:14:42.654] [main/DEBUG] [net.neoforged.fml.loading.moddiscovery.readers.JarModsDotTomlModFileReader/SCAN]: Found META-INF/neoforge.mods.toml mod of type null: D:\ServerFiles-5.1\mods\pylons-1.21.1-5.2.1.jar
[25nov2025 22:14:42.654] [main/DEBUG] [net.neoforged.fml.loading.moddiscovery.ModFileParser/LOADING]: Considering mod file candidate D:\ServerFiles-5.1\mods\pylons-1.21.1-5.2.1.jar
[25nov2025 22:14:42.654] [main/DEBUG] [net.neoforged.fml.loading.moddiscovery.ModFileInfo/LOADING]: Found valid mod file pylons-1.21.1-5.2.1.jar with {pylons} mods - versions {5.2.1}
[25nov2025 22:14:42.655] [main/INFO] [net.neoforged.fml.loading.moddiscovery.ModDiscoverer/SCAN]: Found mod file "pylons-1.21.1-5.2.1.jar" [locator: {mods folder locator at D:\ServerFiles-5.1\mods}, reader: mod manifest]
[25nov2025 22:14:42.659] [main/DEBUG] [net.neoforged.fml.loading.moddiscovery.readers.JarModsDotTomlModFileReader/SCAN]: Found META-INF/neoforge.mods.toml mod of type null: D:\ServerFiles-5.1\mods\railcraft-reborn-1.21.1-1.2.8.jar
[25nov2025 22:14:42.659] [main/DEBUG] [net.neoforged.fml.loading.moddiscovery.ModFileParser/LOADING]: Considering mod file candidate D:\ServerFiles-5.1\mods\railcraft-reborn-1.21.1-1.2.8.jar
[25nov2025 22:14:42.660] [main/DEBUG] [net.neoforged.fml.loading.moddiscovery.ModFileInfo/LOADING]: Found valid mod file railcraft-reborn-1.21.1-1.2.8.jar with {railcraft} mods - versions {1.2.8}
[25nov2025 22:14:42.660] [main/INFO] [net.neoforged.fml.loading.moddiscovery.ModDiscoverer/SCAN]: Found mod file "railcraft-reborn-1.21.1-1.2.8.jar" [locator: {mods folder locator at D:\ServerFiles-5.1\mods}, reader: mod manifest]
[25nov2025 22:14:42.661] [main/DEBUG] [net.neoforged.fml.loading.moddiscovery.readers.JarModsDotTomlModFileReader/SCAN]: Found META-INF/neoforge.mods.toml mod of type null: D:\ServerFiles-5.1\mods\rangedpumps-1.3.0.jar
[25nov2025 22:14:42.661] [main/DEBUG] [net.neoforged.fml.loading.moddiscovery.ModFileParser/LOADING]: Considering mod file candidate D:\ServerFiles-5.1\mods\rangedpumps-1.3.0.jar
[25nov2025 22:14:42.661] [main/DEBUG] [net.neoforged.fml.loading.moddiscovery.ModFileInfo/LOADING]: Found valid mod file rangedpumps-1.3.0.jar with {rangedpumps} mods - versions {1.3.0}
[25nov2025 22:14:42.661] [main/INFO] [net.neoforged.fml.loading.moddiscovery.ModDiscoverer/SCAN]: Found mod file "rangedpumps-1.3.0.jar" [locator: {mods folder locator at D:\ServerFiles-5.1\mods}, reader: mod manifest]
[25nov2025 22:14:42.663] [main/DEBUG] [net.neoforged.fml.loading.moddiscovery.readers.JarModsDotTomlModFileReader/SCAN]: Found META-INF/neoforge.mods.toml mod of type null: D:\ServerFiles-5.1\mods\rarcompat-1.21-0.9.6.jar
[25nov2025 22:14:42.663] [main/DEBUG] [net.neoforged.fml.loading.moddiscovery.ModFileParser/LOADING]: Considering mod file candidate D:\ServerFiles-5.1\mods\rarcompat-1.21-0.9.6.jar
[25nov2025 22:14:42.664] [main/DEBUG] [net.neoforged.fml.loading.moddiscovery.ModFileInfo/LOADING]: Found valid mod file rarcompat-1.21-0.9.6.jar with {rarcompat} mods - versions {0.9.6}
[25nov2025 22:14:42.664] [main/INFO] [net.neoforged.fml.loading.moddiscovery.ModDiscoverer/SCAN]: Found mod file "rarcompat-1.21-0.9.6.jar" [locator: {mods folder locator at D:\ServerFiles-5.1\mods}, reader: mod manifest]
[25nov2025 22:14:42.665] [main/DEBUG] [net.neoforged.fml.loading.moddiscovery.readers.JarModsDotTomlModFileReader/SCAN]: Found META-INF/neoforge.mods.toml mod of type null: D:\ServerFiles-5.1\mods\reap-neoforge-1.21.1-1.1.2.jar
[25nov2025 22:14:42.665] [main/DEBUG] [net.neoforged.fml.loading.moddiscovery.ModFileParser/LOADING]: Considering mod file candidate D:\ServerFiles-5.1\mods\reap-neoforge-1.21.1-1.1.2.jar
[25nov2025 22:14:42.665] [main/DEBUG] [net.neoforged.fml.loading.moddiscovery.ModFileInfo/LOADING]: Found valid mod file reap-neoforge-1.21.1-1.1.2.jar with {reap} mods - versions {1.21.1-1.1.2}
[25nov2025 22:14:42.665] [main/INFO] [net.neoforged.fml.loading.moddiscovery.ModDiscoverer/SCAN]: Found mod file "reap-neoforge-1.21.1-1.1.2.jar" [locator: {mods folder locator at D:\ServerFiles-5.1\mods}, reader: mod manifest]
[25nov2025 22:14:42.667] [main/DEBUG] [net.neoforged.fml.loading.moddiscovery.readers.JarModsDotTomlModFileReader/SCAN]: Found META-INF/neoforge.mods.toml mod of type null: D:\ServerFiles-5.1\mods\rebind_narrator-1.21.1-neoforge-2025.10.21.jar
[25nov2025 22:14:42.667] [main/DEBUG] [net.neoforged.fml.loading.moddiscovery.ModFileParser/LOADING]: Considering mod file candidate D:\ServerFiles-5.1\mods\rebind_narrator-1.21.1-neoforge-2025.10.21.jar
[25nov2025 22:14:42.667] [main/DEBUG] [net.neoforged.fml.loading.moddiscovery.ModFileInfo/LOADING]: Found valid mod file rebind_narrator-1.21.1-neoforge-2025.10.21.jar with {rebind_narrator} mods - versions {2025.10.21}
[25nov2025 22:14:42.667] [main/INFO] [net.neoforged.fml.loading.moddiscovery.ModDiscoverer/SCAN]: Found mod file "rebind_narrator-1.21.1-neoforge-2025.10.21.jar" [locator: {mods folder locator at D:\ServerFiles-5.1\mods}, reader: mod manifest]
[25nov2025 22:14:42.670] [main/DEBUG] [net.neoforged.fml.loading.moddiscovery.readers.JarModsDotTomlModFileReader/SCAN]: Found META-INF/neoforge.mods.toml mod of type null: D:\ServerFiles-5.1\mods\rechiseled-1.1.6a-neoforge-mc1.21.jar
[25nov2025 22:14:42.670] [main/DEBUG] [net.neoforged.fml.loading.moddiscovery.ModFileParser/LOADING]: Considering mod file candidate D:\ServerFiles-5.1\mods\rechiseled-1.1.6a-neoforge-mc1.21.jar
[25nov2025 22:14:42.671] [main/DEBUG] [net.neoforged.fml.loading.moddiscovery.ModFileInfo/LOADING]: Found valid mod file rechiseled-1.1.6a-neoforge-mc1.21.jar with {rechiseled} mods - versions {1.1.6+a}
[25nov2025 22:14:42.671] [main/INFO] [net.neoforged.fml.loading.moddiscovery.ModDiscoverer/SCAN]: Found mod file "rechiseled-1.1.6a-neoforge-mc1.21.jar" [locator: {mods folder locator at D:\ServerFiles-5.1\mods}, reader: mod manifest]
[25nov2025 22:14:42.674] [main/DEBUG] [net.neoforged.fml.loading.moddiscovery.readers.JarModsDotTomlModFileReader/SCAN]: Found META-INF/neoforge.mods.toml mod of type null: D:\ServerFiles-5.1\mods\rechiseled_chipped-1.3-1.21.1.jar
[25nov2025 22:14:42.674] [main/DEBUG] [net.neoforged.fml.loading.moddiscovery.ModFileParser/LOADING]: Considering mod file candidate D:\ServerFiles-5.1\mods\rechiseled_chipped-1.3-1.21.1.jar
[25nov2025 22:14:42.674] [main/DEBUG] [net.neoforged.fml.loading.moddiscovery.ModFileInfo/LOADING]: Found valid mod file rechiseled_chipped-1.3-1.21.1.jar with {rechiseled_chipped} mods - versions {1.3}
[25nov2025 22:14:42.674] [main/INFO] [net.neoforged.fml.loading.moddiscovery.ModDiscoverer/SCAN]: Found mod file "rechiseled_chipped-1.3-1.21.1.jar" [locator: {mods folder locator at D:\ServerFiles-5.1\mods}, reader: mod manifest]
[25nov2025 22:14:42.676] [main/DEBUG] [net.neoforged.fml.loading.moddiscovery.readers.JarModsDotTomlModFileReader/SCAN]: Found META-INF/neoforge.mods.toml mod of type null: D:\ServerFiles-5.1\mods\rechiseledcreate-1.0.2a-neoforge-mc1.21.jar
[25nov2025 22:14:42.676] [main/DEBUG] [net.neoforged.fml.loading.moddiscovery.ModFileParser/LOADING]: Considering mod file candidate D:\ServerFiles-5.1\mods\rechiseledcreate-1.0.2a-neoforge-mc1.21.jar
[25nov2025 22:14:42.677] [main/DEBUG] [net.neoforged.fml.loading.moddiscovery.ModFileInfo/LOADING]: Found valid mod file rechiseledcreate-1.0.2a-neoforge-mc1.21.jar with {rechiseledcreate} mods - versions {1.0.2+a}
[25nov2025 22:14:42.677] [main/INFO] [net.neoforged.fml.loading.moddiscovery.ModDiscoverer/SCAN]: Found mod file "rechiseledcreate-1.0.2a-neoforge-mc1.21.jar" [locator: {mods folder locator at D:\ServerFiles-5.1\mods}, reader: mod manifest]
[25nov2025 22:14:42.681] [main/DEBUG] [net.neoforged.fml.loading.moddiscovery.readers.JarModsDotTomlModFileReader/SCAN]: Found META-INF/neoforge.mods.toml mod of type null: D:\ServerFiles-5.1\mods\redstonepen-1.21-neoforge-1.11.42.jar
[25nov2025 22:14:42.681] [main/DEBUG] [net.neoforged.fml.loading.moddiscovery.ModFileParser/LOADING]: Considering mod file candidate D:\ServerFiles-5.1\mods\redstonepen-1.21-neoforge-1.11.42.jar
[25nov2025 22:14:42.681] [main/DEBUG] [net.neoforged.fml.loading.moddiscovery.ModFileInfo/LOADING]: Found valid mod file redstonepen-1.21-neoforge-1.11.42.jar with {redstonepen} mods - versions {1.11.42}
[25nov2025 22:14:42.681] [main/INFO] [net.neoforged.fml.loading.moddiscovery.ModDiscoverer/SCAN]: Found mod file "redstonepen-1.21-neoforge-1.11.42.jar" [locator: {mods folder locator at D:\ServerFiles-5.1\mods}, reader: mod manifest]
[25nov2025 22:14:42.683] [main/DEBUG] [net.neoforged.fml.loading.moddiscovery.readers.JarModsDotTomlModFileReader/SCAN]: Found META-INF/neoforge.mods.toml mod of type null: D:\ServerFiles-5.1\mods\refined-types-1.21.1-0.2.8.jar
[25nov2025 22:14:42.683] [main/DEBUG] [net.neoforged.fml.loading.moddiscovery.ModFileParser/LOADING]: Considering mod file candidate D:\ServerFiles-5.1\mods\refined-types-1.21.1-0.2.8.jar
[25nov2025 22:14:42.684] [main/DEBUG] [net.neoforged.fml.loading.moddiscovery.ModFileInfo/LOADING]: Found valid mod file refined-types-1.21.1-0.2.8.jar with {refinedtypes} mods - versions {1.21.1-0.2.8}
[25nov2025 22:14:42.684] [main/INFO] [net.neoforged.fml.loading.moddiscovery.ModDiscoverer/SCAN]: Found mod file "refined-types-1.21.1-0.2.8.jar" [locator: {mods folder locator at D:\ServerFiles-5.1\mods}, reader: mod manifest]
[25nov2025 22:14:42.685] [main/DEBUG] [net.neoforged.fml.loading.moddiscovery.readers.JarModsDotTomlModFileReader/SCAN]: Found META-INF/neoforge.mods.toml mod of type null: D:\ServerFiles-5.1\mods\refinedstorage-curios-integration-1.0.0.jar
[25nov2025 22:14:42.685] [main/DEBUG] [net.neoforged.fml.loading.moddiscovery.ModFileParser/LOADING]: Considering mod file candidate D:\ServerFiles-5.1\mods\refinedstorage-curios-integration-1.0.0.jar
[25nov2025 22:14:42.685] [main/DEBUG] [net.neoforged.fml.loading.moddiscovery.ModFileInfo/LOADING]: Found valid mod file refinedstorage-curios-integration-1.0.0.jar with {refinedstorage_curios_integration} mods - versions {1.0.0}
[25nov2025 22:14:42.685] [main/INFO] [net.neoforged.fml.loading.moddiscovery.ModDiscoverer/SCAN]: Found mod file "refinedstorage-curios-integration-1.0.0.jar" [locator: {mods folder locator at D:\ServerFiles-5.1\mods}, reader: mod manifest]
[25nov2025 22:14:42.687] [main/DEBUG] [net.neoforged.fml.loading.moddiscovery.readers.JarModsDotTomlModFileReader/SCAN]: Found META-INF/neoforge.mods.toml mod of type null: D:\ServerFiles-5.1\mods\refinedstorage-jei-integration-neoforge-1.0.0.jar
[25nov2025 22:14:42.687] [main/DEBUG] [net.neoforged.fml.loading.moddiscovery.ModFileParser/LOADING]: Considering mod file candidate D:\ServerFiles-5.1\mods\refinedstorage-jei-integration-neoforge-1.0.0.jar
[25nov2025 22:14:42.687] [main/DEBUG] [net.neoforged.fml.loading.moddiscovery.ModFileInfo/LOADING]: Found valid mod file refinedstorage-jei-integration-neoforge-1.0.0.jar with {refinedstorage_jei_integration} mods - versions {1.0.0}
[25nov2025 22:14:42.687] [main/INFO] [net.neoforged.fml.loading.moddiscovery.ModDiscoverer/SCAN]: Found mod file "refinedstorage-jei-integration-neoforge-1.0.0.jar" [locator: {mods folder locator at D:\ServerFiles-5.1\mods}, reader: mod manifest]
[25nov2025 22:14:42.689] [main/DEBUG] [net.neoforged.fml.loading.moddiscovery.readers.JarModsDotTomlModFileReader/SCAN]: Found META-INF/neoforge.mods.toml mod of type null: D:\ServerFiles-5.1\mods\refinedstorage-mekanism-integration-1.1.1.jar
[25nov2025 22:14:42.689] [main/DEBUG] [net.neoforged.fml.loading.moddiscovery.ModFileParser/LOADING]: Considering mod file candidate D:\ServerFiles-5.1\mods\refinedstorage-mekanism-integration-1.1.1.jar
[25nov2025 22:14:42.689] [main/DEBUG] [net.neoforged.fml.loading.moddiscovery.ModFileInfo/LOADING]: Found valid mod file refinedstorage-mekanism-integration-1.1.1.jar with {refinedstorage_mekanism_integration} mods - versions {1.1.1}
[25nov2025 22:14:42.689] [main/INFO] [net.neoforged.fml.loading.moddiscovery.ModDiscoverer/SCAN]: Found mod file "refinedstorage-mekanism-integration-1.1.1.jar" [locator: {mods folder locator at D:\ServerFiles-5.1\mods}, reader: mod manifest]
[25nov2025 22:14:42.692] [main/DEBUG] [net.neoforged.fml.loading.moddiscovery.readers.JarModsDotTomlModFileReader/SCAN]: Found META-INF/neoforge.mods.toml mod of type null: D:\ServerFiles-5.1\mods\refinedstorage-neoforge-2.0.0.jar
[25nov2025 22:14:42.692] [main/DEBUG] [net.neoforged.fml.loading.moddiscovery.ModFileParser/LOADING]: Considering mod file candidate D:\ServerFiles-5.1\mods\refinedstorage-neoforge-2.0.0.jar
[25nov2025 22:14:42.693] [main/DEBUG] [net.neoforged.fml.loading.moddiscovery.ModFileInfo/LOADING]: Found valid mod file refinedstorage-neoforge-2.0.0.jar with {refinedstorage} mods - versions {2.0.0}
[25nov2025 22:14:42.693] [main/INFO] [net.neoforged.fml.loading.moddiscovery.ModDiscoverer/SCAN]: Found mod file "refinedstorage-neoforge-2.0.0.jar" [locator: {mods folder locator at D:\ServerFiles-5.1\mods}, reader: mod manifest]
[25nov2025 22:14:42.694] [main/DEBUG] [net.neoforged.fml.loading.moddiscovery.readers.JarModsDotTomlModFileReader/SCAN]: Found META-INF/neoforge.mods.toml mod of type null: D:\ServerFiles-5.1\mods\refinedstorage-quartz-arsenal-neoforge-1.0.6.jar
[25nov2025 22:14:42.694] [main/DEBUG] [net.neoforged.fml.loading.moddiscovery.ModFileParser/LOADING]: Considering mod file candidate D:\ServerFiles-5.1\mods\refinedstorage-quartz-arsenal-neoforge-1.0.6.jar
[25nov2025 22:14:42.694] [main/DEBUG] [net.neoforged.fml.loading.moddiscovery.ModFileInfo/LOADING]: Found valid mod file refinedstorage-quartz-arsenal-neoforge-1.0.6.jar with {refinedstorage_quartz_arsenal} mods - versions {1.0.6}
[25nov2025 22:14:42.694] [main/INFO] [net.neoforged.fml.loading.moddiscovery.ModDiscoverer/SCAN]: Found mod file "refinedstorage-quartz-arsenal-neoforge-1.0.6.jar" [locator: {mods folder locator at D:\ServerFiles-5.1\mods}, reader: mod manifest]
[25nov2025 22:14:42.699] [main/DEBUG] [net.neoforged.fml.loading.moddiscovery.readers.JarModsDotTomlModFileReader/SCAN]: Found META-INF/neoforge.mods.toml mod of type null: D:\ServerFiles-5.1\mods\refurbished_furniture-neoforge-1.21.1-1.0.20.jar
[25nov2025 22:14:42.699] [main/DEBUG] [net.neoforged.fml.loading.moddiscovery.ModFileParser/LOADING]: Considering mod file candidate D:\ServerFiles-5.1\mods\refurbished_furniture-neoforge-1.21.1-1.0.20.jar
[25nov2025 22:14:42.700] [main/DEBUG] [net.neoforged.fml.loading.moddiscovery.ModFileInfo/LOADING]: Found valid mod file refurbished_furniture-neoforge-1.21.1-1.0.20.jar with {refurbished_furniture} mods - versions {1.0.20}
[25nov2025 22:14:42.700] [main/INFO] [net.neoforged.fml.loading.moddiscovery.ModDiscoverer/SCAN]: Found mod file "refurbished_furniture-neoforge-1.21.1-1.0.20.jar" [locator: {mods folder locator at D:\ServerFiles-5.1\mods}, reader: mod manifest]
[25nov2025 22:14:42.704] [main/DEBUG] [net.neoforged.fml.loading.moddiscovery.readers.JarModsDotTomlModFileReader/SCAN]: Found META-INF/neoforge.mods.toml mod of type null: D:\ServerFiles-5.1\mods\regions_unexplored-neoforge-1.21.1-0.5.6.1.jar
[25nov2025 22:14:42.704] [main/DEBUG] [net.neoforged.fml.loading.moddiscovery.ModFileParser/LOADING]: Considering mod file candidate D:\ServerFiles-5.1\mods\regions_unexplored-neoforge-1.21.1-0.5.6.1.jar
[25nov2025 22:14:42.705] [main/DEBUG] [net.neoforged.fml.loading.moddiscovery.ModFileInfo/LOADING]: Found valid mod file regions_unexplored-neoforge-1.21.1-0.5.6.1.jar with {regions_unexplored} mods - versions {0.5.6.1}
[25nov2025 22:14:42.705] [main/INFO] [net.neoforged.fml.loading.moddiscovery.ModDiscoverer/SCAN]: Found mod file "regions_unexplored-neoforge-1.21.1-0.5.6.1.jar" [locator: {mods folder locator at D:\ServerFiles-5.1\mods}, reader: mod manifest]
[25nov2025 22:14:42.708] [main/DEBUG] [net.neoforged.fml.loading.moddiscovery.readers.JarModsDotTomlModFileReader/SCAN]: Found META-INF/neoforge.mods.toml mod of type null: D:\ServerFiles-5.1\mods\relics-1.21.1-0.10.7.5.jar
[25nov2025 22:14:42.708] [main/DEBUG] [net.neoforged.fml.loading.moddiscovery.ModFileParser/LOADING]: Considering mod file candidate D:\ServerFiles-5.1\mods\relics-1.21.1-0.10.7.5.jar
[25nov2025 22:14:42.708] [main/DEBUG] [net.neoforged.fml.loading.moddiscovery.ModFileInfo/LOADING]: Found valid mod file relics-1.21.1-0.10.7.5.jar with {relics} mods - versions {0.10.7.5}
[25nov2025 22:14:42.708] [main/INFO] [net.neoforged.fml.loading.moddiscovery.ModDiscoverer/SCAN]: Found mod file "relics-1.21.1-0.10.7.5.jar" [locator: {mods folder locator at D:\ServerFiles-5.1\mods}, reader: mod manifest]
[25nov2025 22:14:42.710] [main/DEBUG] [net.neoforged.fml.loading.moddiscovery.readers.JarModsDotTomlModFileReader/SCAN]: Found META-INF/neoforge.mods.toml mod of type null: D:\ServerFiles-5.1\mods\reliquary-1.21.1-2.0.62.1310.jar
[25nov2025 22:14:42.710] [main/DEBUG] [net.neoforged.fml.loading.moddiscovery.ModFileParser/LOADING]: Considering mod file candidate D:\ServerFiles-5.1\mods\reliquary-1.21.1-2.0.62.1310.jar
[25nov2025 22:14:42.710] [main/DEBUG] [net.neoforged.fml.loading.moddiscovery.ModFileInfo/LOADING]: Found valid mod file reliquary-1.21.1-2.0.62.1310.jar with {reliquary} mods - versions {2.0.62}
[25nov2025 22:14:42.710] [main/INFO] [net.neoforged.fml.loading.moddiscovery.ModDiscoverer/SCAN]: Found mod file "reliquary-1.21.1-2.0.62.1310.jar" [locator: {mods folder locator at D:\ServerFiles-5.1\mods}, reader: mod manifest]
[25nov2025 22:14:42.712] [main/DEBUG] [net.neoforged.fml.loading.moddiscovery.readers.JarModsDotTomlModFileReader/SCAN]: Found META-INF/neoforge.mods.toml mod of type null: D:\ServerFiles-5.1\mods\repeatable_trial_vaults-neoforge-1.21-1.0.2.jar
[25nov2025 22:14:42.712] [main/DEBUG] [net.neoforged.fml.loading.moddiscovery.ModFileParser/LOADING]: Considering mod file candidate D:\ServerFiles-5.1\mods\repeatable_trial_vaults-neoforge-1.21-1.0.2.jar
[25nov2025 22:14:42.712] [main/DEBUG] [net.neoforged.fml.loading.moddiscovery.ModFileInfo/LOADING]: Found valid mod file repeatable_trial_vaults-neoforge-1.21-1.0.2.jar with {repeatable_trial_vaults} mods - versions {1.0.2}
[25nov2025 22:14:42.712] [main/INFO] [net.neoforged.fml.loading.moddiscovery.ModDiscoverer/SCAN]: Found mod file "repeatable_trial_vaults-neoforge-1.21-1.0.2.jar" [locator: {mods folder locator at D:\ServerFiles-5.1\mods}, reader: mod manifest]
[25nov2025 22:14:42.716] [main/DEBUG] [net.neoforged.fml.loading.moddiscovery.readers.JarModsDotTomlModFileReader/SCAN]: Found META-INF/neoforge.mods.toml mod of type null: D:\ServerFiles-5.1\mods\repurposed_structures-7.5.17+1.21.1-neoforge.jar
[25nov2025 22:14:42.716] [main/DEBUG] [net.neoforged.fml.loading.moddiscovery.ModFileParser/LOADING]: Considering mod file candidate D:\ServerFiles-5.1\mods\repurposed_structures-7.5.17+1.21.1-neoforge.jar
[25nov2025 22:14:42.717] [main/DEBUG] [net.neoforged.fml.loading.moddiscovery.ModFileInfo/LOADING]: Found valid mod file repurposed_structures-7.5.17+1.21.1-neoforge.jar with {repurposed_structures} mods - versions {7.5.17+1.21.1-neoforge}
[25nov2025 22:14:42.717] [main/INFO] [net.neoforged.fml.loading.moddiscovery.ModDiscoverer/SCAN]: Found mod file "repurposed_structures-7.5.17+1.21.1-neoforge.jar" [locator: {mods folder locator at D:\ServerFiles-5.1\mods}, reader: mod manifest]
[25nov2025 22:14:42.718] [main/DEBUG] [net.neoforged.fml.loading.moddiscovery.readers.JarModsDotTomlModFileReader/SCAN]: Found META-INF/neoforge.mods.toml mod of type null: D:\ServerFiles-5.1\mods\resourcefulconfig-neoforge-1.21-3.0.11.jar
[25nov2025 22:14:42.718] [main/DEBUG] [net.neoforged.fml.loading.moddiscovery.ModFileParser/LOADING]: Considering mod file candidate D:\ServerFiles-5.1\mods\resourcefulconfig-neoforge-1.21-3.0.11.jar
[25nov2025 22:14:42.718] [main/DEBUG] [net.neoforged.fml.loading.moddiscovery.ModFileInfo/LOADING]: Found valid mod file resourcefulconfig-neoforge-1.21-3.0.11.jar with {resourcefulconfig} mods - versions {3.0.11}
[25nov2025 22:14:42.718] [main/INFO] [net.neoforged.fml.loading.moddiscovery.ModDiscoverer/SCAN]: Found mod file "resourcefulconfig-neoforge-1.21-3.0.11.jar" [locator: {mods folder locator at D:\ServerFiles-5.1\mods}, reader: mod manifest]
[25nov2025 22:14:42.720] [main/DEBUG] [net.neoforged.fml.loading.moddiscovery.readers.JarModsDotTomlModFileReader/SCAN]: Found META-INF/neoforge.mods.toml mod of type null: D:\ServerFiles-5.1\mods\resourcefullib-neoforge-1.21-3.0.12.jar
[25nov2025 22:14:42.720] [main/DEBUG] [net.neoforged.fml.loading.moddiscovery.ModFileParser/LOADING]: Considering mod file candidate D:\ServerFiles-5.1\mods\resourcefullib-neoforge-1.21-3.0.12.jar
[25nov2025 22:14:42.720] [main/DEBUG] [net.neoforged.fml.loading.moddiscovery.ModFileInfo/LOADING]: Found valid mod file resourcefullib-neoforge-1.21-3.0.12.jar with {resourcefullib} mods - versions {3.0.12}
[25nov2025 22:14:42.720] [main/INFO] [net.neoforged.fml.loading.moddiscovery.ModDiscoverer/SCAN]: Found mod file "resourcefullib-neoforge-1.21-3.0.12.jar" [locator: {mods folder locator at D:\ServerFiles-5.1\mods}, reader: mod manifest]
[25nov2025 22:14:42.722] [main/DEBUG] [net.neoforged.fml.loading.moddiscovery.readers.JarModsDotTomlModFileReader/SCAN]: Found META-INF/neoforge.mods.toml mod of type null: D:\ServerFiles-5.1\mods\restrictions-1.21-7.0.3.jar
[25nov2025 22:14:42.722] [main/DEBUG] [net.neoforged.fml.loading.moddiscovery.ModFileParser/LOADING]: Considering mod file candidate D:\ServerFiles-5.1\mods\restrictions-1.21-7.0.3.jar
[25nov2025 22:14:42.722] [main/DEBUG] [net.neoforged.fml.loading.moddiscovery.ModFileInfo/LOADING]: Found valid mod file restrictions-1.21-7.0.3.jar with {restrictions} mods - versions {1.21-7.0.3}
[25nov2025 22:14:42.722] [main/INFO] [net.neoforged.fml.loading.moddiscovery.ModDiscoverer/SCAN]: Found mod file "restrictions-1.21-7.0.3.jar" [locator: {mods folder locator at D:\ServerFiles-5.1\mods}, reader: mod manifest]
[25nov2025 22:14:42.723] [main/DEBUG] [net.neoforged.fml.loading.moddiscovery.readers.JarModsDotTomlModFileReader/SCAN]: Found META-INF/neoforge.mods.toml mod of type null: D:\ServerFiles-5.1\mods\rftoolsbase-1.21-6.0.9.jar
[25nov2025 22:14:42.724] [main/DEBUG] [net.neoforged.fml.loading.moddiscovery.ModFileParser/LOADING]: Considering mod file candidate D:\ServerFiles-5.1\mods\rftoolsbase-1.21-6.0.9.jar
[25nov2025 22:14:42.724] [main/DEBUG] [net.neoforged.fml.loading.moddiscovery.ModFileInfo/LOADING]: Found valid mod file rftoolsbase-1.21-6.0.9.jar with {rftoolsbase} mods - versions {1.21-6.0.9}
[25nov2025 22:14:42.724] [main/INFO] [net.neoforged.fml.loading.moddiscovery.ModDiscoverer/SCAN]: Found mod file "rftoolsbase-1.21-6.0.9.jar" [locator: {mods folder locator at D:\ServerFiles-5.1\mods}, reader: mod manifest]
[25nov2025 22:14:42.725] [main/DEBUG] [net.neoforged.fml.loading.moddiscovery.readers.JarModsDotTomlModFileReader/SCAN]: Found META-INF/neoforge.mods.toml mod of type null: D:\ServerFiles-5.1\mods\rftoolsbuilder-1.21-7.0.3.jar
[25nov2025 22:14:42.725] [main/DEBUG] [net.neoforged.fml.loading.moddiscovery.ModFileParser/LOADING]: Considering mod file candidate D:\ServerFiles-5.1\mods\rftoolsbuilder-1.21-7.0.3.jar
[25nov2025 22:14:42.726] [main/DEBUG] [net.neoforged.fml.loading.moddiscovery.ModFileInfo/LOADING]: Found valid mod file rftoolsbuilder-1.21-7.0.3.jar with {rftoolsbuilder} mods - versions {1.21-7.0.3}
[25nov2025 22:14:42.726] [main/INFO] [net.neoforged.fml.loading.moddiscovery.ModDiscoverer/SCAN]: Found mod file "rftoolsbuilder-1.21-7.0.3.jar" [locator: {mods folder locator at D:\ServerFiles-5.1\mods}, reader: mod manifest]
[25nov2025 22:14:42.727] [main/DEBUG] [net.neoforged.fml.loading.moddiscovery.readers.JarModsDotTomlModFileReader/SCAN]: Found META-INF/neoforge.mods.toml mod of type null: D:\ServerFiles-5.1\mods\rftoolspower-1.21-7.0.4.jar
[25nov2025 22:14:42.727] [main/DEBUG] [net.neoforged.fml.loading.moddiscovery.ModFileParser/LOADING]: Considering mod file candidate D:\ServerFiles-5.1\mods\rftoolspower-1.21-7.0.4.jar
[25nov2025 22:14:42.727] [main/DEBUG] [net.neoforged.fml.loading.moddiscovery.ModFileInfo/LOADING]: Found valid mod file rftoolspower-1.21-7.0.4.jar with {rftoolspower} mods - versions {1.21-7.0.4}
[25nov2025 22:14:42.727] [main/INFO] [net.neoforged.fml.loading.moddiscovery.ModDiscoverer/SCAN]: Found mod file "rftoolspower-1.21-7.0.4.jar" [locator: {mods folder locator at D:\ServerFiles-5.1\mods}, reader: mod manifest]
[25nov2025 22:14:42.729] [main/DEBUG] [net.neoforged.fml.loading.moddiscovery.readers.JarModsDotTomlModFileReader/SCAN]: Found META-INF/neoforge.mods.toml mod of type null: D:\ServerFiles-5.1\mods\rftoolsstorage-1.21-6.0.4.jar
[25nov2025 22:14:42.729] [main/DEBUG] [net.neoforged.fml.loading.moddiscovery.ModFileParser/LOADING]: Considering mod file candidate D:\ServerFiles-5.1\mods\rftoolsstorage-1.21-6.0.4.jar
[25nov2025 22:14:42.729] [main/DEBUG] [net.neoforged.fml.loading.moddiscovery.ModFileInfo/LOADING]: Found valid mod file rftoolsstorage-1.21-6.0.4.jar with {rftoolsstorage} mods - versions {1.21-6.0.4}
[25nov2025 22:14:42.729] [main/INFO] [net.neoforged.fml.loading.moddiscovery.ModDiscoverer/SCAN]: Found mod file "rftoolsstorage-1.21-6.0.4.jar" [locator: {mods folder locator at D:\ServerFiles-5.1\mods}, reader: mod manifest]
[25nov2025 22:14:42.731] [main/DEBUG] [net.neoforged.fml.loading.moddiscovery.readers.JarModsDotTomlModFileReader/SCAN]: Found META-INF/neoforge.mods.toml mod of type null: D:\ServerFiles-5.1\mods\rftoolsutility-1.21-7.0.9.jar
[25nov2025 22:14:42.731] [main/DEBUG] [net.neoforged.fml.loading.moddiscovery.ModFileParser/LOADING]: Considering mod file candidate D:\ServerFiles-5.1\mods\rftoolsutility-1.21-7.0.9.jar
[25nov2025 22:14:42.732] [main/DEBUG] [net.neoforged.fml.loading.moddiscovery.ModFileInfo/LOADING]: Found valid mod file rftoolsutility-1.21-7.0.9.jar with {rftoolsutility} mods - versions {1.21-7.0.9}
[25nov2025 22:14:42.732] [main/INFO] [net.neoforged.fml.loading.moddiscovery.ModDiscoverer/SCAN]: Found mod file "rftoolsutility-1.21-7.0.9.jar" [locator: {mods folder locator at D:\ServerFiles-5.1\mods}, reader: mod manifest]
[25nov2025 22:14:42.734] [main/DEBUG] [net.neoforged.fml.loading.moddiscovery.readers.JarModsDotTomlModFileReader/SCAN]: Found META-INF/neoforge.mods.toml mod of type null: D:\ServerFiles-5.1\mods\rhino-2101.2.7-build.81.jar
[25nov2025 22:14:42.734] [main/DEBUG] [net.neoforged.fml.loading.moddiscovery.ModFileParser/LOADING]: Considering mod file candidate D:\ServerFiles-5.1\mods\rhino-2101.2.7-build.81.jar
[25nov2025 22:14:42.734] [main/DEBUG] [net.neoforged.fml.loading.moddiscovery.ModFileInfo/LOADING]: Found valid mod file rhino-2101.2.7-build.81.jar with {rhino} mods - versions {2101.2.7-build.81}
[25nov2025 22:14:42.734] [main/INFO] [net.neoforged.fml.loading.moddiscovery.ModDiscoverer/SCAN]: Found mod file "rhino-2101.2.7-build.81.jar" [locator: {mods folder locator at D:\ServerFiles-5.1\mods}, reader: mod manifest]
[25nov2025 22:14:42.736] [main/DEBUG] [net.neoforged.fml.loading.moddiscovery.readers.JarModsDotTomlModFileReader/SCAN]: Found META-INF/neoforge.mods.toml mod of type null: D:\ServerFiles-5.1\mods\RootsClassic-1.21.1-1.5.5.jar
[25nov2025 22:14:42.736] [main/DEBUG] [net.neoforged.fml.loading.moddiscovery.ModFileParser/LOADING]: Considering mod file candidate D:\ServerFiles-5.1\mods\RootsClassic-1.21.1-1.5.5.jar
[25nov2025 22:14:42.736] [main/DEBUG] [net.neoforged.fml.loading.moddiscovery.ModFileInfo/LOADING]: Found valid mod file RootsClassic-1.21.1-1.5.5.jar with {rootsclassic} mods - versions {1.21.1-1.5.5}
[25nov2025 22:14:42.736] [main/INFO] [net.neoforged.fml.loading.moddiscovery.ModDiscoverer/SCAN]: Found mod file "RootsClassic-1.21.1-1.5.5.jar" [locator: {mods folder locator at D:\ServerFiles-5.1\mods}, reader: mod manifest]
[25nov2025 22:14:42.738] [main/DEBUG] [net.neoforged.fml.loading.moddiscovery.readers.JarModsDotTomlModFileReader/SCAN]: Found META-INF/neoforge.mods.toml mod of type null: D:\ServerFiles-5.1\mods\sawmill-1.21-1.7.2-neoforge.jar
[25nov2025 22:14:42.738] [main/DEBUG] [net.neoforged.fml.loading.moddiscovery.ModFileParser/LOADING]: Considering mod file candidate D:\ServerFiles-5.1\mods\sawmill-1.21-1.7.2-neoforge.jar
[25nov2025 22:14:42.738] [main/DEBUG] [net.neoforged.fml.loading.moddiscovery.ModFileInfo/LOADING]: Found valid mod file sawmill-1.21-1.7.2-neoforge.jar with {sawmill} mods - versions {1.21-1.7.1}
[25nov2025 22:14:42.738] [main/INFO] [net.neoforged.fml.loading.moddiscovery.ModDiscoverer/SCAN]: Found mod file "sawmill-1.21-1.7.2-neoforge.jar" [locator: {mods folder locator at D:\ServerFiles-5.1\mods}, reader: mod manifest]
[25nov2025 22:14:42.767] [main/DEBUG] [net.neoforged.fml.loading.moddiscovery.readers.JarModsDotTomlModFileReader/SCAN]: Found META-INF/MANIFEST.MF mod of type LIBRARY: D:\ServerFiles-5.1\mods\ScalableCatsForce-NeoForge-3.7.1-build-11-with-library.jar
[25nov2025 22:14:42.767] [main/INFO] [net.neoforged.fml.loading.moddiscovery.ModDiscoverer/SCAN]: Found library file "ScalableCatsForce-NeoForge-3.7.1-build-11-with-library.jar" [locator: {mods folder locator at D:\ServerFiles-5.1\mods}, reader: mod manifest]
[25nov2025 22:14:42.769] [main/DEBUG] [net.neoforged.fml.loading.moddiscovery.readers.JarModsDotTomlModFileReader/SCAN]: Found META-INF/neoforge.mods.toml mod of type null: D:\ServerFiles-5.1\mods\Searchables-neoforge-1.21.1-1.0.2.jar
[25nov2025 22:14:42.769] [main/DEBUG] [net.neoforged.fml.loading.moddiscovery.ModFileParser/LOADING]: Considering mod file candidate D:\ServerFiles-5.1\mods\Searchables-neoforge-1.21.1-1.0.2.jar
[25nov2025 22:14:42.769] [main/DEBUG] [net.neoforged.fml.loading.moddiscovery.ModFileInfo/LOADING]: Found valid mod file Searchables-neoforge-1.21.1-1.0.2.jar with {searchables} mods - versions {1.0.2}
[25nov2025 22:14:42.769] [main/INFO] [net.neoforged.fml.loading.moddiscovery.ModDiscoverer/SCAN]: Found mod file "Searchables-neoforge-1.21.1-1.0.2.jar" [locator: {mods folder locator at D:\ServerFiles-5.1\mods}, reader: mod manifest]
[25nov2025 22:14:42.771] [main/DEBUG] [net.neoforged.fml.loading.moddiscovery.readers.JarModsDotTomlModFileReader/SCAN]: Found META-INF/neoforge.mods.toml mod of type null: D:\ServerFiles-5.1\mods\sgearmetalworks-1.21.1-1.4.5.jar
[25nov2025 22:14:42.771] [main/DEBUG] [net.neoforged.fml.loading.moddiscovery.ModFileParser/LOADING]: Considering mod file candidate D:\ServerFiles-5.1\mods\sgearmetalworks-1.21.1-1.4.5.jar
[25nov2025 22:14:42.771] [main/DEBUG] [net.neoforged.fml.loading.moddiscovery.ModFileInfo/LOADING]: Found valid mod file sgearmetalworks-1.21.1-1.4.5.jar with {sgearmetalworks} mods - versions {1.21.1-1.4.5}
[25nov2025 22:14:42.771] [main/INFO] [net.neoforged.fml.loading.moddiscovery.ModDiscoverer/SCAN]: Found mod file "sgearmetalworks-1.21.1-1.4.5.jar" [locator: {mods folder locator at D:\ServerFiles-5.1\mods}, reader: mod manifest]
[25nov2025 22:14:42.773] [main/DEBUG] [net.neoforged.fml.loading.moddiscovery.readers.JarModsDotTomlModFileReader/SCAN]: Found META-INF/neoforge.mods.toml mod of type null: D:\ServerFiles-5.1\mods\shiny-1.21.1-1.2.5.jar
[25nov2025 22:14:42.773] [main/DEBUG] [net.neoforged.fml.loading.moddiscovery.ModFileParser/LOADING]: Considering mod file candidate D:\ServerFiles-5.1\mods\shiny-1.21.1-1.2.5.jar
[25nov2025 22:14:42.773] [main/DEBUG] [net.neoforged.fml.loading.moddiscovery.ModFileInfo/LOADING]: Found valid mod file shiny-1.21.1-1.2.5.jar with {shiny} mods - versions {1.21.1-1.2.5}
[25nov2025 22:14:42.773] [main/INFO] [net.neoforged.fml.loading.moddiscovery.ModDiscoverer/SCAN]: Found mod file "shiny-1.21.1-1.2.5.jar" [locator: {mods folder locator at D:\ServerFiles-5.1\mods}, reader: mod manifest]
[25nov2025 22:14:42.774] [main/DEBUG] [net.neoforged.fml.loading.moddiscovery.readers.JarModsDotTomlModFileReader/SCAN]: Found META-INF/neoforge.mods.toml mod of type null: D:\ServerFiles-5.1\mods\shrink-2.0.1.47-neoforge.jar
[25nov2025 22:14:42.774] [main/DEBUG] [net.neoforged.fml.loading.moddiscovery.ModFileParser/LOADING]: Considering mod file candidate D:\ServerFiles-5.1\mods\shrink-2.0.1.47-neoforge.jar
[25nov2025 22:14:42.775] [main/DEBUG] [net.neoforged.fml.loading.moddiscovery.ModFileInfo/LOADING]: Found valid mod file shrink-2.0.1.47-neoforge.jar with {shrink} mods - versions {2.0.1.47}
[25nov2025 22:14:42.775] [main/INFO] [net.neoforged.fml.loading.moddiscovery.ModDiscoverer/SCAN]: Found mod file "shrink-2.0.1.47-neoforge.jar" [locator: {mods folder locator at D:\ServerFiles-5.1\mods}, reader: mod manifest]
[25nov2025 22:14:42.777] [main/DEBUG] [net.neoforged.fml.loading.moddiscovery.readers.JarModsDotTomlModFileReader/SCAN]: Found META-INF/neoforge.mods.toml mod of type null: D:\ServerFiles-5.1\mods\silent-gear-1.21.1-neoforge-4.0.29.jar
[25nov2025 22:14:42.777] [main/DEBUG] [net.neoforged.fml.loading.moddiscovery.ModFileParser/LOADING]: Considering mod file candidate D:\ServerFiles-5.1\mods\silent-gear-1.21.1-neoforge-4.0.29.jar
[25nov2025 22:14:42.777] [main/DEBUG] [net.neoforged.fml.loading.moddiscovery.ModFileInfo/LOADING]: Found valid mod file silent-gear-1.21.1-neoforge-4.0.29.jar with {silentgear} mods - versions {4.0.29}
[25nov2025 22:14:42.777] [main/INFO] [net.neoforged.fml.loading.moddiscovery.ModDiscoverer/SCAN]: Found mod file "silent-gear-1.21.1-neoforge-4.0.29.jar" [locator: {mods folder locator at D:\ServerFiles-5.1\mods}, reader: mod manifest]
[25nov2025 22:14:42.779] [main/DEBUG] [net.neoforged.fml.loading.moddiscovery.readers.JarModsDotTomlModFileReader/SCAN]: Found META-INF/neoforge.mods.toml mod of type null: D:\ServerFiles-5.1\mods\silent-lib-1.21.1-neoforge-10.5.1.jar
[25nov2025 22:14:42.779] [main/DEBUG] [net.neoforged.fml.loading.moddiscovery.ModFileParser/LOADING]: Considering mod file candidate D:\ServerFiles-5.1\mods\silent-lib-1.21.1-neoforge-10.5.1.jar
[25nov2025 22:14:42.779] [main/DEBUG] [net.neoforged.fml.loading.moddiscovery.ModFileInfo/LOADING]: Found valid mod file silent-lib-1.21.1-neoforge-10.5.1.jar with {silentlib} mods - versions {10.5.1}
[25nov2025 22:14:42.779] [main/INFO] [net.neoforged.fml.loading.moddiscovery.ModDiscoverer/SCAN]: Found mod file "silent-lib-1.21.1-neoforge-10.5.1.jar" [locator: {mods folder locator at D:\ServerFiles-5.1\mods}, reader: mod manifest]
[25nov2025 22:14:42.781] [main/DEBUG] [net.neoforged.fml.loading.moddiscovery.readers.JarModsDotTomlModFileReader/SCAN]: Found META-INF/neoforge.mods.toml mod of type null: D:\ServerFiles-5.1\mods\silentgems-1.21.1-neoforge-5.1.2.1.jar
[25nov2025 22:14:42.781] [main/DEBUG] [net.neoforged.fml.loading.moddiscovery.ModFileParser/LOADING]: Considering mod file candidate D:\ServerFiles-5.1\mods\silentgems-1.21.1-neoforge-5.1.2.1.jar
[25nov2025 22:14:42.781] [main/DEBUG] [net.neoforged.fml.loading.moddiscovery.ModFileInfo/LOADING]: Found valid mod file silentgems-1.21.1-neoforge-5.1.2.1.jar with {silentgems} mods - versions {5.1.2.1}
[25nov2025 22:14:42.782] [main/INFO] [net.neoforged.fml.loading.moddiscovery.ModDiscoverer/SCAN]: Found mod file "silentgems-1.21.1-neoforge-5.1.2.1.jar" [locator: {mods folder locator at D:\ServerFiles-5.1\mods}, reader: mod manifest]
[25nov2025 22:14:42.783] [main/DEBUG] [net.neoforged.fml.loading.moddiscovery.readers.JarModsDotTomlModFileReader/SCAN]: Found META-INF/neoforge.mods.toml mod of type null: D:\ServerFiles-5.1\mods\simplemagnets-1.1.12c-neoforge-mc1.21.jar
[25nov2025 22:14:42.783] [main/DEBUG] [net.neoforged.fml.loading.moddiscovery.ModFileParser/LOADING]: Considering mod file candidate D:\ServerFiles-5.1\mods\simplemagnets-1.1.12c-neoforge-mc1.21.jar
[25nov2025 22:14:42.784] [main/DEBUG] [net.neoforged.fml.loading.moddiscovery.ModFileInfo/LOADING]: Found valid mod file simplemagnets-1.1.12c-neoforge-mc1.21.jar with {simplemagnets} mods - versions {1.1.12+c}
[25nov2025 22:14:42.784] [main/INFO] [net.neoforged.fml.loading.moddiscovery.ModDiscoverer/SCAN]: Found mod file "simplemagnets-1.1.12c-neoforge-mc1.21.jar" [locator: {mods folder locator at D:\ServerFiles-5.1\mods}, reader: mod manifest]
[25nov2025 22:14:42.785] [main/DEBUG] [net.neoforged.fml.loading.moddiscovery.readers.JarModsDotTomlModFileReader/SCAN]: Found META-INF/neoforge.mods.toml mod of type null: D:\ServerFiles-5.1\mods\simplylight-1.5.3+1.21.1-b4.jar
[25nov2025 22:14:42.785] [main/DEBUG] [net.neoforged.fml.loading.moddiscovery.ModFileParser/LOADING]: Considering mod file candidate D:\ServerFiles-5.1\mods\simplylight-1.5.3+1.21.1-b4.jar
[25nov2025 22:14:42.786] [main/DEBUG] [net.neoforged.fml.loading.moddiscovery.ModFileInfo/LOADING]: Found valid mod file simplylight-1.5.3+1.21.1-b4.jar with {simplylight} mods - versions {1.5.3}
[25nov2025 22:14:42.786] [main/INFO] [net.neoforged.fml.loading.moddiscovery.ModDiscoverer/SCAN]: Found mod file "simplylight-1.5.3+1.21.1-b4.jar" [locator: {mods folder locator at D:\ServerFiles-5.1\mods}, reader: mod manifest]
[25nov2025 22:14:42.787] [main/DEBUG] [net.neoforged.fml.loading.moddiscovery.readers.JarModsDotTomlModFileReader/SCAN]: Found META-INF/neoforge.mods.toml mod of type null: D:\ServerFiles-5.1\mods\SmartBrainLib-neoforge-1.21.1-1.16.11.jar
[25nov2025 22:14:42.787] [main/DEBUG] [net.neoforged.fml.loading.moddiscovery.ModFileParser/LOADING]: Considering mod file candidate D:\ServerFiles-5.1\mods\SmartBrainLib-neoforge-1.21.1-1.16.11.jar
[25nov2025 22:14:42.787] [main/DEBUG] [net.neoforged.fml.loading.moddiscovery.ModFileInfo/LOADING]: Found valid mod file SmartBrainLib-neoforge-1.21.1-1.16.11.jar with {smartbrainlib} mods - versions {1.16.11}
[25nov2025 22:14:42.787] [main/INFO] [net.neoforged.fml.loading.moddiscovery.ModDiscoverer/SCAN]: Found mod file "SmartBrainLib-neoforge-1.21.1-1.16.11.jar" [locator: {mods folder locator at D:\ServerFiles-5.1\mods}, reader: mod manifest]
[25nov2025 22:14:42.789] [main/DEBUG] [net.neoforged.fml.loading.moddiscovery.readers.JarModsDotTomlModFileReader/SCAN]: Found META-INF/neoforge.mods.toml mod of type null: D:\ServerFiles-5.1\mods\solcarrot-1.21.1-1.16.5.jar
[25nov2025 22:14:42.789] [main/DEBUG] [net.neoforged.fml.loading.moddiscovery.ModFileParser/LOADING]: Considering mod file candidate D:\ServerFiles-5.1\mods\solcarrot-1.21.1-1.16.5.jar
[25nov2025 22:14:42.790] [main/DEBUG] [net.neoforged.fml.loading.moddiscovery.ModFileInfo/LOADING]: Found valid mod file solcarrot-1.21.1-1.16.5.jar with {solcarrot} mods - versions {1.16.5}
[25nov2025 22:14:42.790] [main/INFO] [net.neoforged.fml.loading.moddiscovery.ModDiscoverer/SCAN]: Found mod file "solcarrot-1.21.1-1.16.5.jar" [locator: {mods folder locator at D:\ServerFiles-5.1\mods}, reader: mod manifest]
[25nov2025 22:14:42.792] [main/DEBUG] [net.neoforged.fml.loading.moddiscovery.readers.JarModsDotTomlModFileReader/SCAN]: Found META-INF/neoforge.mods.toml mod of type null: D:\ServerFiles-5.1\mods\sophisticatedbackpacks-1.21.1-3.25.14.1410.jar
[25nov2025 22:14:42.792] [main/DEBUG] [net.neoforged.fml.loading.moddiscovery.ModFileParser/LOADING]: Considering mod file candidate D:\ServerFiles-5.1\mods\sophisticatedbackpacks-1.21.1-3.25.14.1410.jar
[25nov2025 22:14:42.792] [main/DEBUG] [net.neoforged.fml.loading.moddiscovery.ModFileInfo/LOADING]: Found valid mod file sophisticatedbackpacks-1.21.1-3.25.14.1410.jar with {sophisticatedbackpacks} mods - versions {3.25.14}
[25nov2025 22:14:42.792] [main/INFO] [net.neoforged.fml.loading.moddiscovery.ModDiscoverer/SCAN]: Found mod file "sophisticatedbackpacks-1.21.1-3.25.14.1410.jar" [locator: {mods folder locator at D:\ServerFiles-5.1\mods}, reader: mod manifest]
[25nov2025 22:14:42.793] [main/DEBUG] [net.neoforged.fml.loading.moddiscovery.readers.JarModsDotTomlModFileReader/SCAN]: Found META-INF/neoforge.mods.toml mod of type null: D:\ServerFiles-5.1\mods\sophisticatedbackpackscreateintegration-1.21.1-0.1.5.29.jar
[25nov2025 22:14:42.793] [main/DEBUG] [net.neoforged.fml.loading.moddiscovery.ModFileParser/LOADING]: Considering mod file candidate D:\ServerFiles-5.1\mods\sophisticatedbackpackscreateintegration-1.21.1-0.1.5.29.jar
[25nov2025 22:14:42.794] [main/DEBUG] [net.neoforged.fml.loading.moddiscovery.ModFileInfo/LOADING]: Found valid mod file sophisticatedbackpackscreateintegration-1.21.1-0.1.5.29.jar with {sophisticatedbackpackscreateintegration} mods - versions {0.1.5}
[25nov2025 22:14:42.794] [main/INFO] [net.neoforged.fml.loading.moddiscovery.ModDiscoverer/SCAN]: Found mod file "sophisticatedbackpackscreateintegration-1.21.1-0.1.5.29.jar" [locator: {mods folder locator at D:\ServerFiles-5.1\mods}, reader: mod manifest]
[25nov2025 22:14:42.795] [main/DEBUG] [net.neoforged.fml.loading.moddiscovery.readers.JarModsDotTomlModFileReader/SCAN]: Found META-INF/neoforge.mods.toml mod of type null: D:\ServerFiles-5.1\mods\sophisticatedcore-1.21.1-1.3.89.1239.jar
[25nov2025 22:14:42.795] [main/DEBUG] [net.neoforged.fml.loading.moddiscovery.ModFileParser/LOADING]: Considering mod file candidate D:\ServerFiles-5.1\mods\sophisticatedcore-1.21.1-1.3.89.1239.jar
[25nov2025 22:14:42.796] [main/DEBUG] [net.neoforged.fml.loading.moddiscovery.ModFileInfo/LOADING]: Found valid mod file sophisticatedcore-1.21.1-1.3.89.1239.jar with {sophisticatedcore} mods - versions {1.3.89}
[25nov2025 22:14:42.796] [main/INFO] [net.neoforged.fml.loading.moddiscovery.ModDiscoverer/SCAN]: Found mod file "sophisticatedcore-1.21.1-1.3.89.1239.jar" [locator: {mods folder locator at D:\ServerFiles-5.1\mods}, reader: mod manifest]
[25nov2025 22:14:42.798] [main/DEBUG] [net.neoforged.fml.loading.moddiscovery.readers.JarModsDotTomlModFileReader/SCAN]: Found META-INF/neoforge.mods.toml mod of type null: D:\ServerFiles-5.1\mods\sophisticatedstorage-1.21.1-1.5.15.1361.jar
[25nov2025 22:14:42.798] [main/DEBUG] [net.neoforged.fml.loading.moddiscovery.ModFileParser/LOADING]: Considering mod file candidate D:\ServerFiles-5.1\mods\sophisticatedstorage-1.21.1-1.5.15.1361.jar
[25nov2025 22:14:42.798] [main/DEBUG] [net.neoforged.fml.loading.moddiscovery.ModFileInfo/LOADING]: Found valid mod file sophisticatedstorage-1.21.1-1.5.15.1361.jar with {sophisticatedstorage} mods - versions {1.5.15}
[25nov2025 22:14:42.798] [main/INFO] [net.neoforged.fml.loading.moddiscovery.ModDiscoverer/SCAN]: Found mod file "sophisticatedstorage-1.21.1-1.5.15.1361.jar" [locator: {mods folder locator at D:\ServerFiles-5.1\mods}, reader: mod manifest]
[25nov2025 22:14:42.800] [main/DEBUG] [net.neoforged.fml.loading.moddiscovery.readers.JarModsDotTomlModFileReader/SCAN]: Found META-INF/neoforge.mods.toml mod of type null: D:\ServerFiles-5.1\mods\sophisticatedstoragecreateintegration-1.21.1-0.1.13.54.jar
[25nov2025 22:14:42.800] [main/DEBUG] [net.neoforged.fml.loading.moddiscovery.ModFileParser/LOADING]: Considering mod file candidate D:\ServerFiles-5.1\mods\sophisticatedstoragecreateintegration-1.21.1-0.1.13.54.jar
[25nov2025 22:14:42.800] [main/DEBUG] [net.neoforged.fml.loading.moddiscovery.ModFileInfo/LOADING]: Found valid mod file sophisticatedstoragecreateintegration-1.21.1-0.1.13.54.jar with {sophisticatedstoragecreateintegration} mods - versions {0.1.13}
[25nov2025 22:14:42.800] [main/INFO] [net.neoforged.fml.loading.moddiscovery.ModDiscoverer/SCAN]: Found mod file "sophisticatedstoragecreateintegration-1.21.1-0.1.13.54.jar" [locator: {mods folder locator at D:\ServerFiles-5.1\mods}, reader: mod manifest]
[25nov2025 22:14:42.802] [main/DEBUG] [net.neoforged.fml.loading.moddiscovery.readers.JarModsDotTomlModFileReader/SCAN]: Found META-INF/neoforge.mods.toml mod of type null: D:\ServerFiles-5.1\mods\sophisticatedstorageinmotion-1.21.1-0.10.24.155.jar
[25nov2025 22:14:42.802] [main/DEBUG] [net.neoforged.fml.loading.moddiscovery.ModFileParser/LOADING]: Considering mod file candidate D:\ServerFiles-5.1\mods\sophisticatedstorageinmotion-1.21.1-0.10.24.155.jar
[25nov2025 22:14:42.802] [main/DEBUG] [net.neoforged.fml.loading.moddiscovery.ModFileInfo/LOADING]: Found valid mod file sophisticatedstorageinmotion-1.21.1-0.10.24.155.jar with {sophisticatedstorageinmotion} mods - versions {0.10.24}
[25nov2025 22:14:42.802] [main/INFO] [net.neoforged.fml.loading.moddiscovery.ModDiscoverer/SCAN]: Found mod file "sophisticatedstorageinmotion-1.21.1-0.10.24.155.jar" [locator: {mods folder locator at D:\ServerFiles-5.1\mods}, reader: mod manifest]
[25nov2025 22:14:42.804] [main/DEBUG] [net.neoforged.fml.loading.moddiscovery.readers.JarModsDotTomlModFileReader/SCAN]: Found META-INF/neoforge.mods.toml mod of type null: D:\ServerFiles-5.1\mods\soulplied_energistics-1.0.2.jar
[25nov2025 22:14:42.804] [main/DEBUG] [net.neoforged.fml.loading.moddiscovery.ModFileParser/LOADING]: Considering mod file candidate D:\ServerFiles-5.1\mods\soulplied_energistics-1.0.2.jar
[25nov2025 22:14:42.804] [main/DEBUG] [net.neoforged.fml.loading.moddiscovery.ModFileInfo/LOADING]: Found valid mod file soulplied_energistics-1.0.2.jar with {soulplied_energistics} mods - versions {1.0.2}
[25nov2025 22:14:42.804] [main/INFO] [net.neoforged.fml.loading.moddiscovery.ModDiscoverer/SCAN]: Found mod file "soulplied_energistics-1.0.2.jar" [locator: {mods folder locator at D:\ServerFiles-5.1\mods}, reader: mod manifest]
[25nov2025 22:14:42.806] [main/DEBUG] [net.neoforged.fml.loading.moddiscovery.readers.JarModsDotTomlModFileReader/SCAN]: Found META-INF/neoforge.mods.toml mod of type null: D:\ServerFiles-5.1\mods\spark-1.10.124-neoforge.jar
[25nov2025 22:14:42.806] [main/DEBUG] [net.neoforged.fml.loading.moddiscovery.ModFileParser/LOADING]: Considering mod file candidate D:\ServerFiles-5.1\mods\spark-1.10.124-neoforge.jar
[25nov2025 22:14:42.806] [main/DEBUG] [net.neoforged.fml.loading.moddiscovery.ModFileInfo/LOADING]: Found valid mod file spark-1.10.124-neoforge.jar with {spark} mods - versions {1.10.124}
[25nov2025 22:14:42.806] [main/INFO] [net.neoforged.fml.loading.moddiscovery.ModDiscoverer/SCAN]: Found mod file "spark-1.10.124-neoforge.jar" [locator: {mods folder locator at D:\ServerFiles-5.1\mods}, reader: mod manifest]
[25nov2025 22:14:42.808] [main/DEBUG] [net.neoforged.fml.loading.moddiscovery.readers.JarModsDotTomlModFileReader/SCAN]: Found META-INF/neoforge.mods.toml mod of type null: D:\ServerFiles-5.1\mods\starbunclemania-1.21.1-1.5.2.jar
[25nov2025 22:14:42.808] [main/DEBUG] [net.neoforged.fml.loading.moddiscovery.ModFileParser/LOADING]: Considering mod file candidate D:\ServerFiles-5.1\mods\starbunclemania-1.21.1-1.5.2.jar
[25nov2025 22:14:42.809] [main/DEBUG] [net.neoforged.fml.loading.moddiscovery.ModFileInfo/LOADING]: Found valid mod file starbunclemania-1.21.1-1.5.2.jar with {starbunclemania} mods - versions {1.5.2}
[25nov2025 22:14:42.809] [main/INFO] [net.neoforged.fml.loading.moddiscovery.ModDiscoverer/SCAN]: Found mod file "starbunclemania-1.21.1-1.5.2.jar" [locator: {mods folder locator at D:\ServerFiles-5.1\mods}, reader: mod manifest]
[25nov2025 22:14:42.811] [main/DEBUG] [net.neoforged.fml.loading.moddiscovery.readers.JarModsDotTomlModFileReader/SCAN]: Found META-INF/neoforge.mods.toml mod of type null: D:\ServerFiles-5.1\mods\stevescarts-1.21-1.2.16-neoforge.jar
[25nov2025 22:14:42.811] [main/DEBUG] [net.neoforged.fml.loading.moddiscovery.ModFileParser/LOADING]: Considering mod file candidate D:\ServerFiles-5.1\mods\stevescarts-1.21-1.2.16-neoforge.jar
[25nov2025 22:14:42.811] [main/DEBUG] [net.neoforged.fml.loading.moddiscovery.ModFileInfo/LOADING]: Found valid mod file stevescarts-1.21-1.2.16-neoforge.jar with {stevescarts} mods - versions {1.2.16}
[25nov2025 22:14:42.811] [main/INFO] [net.neoforged.fml.loading.moddiscovery.ModDiscoverer/SCAN]: Found mod file "stevescarts-1.21-1.2.16-neoforge.jar" [locator: {mods folder locator at D:\ServerFiles-5.1\mods}, reader: mod manifest]
[25nov2025 22:14:42.814] [main/DEBUG] [net.neoforged.fml.loading.moddiscovery.readers.JarModsDotTomlModFileReader/SCAN]: Found META-INF/neoforge.mods.toml mod of type null: D:\ServerFiles-5.1\mods\storagedelight-25.06.24-1.21-neoforge.jar
[25nov2025 22:14:42.814] [main/DEBUG] [net.neoforged.fml.loading.moddiscovery.ModFileParser/LOADING]: Considering mod file candidate D:\ServerFiles-5.1\mods\storagedelight-25.06.24-1.21-neoforge.jar
[25nov2025 22:14:42.814] [main/DEBUG] [net.neoforged.fml.loading.moddiscovery.ModFileInfo/LOADING]: Found valid mod file storagedelight-25.06.24-1.21-neoforge.jar with {storagedelight} mods - versions {25.06.24-1.21-neoforge}
[25nov2025 22:14:42.814] [main/INFO] [net.neoforged.fml.loading.moddiscovery.ModDiscoverer/SCAN]: Found mod file "storagedelight-25.06.24-1.21-neoforge.jar" [locator: {mods folder locator at D:\ServerFiles-5.1\mods}, reader: mod manifest]
[25nov2025 22:14:42.816] [main/DEBUG] [net.neoforged.fml.loading.moddiscovery.readers.JarModsDotTomlModFileReader/SCAN]: Found META-INF/neoforge.mods.toml mod of type null: D:\ServerFiles-5.1\mods\Structory_1.21.x_v1.3.12.jar
[25nov2025 22:14:42.816] [main/DEBUG] [net.neoforged.fml.loading.moddiscovery.ModFileParser/LOADING]: Considering mod file candidate D:\ServerFiles-5.1\mods\Structory_1.21.x_v1.3.12.jar
[25nov2025 22:14:42.816] [main/DEBUG] [net.neoforged.fml.loading.moddiscovery.ModFileInfo/LOADING]: Found valid mod file Structory_1.21.x_v1.3.12.jar with {structory} mods - versions {1.3.13}
[25nov2025 22:14:42.816] [main/INFO] [net.neoforged.fml.loading.moddiscovery.ModDiscoverer/SCAN]: Found mod file "Structory_1.21.x_v1.3.12.jar" [locator: {mods folder locator at D:\ServerFiles-5.1\mods}, reader: mod manifest]
[25nov2025 22:14:42.818] [main/DEBUG] [net.neoforged.fml.loading.moddiscovery.readers.JarModsDotTomlModFileReader/SCAN]: Found META-INF/neoforge.mods.toml mod of type null: D:\ServerFiles-5.1\mods\Structory_Towers_1.21.x_v1.0.14.jar
[25nov2025 22:14:42.818] [main/DEBUG] [net.neoforged.fml.loading.moddiscovery.ModFileParser/LOADING]: Considering mod file candidate D:\ServerFiles-5.1\mods\Structory_Towers_1.21.x_v1.0.14.jar
[25nov2025 22:14:42.818] [main/DEBUG] [net.neoforged.fml.loading.moddiscovery.ModFileInfo/LOADING]: Found valid mod file Structory_Towers_1.21.x_v1.0.14.jar with {structory_towers} mods - versions {1.0.14}
[25nov2025 22:14:42.818] [main/INFO] [net.neoforged.fml.loading.moddiscovery.ModDiscoverer/SCAN]: Found mod file "Structory_Towers_1.21.x_v1.0.14.jar" [locator: {mods folder locator at D:\ServerFiles-5.1\mods}, reader: mod manifest]
[25nov2025 22:14:42.820] [main/DEBUG] [net.neoforged.fml.loading.moddiscovery.readers.JarModsDotTomlModFileReader/SCAN]: Found META-INF/neoforge.mods.toml mod of type null: D:\ServerFiles-5.1\mods\structurize-1.0.795-1.21.1-snapshot.jar
[25nov2025 22:14:42.820] [main/DEBUG] [net.neoforged.fml.loading.moddiscovery.ModFileParser/LOADING]: Considering mod file candidate D:\ServerFiles-5.1\mods\structurize-1.0.795-1.21.1-snapshot.jar
[25nov2025 22:14:42.821] [main/DEBUG] [net.neoforged.fml.loading.moddiscovery.ModFileInfo/LOADING]: Found valid mod file structurize-1.0.795-1.21.1-snapshot.jar with {structurize} mods - versions {1.0.795-1.21.1-snapshot}
[25nov2025 22:14:42.821] [main/INFO] [net.neoforged.fml.loading.moddiscovery.ModDiscoverer/SCAN]: Found mod file "structurize-1.0.795-1.21.1-snapshot.jar" [locator: {mods folder locator at D:\ServerFiles-5.1\mods}, reader: mod manifest]
[25nov2025 22:14:42.824] [main/DEBUG] [net.neoforged.fml.loading.moddiscovery.readers.JarModsDotTomlModFileReader/SCAN]: Found META-INF/neoforge.mods.toml mod of type null: D:\ServerFiles-5.1\mods\stylecolonies-1.15.41-1.21.1.jar
[25nov2025 22:14:42.824] [main/DEBUG] [net.neoforged.fml.loading.moddiscovery.ModFileParser/LOADING]: Considering mod file candidate D:\ServerFiles-5.1\mods\stylecolonies-1.15.41-1.21.1.jar
[25nov2025 22:14:42.825] [main/DEBUG] [net.neoforged.fml.loading.moddiscovery.ModFileInfo/LOADING]: Found valid mod file stylecolonies-1.15.41-1.21.1.jar with {stylecolonies} mods - versions {1.15.41-1.21.1}
[25nov2025 22:14:42.825] [main/INFO] [net.neoforged.fml.loading.moddiscovery.ModDiscoverer/SCAN]: Found mod file "stylecolonies-1.15.41-1.21.1.jar" [locator: {mods folder locator at D:\ServerFiles-5.1\mods}, reader: mod manifest]
[25nov2025 22:14:42.826] [main/DEBUG] [net.neoforged.fml.loading.moddiscovery.readers.JarModsDotTomlModFileReader/SCAN]: Found META-INF/neoforge.mods.toml mod of type null: D:\ServerFiles-5.1\mods\Super Factory Manager (SFM)-MC1.21.1-4.26.0.jar
[25nov2025 22:14:42.826] [main/DEBUG] [net.neoforged.fml.loading.moddiscovery.ModFileParser/LOADING]: Considering mod file candidate D:\ServerFiles-5.1\mods\Super Factory Manager (SFM)-MC1.21.1-4.26.0.jar
[25nov2025 22:14:42.827] [main/DEBUG] [net.neoforged.fml.loading.moddiscovery.ModFileInfo/LOADING]: Found valid mod file Super Factory Manager (SFM)-MC1.21.1-4.26.0.jar with {sfm} mods - versions {4.26.0}
[25nov2025 22:14:42.827] [main/INFO] [net.neoforged.fml.loading.moddiscovery.ModDiscoverer/SCAN]: Found mod file "Super Factory Manager (SFM)-MC1.21.1-4.26.0.jar" [locator: {mods folder locator at D:\ServerFiles-5.1\mods}, reader: mod manifest]
[25nov2025 22:14:42.829] [main/DEBUG] [net.neoforged.fml.loading.moddiscovery.readers.JarModsDotTomlModFileReader/SCAN]: Found META-INF/neoforge.mods.toml mod of type null: D:\ServerFiles-5.1\mods\supermartijn642configlib-1.1.8-neoforge-mc1.21.jar
[25nov2025 22:14:42.829] [main/DEBUG] [net.neoforged.fml.loading.moddiscovery.ModFileParser/LOADING]: Considering mod file candidate D:\ServerFiles-5.1\mods\supermartijn642configlib-1.1.8-neoforge-mc1.21.jar
[25nov2025 22:14:42.830] [main/DEBUG] [net.neoforged.fml.loading.moddiscovery.ModFileInfo/LOADING]: Found valid mod file supermartijn642configlib-1.1.8-neoforge-mc1.21.jar with {supermartijn642configlib} mods - versions {1.1.8}
[25nov2025 22:14:42.830] [main/INFO] [net.neoforged.fml.loading.moddiscovery.ModDiscoverer/SCAN]: Found mod file "supermartijn642configlib-1.1.8-neoforge-mc1.21.jar" [locator: {mods folder locator at D:\ServerFiles-5.1\mods}, reader: mod manifest]
[25nov2025 22:14:42.832] [main/DEBUG] [net.neoforged.fml.loading.moddiscovery.readers.JarModsDotTomlModFileReader/SCAN]: Found META-INF/neoforge.mods.toml mod of type null: D:\ServerFiles-5.1\mods\supermartijn642corelib-1.1.18a-neoforge-mc1.21.jar
[25nov2025 22:14:42.832] [main/DEBUG] [net.neoforged.fml.loading.moddiscovery.ModFileParser/LOADING]: Considering mod file candidate D:\ServerFiles-5.1\mods\supermartijn642corelib-1.1.18a-neoforge-mc1.21.jar
[25nov2025 22:14:42.833] [main/DEBUG] [net.neoforged.fml.loading.moddiscovery.ModFileInfo/LOADING]: Found valid mod file supermartijn642corelib-1.1.18a-neoforge-mc1.21.jar with {supermartijn642corelib} mods - versions {1.1.18+a}
[25nov2025 22:14:42.833] [main/INFO] [net.neoforged.fml.loading.moddiscovery.ModDiscoverer/SCAN]: Found mod file "supermartijn642corelib-1.1.18a-neoforge-mc1.21.jar" [locator: {mods folder locator at D:\ServerFiles-5.1\mods}, reader: mod manifest]
[25nov2025 22:14:42.836] [main/DEBUG] [net.neoforged.fml.loading.moddiscovery.readers.JarModsDotTomlModFileReader/SCAN]: Found META-INF/neoforge.mods.toml mod of type null: D:\ServerFiles-5.1\mods\supplementaries-1.21-3.4.20-neoforge.jar
[25nov2025 22:14:42.836] [main/DEBUG] [net.neoforged.fml.loading.moddiscovery.ModFileParser/LOADING]: Considering mod file candidate D:\ServerFiles-5.1\mods\supplementaries-1.21-3.4.20-neoforge.jar
[25nov2025 22:14:42.837] [main/DEBUG] [net.neoforged.fml.loading.moddiscovery.ModFileInfo/LOADING]: Found valid mod file supplementaries-1.21-3.4.20-neoforge.jar with {supplementaries} mods - versions {1.21-3.4.20}
[25nov2025 22:14:42.837] [main/INFO] [net.neoforged.fml.loading.moddiscovery.ModDiscoverer/SCAN]: Found mod file "supplementaries-1.21-3.4.20-neoforge.jar" [locator: {mods folder locator at D:\ServerFiles-5.1\mods}, reader: mod manifest]
[25nov2025 22:14:42.839] [main/DEBUG] [net.neoforged.fml.loading.moddiscovery.readers.JarModsDotTomlModFileReader/SCAN]: Found META-INF/neoforge.mods.toml mod of type null: D:\ServerFiles-5.1\mods\sushigocrafting-1.21-0.6.5.jar
[25nov2025 22:14:42.839] [main/DEBUG] [net.neoforged.fml.loading.moddiscovery.ModFileParser/LOADING]: Considering mod file candidate D:\ServerFiles-5.1\mods\sushigocrafting-1.21-0.6.5.jar
[25nov2025 22:14:42.839] [main/DEBUG] [net.neoforged.fml.loading.moddiscovery.ModFileInfo/LOADING]: Found valid mod file sushigocrafting-1.21-0.6.5.jar with {sushigocrafting} mods - versions {0.6.5}
[25nov2025 22:14:42.839] [main/INFO] [net.neoforged.fml.loading.moddiscovery.ModDiscoverer/SCAN]: Found mod file "sushigocrafting-1.21-0.6.5.jar" [locator: {mods folder locator at D:\ServerFiles-5.1\mods}, reader: mod manifest]
[25nov2025 22:14:42.841] [main/DEBUG] [net.neoforged.fml.loading.moddiscovery.readers.JarModsDotTomlModFileReader/SCAN]: Found META-INF/neoforge.mods.toml mod of type null: D:\ServerFiles-5.1\mods\sussysniffers-1.21.1-0.1.3.jar
[25nov2025 22:14:42.841] [main/DEBUG] [net.neoforged.fml.loading.moddiscovery.ModFileParser/LOADING]: Considering mod file candidate D:\ServerFiles-5.1\mods\sussysniffers-1.21.1-0.1.3.jar
[25nov2025 22:14:42.842] [main/DEBUG] [net.neoforged.fml.loading.moddiscovery.ModFileInfo/LOADING]: Found valid mod file sussysniffers-1.21.1-0.1.3.jar with {sussysniffers} mods - versions {1.21.1-0.1.3}
[25nov2025 22:14:42.842] [main/INFO] [net.neoforged.fml.loading.moddiscovery.ModDiscoverer/SCAN]: Found mod file "sussysniffers-1.21.1-0.1.3.jar" [locator: {mods folder locator at D:\ServerFiles-5.1\mods}, reader: mod manifest]
[25nov2025 22:14:42.844] [main/DEBUG] [net.neoforged.fml.loading.moddiscovery.readers.JarModsDotTomlModFileReader/SCAN]: Found META-INF/neoforge.mods.toml mod of type null: D:\ServerFiles-5.1\mods\t_and_t-neoforge-fabric-1.13.7+1.21.1.jar
[25nov2025 22:14:42.844] [main/DEBUG] [net.neoforged.fml.loading.moddiscovery.ModFileParser/LOADING]: Considering mod file candidate D:\ServerFiles-5.1\mods\t_and_t-neoforge-fabric-1.13.7+1.21.1.jar
[25nov2025 22:14:42.844] [main/DEBUG] [net.neoforged.fml.loading.moddiscovery.ModFileInfo/LOADING]: Found valid mod file t_and_t-neoforge-fabric-1.13.7+1.21.1.jar with {t_and_t} mods - versions {1.13.7}
[25nov2025 22:14:42.844] [main/INFO] [net.neoforged.fml.loading.moddiscovery.ModDiscoverer/SCAN]: Found mod file "t_and_t-neoforge-fabric-1.13.7+1.21.1.jar" [locator: {mods folder locator at D:\ServerFiles-5.1\mods}, reader: mod manifest]
[25nov2025 22:14:42.847] [main/DEBUG] [net.neoforged.fml.loading.moddiscovery.readers.JarModsDotTomlModFileReader/SCAN]: Found META-INF/neoforge.mods.toml mod of type null: D:\ServerFiles-5.1\mods\tempad-1.21.1-3.0.4-all.jar
[25nov2025 22:14:42.847] [main/DEBUG] [net.neoforged.fml.loading.moddiscovery.ModFileParser/LOADING]: Considering mod file candidate D:\ServerFiles-5.1\mods\tempad-1.21.1-3.0.4-all.jar
[25nov2025 22:14:42.847] [main/DEBUG] [net.neoforged.fml.loading.moddiscovery.ModFileInfo/LOADING]: Found valid mod file tempad-1.21.1-3.0.4-all.jar with {tempad} mods - versions {3.0.4}
[25nov2025 22:14:42.847] [main/INFO] [net.neoforged.fml.loading.moddiscovery.ModDiscoverer/SCAN]: Found mod file "tempad-1.21.1-3.0.4-all.jar" [locator: {mods folder locator at D:\ServerFiles-5.1\mods}, reader: mod manifest]
[25nov2025 22:14:42.848] [main/DEBUG] [net.neoforged.fml.loading.moddiscovery.readers.JarModsDotTomlModFileReader/SCAN]: Found META-INF/neoforge.mods.toml mod of type null: D:\ServerFiles-5.1\mods\TerraBlender-neoforge-1.21.1-4.1.0.8.jar
[25nov2025 22:14:42.848] [main/DEBUG] [net.neoforged.fml.loading.moddiscovery.ModFileParser/LOADING]: Considering mod file candidate D:\ServerFiles-5.1\mods\TerraBlender-neoforge-1.21.1-4.1.0.8.jar
[25nov2025 22:14:42.849] [main/DEBUG] [net.neoforged.fml.loading.moddiscovery.ModFileInfo/LOADING]: Found valid mod file TerraBlender-neoforge-1.21.1-4.1.0.8.jar with {terrablender} mods - versions {4.1.0.8}
[25nov2025 22:14:42.849] [main/INFO] [net.neoforged.fml.loading.moddiscovery.ModDiscoverer/SCAN]: Found mod file "TerraBlender-neoforge-1.21.1-4.1.0.8.jar" [locator: {mods folder locator at D:\ServerFiles-5.1\mods}, reader: mod manifest]
[25nov2025 22:14:42.851] [main/DEBUG] [net.neoforged.fml.loading.moddiscovery.readers.JarModsDotTomlModFileReader/SCAN]: Found META-INF/neoforge.mods.toml mod of type null: D:\ServerFiles-5.1\mods\tesseract-api-neoforge-1.10.3-1.21.1.jar
[25nov2025 22:14:42.851] [main/DEBUG] [net.neoforged.fml.loading.moddiscovery.ModFileParser/LOADING]: Considering mod file candidate D:\ServerFiles-5.1\mods\tesseract-api-neoforge-1.10.3-1.21.1.jar
[25nov2025 22:14:42.851] [main/DEBUG] [net.neoforged.fml.loading.moddiscovery.ModFileInfo/LOADING]: Found valid mod file tesseract-api-neoforge-1.10.3-1.21.1.jar with {tesseract_api} mods - versions {1.10.3-1.21.1}
[25nov2025 22:14:42.851] [main/INFO] [net.neoforged.fml.loading.moddiscovery.ModDiscoverer/SCAN]: Found mod file "tesseract-api-neoforge-1.10.3-1.21.1.jar" [locator: {mods folder locator at D:\ServerFiles-5.1\mods}, reader: mod manifest]
[25nov2025 22:14:42.856] [main/DEBUG] [net.neoforged.fml.loading.moddiscovery.readers.JarModsDotTomlModFileReader/SCAN]: Found META-INF/neoforge.mods.toml mod of type null: D:\ServerFiles-5.1\mods\the_bumblezone-7.11.4+1.21.1-neoforge.jar
[25nov2025 22:14:42.856] [main/DEBUG] [net.neoforged.fml.loading.moddiscovery.ModFileParser/LOADING]: Considering mod file candidate D:\ServerFiles-5.1\mods\the_bumblezone-7.11.4+1.21.1-neoforge.jar
[25nov2025 22:14:42.856] [main/DEBUG] [net.neoforged.fml.loading.moddiscovery.ModFileInfo/LOADING]: Found valid mod file the_bumblezone-7.11.4+1.21.1-neoforge.jar with {the_bumblezone} mods - versions {7.11.4+1.21.1-neoforge}
[25nov2025 22:14:42.856] [main/INFO] [net.neoforged.fml.loading.moddiscovery.ModDiscoverer/SCAN]: Found mod file "the_bumblezone-7.11.4+1.21.1-neoforge.jar" [locator: {mods folder locator at D:\ServerFiles-5.1\mods}, reader: mod manifest]
[25nov2025 22:14:42.860] [main/DEBUG] [net.neoforged.fml.loading.moddiscovery.readers.JarModsDotTomlModFileReader/SCAN]: Found META-INF/neoforge.mods.toml mod of type null: D:\ServerFiles-5.1\mods\The_Undergarden-1.21.1-0.9.3.jar
[25nov2025 22:14:42.860] [main/DEBUG] [net.neoforged.fml.loading.moddiscovery.ModFileParser/LOADING]: Considering mod file candidate D:\ServerFiles-5.1\mods\The_Undergarden-1.21.1-0.9.3.jar
[25nov2025 22:14:42.860] [main/DEBUG] [net.neoforged.fml.loading.moddiscovery.ModFileInfo/LOADING]: Found valid mod file The_Undergarden-1.21.1-0.9.3.jar with {undergarden} mods - versions {0.9.3}
[25nov2025 22:14:42.861] [main/INFO] [net.neoforged.fml.loading.moddiscovery.ModDiscoverer/SCAN]: Found mod file "The_Undergarden-1.21.1-0.9.3.jar" [locator: {mods folder locator at D:\ServerFiles-5.1\mods}, reader: mod manifest]
[25nov2025 22:14:42.864] [main/DEBUG] [net.neoforged.fml.loading.moddiscovery.readers.JarModsDotTomlModFileReader/SCAN]: Found META-INF/neoforge.mods.toml mod of type null: D:\ServerFiles-5.1\mods\theurgy-1.21.1-neoforge-1.68.0.jar
[25nov2025 22:14:42.864] [main/DEBUG] [net.neoforged.fml.loading.moddiscovery.ModFileParser/LOADING]: Considering mod file candidate D:\ServerFiles-5.1\mods\theurgy-1.21.1-neoforge-1.68.0.jar
[25nov2025 22:14:42.865] [main/DEBUG] [net.neoforged.fml.loading.moddiscovery.ModFileInfo/LOADING]: Found valid mod file theurgy-1.21.1-neoforge-1.68.0.jar with {theurgy} mods - versions {1.68.0}
[25nov2025 22:14:42.865] [main/INFO] [net.neoforged.fml.loading.moddiscovery.ModDiscoverer/SCAN]: Found mod file "theurgy-1.21.1-neoforge-1.68.0.jar" [locator: {mods folder locator at D:\ServerFiles-5.1\mods}, reader: mod manifest]
[25nov2025 22:14:42.867] [main/DEBUG] [net.neoforged.fml.loading.moddiscovery.readers.JarModsDotTomlModFileReader/SCAN]: Found META-INF/neoforge.mods.toml mod of type null: D:\ServerFiles-5.1\mods\theurgy_kubejs-1.21.1-neoforge-1.5.1.jar
[25nov2025 22:14:42.867] [main/DEBUG] [net.neoforged.fml.loading.moddiscovery.ModFileParser/LOADING]: Considering mod file candidate D:\ServerFiles-5.1\mods\theurgy_kubejs-1.21.1-neoforge-1.5.1.jar
[25nov2025 22:14:42.868] [main/DEBUG] [net.neoforged.fml.loading.moddiscovery.ModFileInfo/LOADING]: Found valid mod file theurgy_kubejs-1.21.1-neoforge-1.5.1.jar with {theurgy_kubejs} mods - versions {1.5.1}
[25nov2025 22:14:42.868] [main/INFO] [net.neoforged.fml.loading.moddiscovery.ModDiscoverer/SCAN]: Found mod file "theurgy_kubejs-1.21.1-neoforge-1.5.1.jar" [locator: {mods folder locator at D:\ServerFiles-5.1\mods}, reader: mod manifest]
[25nov2025 22:14:42.869] [main/DEBUG] [net.neoforged.fml.loading.moddiscovery.readers.JarModsDotTomlModFileReader/SCAN]: Found META-INF/neoforge.mods.toml mod of type null: D:\ServerFiles-5.1\mods\tiab-neoforge-6.5.0.jar
[25nov2025 22:14:42.869] [main/DEBUG] [net.neoforged.fml.loading.moddiscovery.ModFileParser/LOADING]: Considering mod file candidate D:\ServerFiles-5.1\mods\tiab-neoforge-6.5.0.jar
[25nov2025 22:14:42.869] [main/DEBUG] [net.neoforged.fml.loading.moddiscovery.ModFileInfo/LOADING]: Found valid mod file tiab-neoforge-6.5.0.jar with {tiab} mods - versions {6.5.0}
[25nov2025 22:14:42.869] [main/INFO] [net.neoforged.fml.loading.moddiscovery.ModDiscoverer/SCAN]: Found mod file "tiab-neoforge-6.5.0.jar" [locator: {mods folder locator at D:\ServerFiles-5.1\mods}, reader: mod manifest]
[25nov2025 22:14:42.872] [main/DEBUG] [net.neoforged.fml.loading.moddiscovery.readers.JarModsDotTomlModFileReader/SCAN]: Found META-INF/neoforge.mods.toml mod of type null: D:\ServerFiles-5.1\mods\titanium-1.21-4.0.40.jar
[25nov2025 22:14:42.872] [main/DEBUG] [net.neoforged.fml.loading.moddiscovery.ModFileParser/LOADING]: Considering mod file candidate D:\ServerFiles-5.1\mods\titanium-1.21-4.0.40.jar
[25nov2025 22:14:42.872] [main/DEBUG] [net.neoforged.fml.loading.moddiscovery.ModFileInfo/LOADING]: Found valid mod file titanium-1.21-4.0.40.jar with {titanium} mods - versions {4.0.40}
[25nov2025 22:14:42.872] [main/INFO] [net.neoforged.fml.loading.moddiscovery.ModDiscoverer/SCAN]: Found mod file "titanium-1.21-4.0.40.jar" [locator: {mods folder locator at D:\ServerFiles-5.1\mods}, reader: mod manifest]
[25nov2025 22:14:42.873] [main/DEBUG] [net.neoforged.fml.loading.moddiscovery.readers.JarModsDotTomlModFileReader/SCAN]: Found META-INF/neoforge.mods.toml mod of type null: D:\ServerFiles-5.1\mods\ToastControl-1.21.1-9.0.1.jar
[25nov2025 22:14:42.873] [main/DEBUG] [net.neoforged.fml.loading.moddiscovery.ModFileParser/LOADING]: Considering mod file candidate D:\ServerFiles-5.1\mods\ToastControl-1.21.1-9.0.1.jar
[25nov2025 22:14:42.874] [main/DEBUG] [net.neoforged.fml.loading.moddiscovery.ModFileInfo/LOADING]: Found valid mod file ToastControl-1.21.1-9.0.1.jar with {toastcontrol} mods - versions {9.0.1}
[25nov2025 22:14:42.874] [main/INFO] [net.neoforged.fml.loading.moddiscovery.ModDiscoverer/SCAN]: Found mod file "ToastControl-1.21.1-9.0.1.jar" [locator: {mods folder locator at D:\ServerFiles-5.1\mods}, reader: mod manifest]
[25nov2025 22:14:42.876] [main/DEBUG] [net.neoforged.fml.loading.moddiscovery.readers.JarModsDotTomlModFileReader/SCAN]: Found META-INF/neoforge.mods.toml mod of type null: D:\ServerFiles-5.1\mods\tombstone-neoforge-1.21.1-9.4.8.jar
[25nov2025 22:14:42.876] [main/DEBUG] [net.neoforged.fml.loading.moddiscovery.ModFileParser/LOADING]: Considering mod file candidate D:\ServerFiles-5.1\mods\tombstone-neoforge-1.21.1-9.4.8.jar
[25nov2025 22:14:42.876] [main/DEBUG] [net.neoforged.fml.loading.moddiscovery.ModFileInfo/LOADING]: Found valid mod file tombstone-neoforge-1.21.1-9.4.8.jar with {tombstone} mods - versions {9.4.8}
[25nov2025 22:14:42.876] [main/INFO] [net.neoforged.fml.loading.moddiscovery.ModDiscoverer/SCAN]: Found mod file "tombstone-neoforge-1.21.1-9.4.8.jar" [locator: {mods folder locator at D:\ServerFiles-5.1\mods}, reader: mod manifest]
[25nov2025 22:14:42.877] [main/DEBUG] [net.neoforged.fml.loading.moddiscovery.readers.JarModsDotTomlModFileReader/SCAN]: Found META-INF/neoforge.mods.toml mod of type null: D:\ServerFiles-5.1\mods\ToolBelt-1.21.1-2.2.7.jar
[25nov2025 22:14:42.877] [main/DEBUG] [net.neoforged.fml.loading.moddiscovery.ModFileParser/LOADING]: Considering mod file candidate D:\ServerFiles-5.1\mods\ToolBelt-1.21.1-2.2.7.jar
[25nov2025 22:14:42.878] [main/DEBUG] [net.neoforged.fml.loading.moddiscovery.ModFileInfo/LOADING]: Found valid mod file ToolBelt-1.21.1-2.2.7.jar with {toolbelt} mods - versions {2.2.7}
[25nov2025 22:14:42.878] [main/INFO] [net.neoforged.fml.loading.moddiscovery.ModDiscoverer/SCAN]: Found mod file "ToolBelt-1.21.1-2.2.7.jar" [locator: {mods folder locator at D:\ServerFiles-5.1\mods}, reader: mod manifest]
[25nov2025 22:14:42.880] [main/DEBUG] [net.neoforged.fml.loading.moddiscovery.readers.JarModsDotTomlModFileReader/SCAN]: Found META-INF/neoforge.mods.toml mod of type null: D:\ServerFiles-5.1\mods\torchmaster-neoforge-1.21.1-21.1.9.jar
[25nov2025 22:14:42.880] [main/DEBUG] [net.neoforged.fml.loading.moddiscovery.ModFileParser/LOADING]: Considering mod file candidate D:\ServerFiles-5.1\mods\torchmaster-neoforge-1.21.1-21.1.9.jar
[25nov2025 22:14:42.880] [main/DEBUG] [net.neoforged.fml.loading.moddiscovery.ModFileInfo/LOADING]: Found valid mod file torchmaster-neoforge-1.21.1-21.1.9.jar with {torchmaster} mods - versions {21.1.9}
[25nov2025 22:14:42.880] [main/INFO] [net.neoforged.fml.loading.moddiscovery.ModDiscoverer/SCAN]: Found mod file "torchmaster-neoforge-1.21.1-21.1.9.jar" [locator: {mods folder locator at D:\ServerFiles-5.1\mods}, reader: mod manifest]
[25nov2025 22:14:42.882] [main/DEBUG] [net.neoforged.fml.loading.moddiscovery.readers.JarModsDotTomlModFileReader/SCAN]: Found META-INF/neoforge.mods.toml mod of type null: D:\ServerFiles-5.1\mods\towntalk-1.2.0.jar
[25nov2025 22:14:42.882] [main/DEBUG] [net.neoforged.fml.loading.moddiscovery.ModFileParser/LOADING]: Considering mod file candidate D:\ServerFiles-5.1\mods\towntalk-1.2.0.jar
[25nov2025 22:14:42.882] [main/DEBUG] [net.neoforged.fml.loading.moddiscovery.ModFileInfo/LOADING]: Found valid mod file towntalk-1.2.0.jar with {towntalk} mods - versions {1.2.0}
[25nov2025 22:14:42.882] [main/INFO] [net.neoforged.fml.loading.moddiscovery.ModDiscoverer/SCAN]: Found mod file "towntalk-1.2.0.jar" [locator: {mods folder locator at D:\ServerFiles-5.1\mods}, reader: mod manifest]
[25nov2025 22:14:42.884] [main/DEBUG] [net.neoforged.fml.loading.moddiscovery.readers.JarModsDotTomlModFileReader/SCAN]: Found META-INF/neoforge.mods.toml mod of type null: D:\ServerFiles-5.1\mods\transfer_labels-0.1.7.jar
[25nov2025 22:14:42.884] [main/DEBUG] [net.neoforged.fml.loading.moddiscovery.ModFileParser/LOADING]: Considering mod file candidate D:\ServerFiles-5.1\mods\transfer_labels-0.1.7.jar
[25nov2025 22:14:42.884] [main/DEBUG] [net.neoforged.fml.loading.moddiscovery.ModFileInfo/LOADING]: Found valid mod file transfer_labels-0.1.7.jar with {transfer_labels} mods - versions {0.1.7}
[25nov2025 22:14:42.884] [main/INFO] [net.neoforged.fml.loading.moddiscovery.ModDiscoverer/SCAN]: Found mod file "transfer_labels-0.1.7.jar" [locator: {mods folder locator at D:\ServerFiles-5.1\mods}, reader: mod manifest]
[25nov2025 22:14:42.886] [main/DEBUG] [net.neoforged.fml.loading.moddiscovery.readers.JarModsDotTomlModFileReader/SCAN]: Found META-INF/neoforge.mods.toml mod of type null: D:\ServerFiles-5.1\mods\trashcans-1.0.18c-neoforge-mc1.21.jar
[25nov2025 22:14:42.886] [main/DEBUG] [net.neoforged.fml.loading.moddiscovery.ModFileParser/LOADING]: Considering mod file candidate D:\ServerFiles-5.1\mods\trashcans-1.0.18c-neoforge-mc1.21.jar
[25nov2025 22:14:42.886] [main/DEBUG] [net.neoforged.fml.loading.moddiscovery.ModFileInfo/LOADING]: Found valid mod file trashcans-1.0.18c-neoforge-mc1.21.jar with {trashcans} mods - versions {1.0.18+c}
[25nov2025 22:14:42.886] [main/INFO] [net.neoforged.fml.loading.moddiscovery.ModDiscoverer/SCAN]: Found mod file "trashcans-1.0.18c-neoforge-mc1.21.jar" [locator: {mods folder locator at D:\ServerFiles-5.1\mods}, reader: mod manifest]
[25nov2025 22:14:42.888] [main/DEBUG] [net.neoforged.fml.loading.moddiscovery.readers.JarModsDotTomlModFileReader/SCAN]: Found META-INF/neoforge.mods.toml mod of type null: D:\ServerFiles-5.1\mods\trashslot-neoforge-1.21.1-21.1.4.jar
[25nov2025 22:14:42.888] [main/DEBUG] [net.neoforged.fml.loading.moddiscovery.ModFileParser/LOADING]: Considering mod file candidate D:\ServerFiles-5.1\mods\trashslot-neoforge-1.21.1-21.1.4.jar
[25nov2025 22:14:42.888] [main/DEBUG] [net.neoforged.fml.loading.moddiscovery.ModFileInfo/LOADING]: Found valid mod file trashslot-neoforge-1.21.1-21.1.4.jar with {trashslot} mods - versions {21.1.4}
[25nov2025 22:14:42.888] [main/INFO] [net.neoforged.fml.loading.moddiscovery.ModDiscoverer/SCAN]: Found mod file "trashslot-neoforge-1.21.1-21.1.4.jar" [locator: {mods folder locator at D:\ServerFiles-5.1\mods}, reader: mod manifest]
[25nov2025 22:14:42.890] [main/DEBUG] [net.neoforged.fml.loading.moddiscovery.readers.JarModsDotTomlModFileReader/SCAN]: Found META-INF/neoforge.mods.toml mod of type null: D:\ServerFiles-5.1\mods\treetap-1.21.1-0.4.5.jar
[25nov2025 22:14:42.890] [main/DEBUG] [net.neoforged.fml.loading.moddiscovery.ModFileParser/LOADING]: Considering mod file candidate D:\ServerFiles-5.1\mods\treetap-1.21.1-0.4.5.jar
[25nov2025 22:14:42.890] [main/DEBUG] [net.neoforged.fml.loading.moddiscovery.ModFileInfo/LOADING]: Found valid mod file treetap-1.21.1-0.4.5.jar with {treetap} mods - versions {1.21.1-0.4.5}
[25nov2025 22:14:42.890] [main/INFO] [net.neoforged.fml.loading.moddiscovery.ModDiscoverer/SCAN]: Found mod file "treetap-1.21.1-0.4.5.jar" [locator: {mods folder locator at D:\ServerFiles-5.1\mods}, reader: mod manifest]
[25nov2025 22:14:42.891] [main/DEBUG] [net.neoforged.fml.loading.moddiscovery.readers.JarModsDotTomlModFileReader/SCAN]: Found META-INF/neoforge.mods.toml mod of type null: D:\ServerFiles-5.1\mods\trophymanager-1.21.1-2.3.0.jar
[25nov2025 22:14:42.891] [main/DEBUG] [net.neoforged.fml.loading.moddiscovery.ModFileParser/LOADING]: Considering mod file candidate D:\ServerFiles-5.1\mods\trophymanager-1.21.1-2.3.0.jar
[25nov2025 22:14:42.891] [main/DEBUG] [net.neoforged.fml.loading.moddiscovery.ModFileInfo/LOADING]: Found valid mod file trophymanager-1.21.1-2.3.0.jar with {trophymanager} mods - versions {1.21.1-2.3.0}
[25nov2025 22:14:42.891] [main/INFO] [net.neoforged.fml.loading.moddiscovery.ModDiscoverer/SCAN]: Found mod file "trophymanager-1.21.1-2.3.0.jar" [locator: {mods folder locator at D:\ServerFiles-5.1\mods}, reader: mod manifest]
[25nov2025 22:14:42.895] [main/DEBUG] [net.neoforged.fml.loading.moddiscovery.readers.JarModsDotTomlModFileReader/SCAN]: Found META-INF/neoforge.mods.toml mod of type null: D:\ServerFiles-5.1\mods\twilightforest-1.21.1-4.7.3196-universal.jar
[25nov2025 22:14:42.895] [main/DEBUG] [net.neoforged.fml.loading.moddiscovery.ModFileParser/LOADING]: Considering mod file candidate D:\ServerFiles-5.1\mods\twilightforest-1.21.1-4.7.3196-universal.jar
[25nov2025 22:14:42.896] [main/DEBUG] [net.neoforged.fml.loading.moddiscovery.ModFileInfo/LOADING]: Found valid mod file twilightforest-1.21.1-4.7.3196-universal.jar with {twilightforest} mods - versions {4.7.3196}
[25nov2025 22:14:42.896] [main/INFO] [net.neoforged.fml.loading.moddiscovery.ModDiscoverer/SCAN]: Found mod file "twilightforest-1.21.1-4.7.3196-universal.jar" [locator: {mods folder locator at D:\ServerFiles-5.1\mods}, reader: mod manifest]
[25nov2025 22:14:42.899] [main/DEBUG] [net.neoforged.fml.loading.moddiscovery.readers.JarModsDotTomlModFileReader/SCAN]: Found META-INF/neoforge.mods.toml mod of type null: D:\ServerFiles-5.1\mods\UndergroundVillages-neoforge-1.21.1-4.0.3.jar
[25nov2025 22:14:42.899] [main/DEBUG] [net.neoforged.fml.loading.moddiscovery.ModFileParser/LOADING]: Considering mod file candidate D:\ServerFiles-5.1\mods\UndergroundVillages-neoforge-1.21.1-4.0.3.jar
[25nov2025 22:14:42.900] [main/DEBUG] [net.neoforged.fml.loading.moddiscovery.ModFileInfo/LOADING]: Found valid mod file UndergroundVillages-neoforge-1.21.1-4.0.3.jar with {underground_villages} mods - versions {4.0.3}
[25nov2025 22:14:42.900] [main/INFO] [net.neoforged.fml.loading.moddiscovery.ModDiscoverer/SCAN]: Found mod file "UndergroundVillages-neoforge-1.21.1-4.0.3.jar" [locator: {mods folder locator at D:\ServerFiles-5.1\mods}, reader: mod manifest]
[25nov2025 22:14:42.901] [main/DEBUG] [net.neoforged.fml.loading.moddiscovery.readers.JarModsDotTomlModFileReader/SCAN]: Found META-INF/neoforge.mods.toml mod of type null: D:\ServerFiles-5.1\mods\universalgrid-neoforge-1.21.1-0.2.3.jar
[25nov2025 22:14:42.901] [main/DEBUG] [net.neoforged.fml.loading.moddiscovery.ModFileParser/LOADING]: Considering mod file candidate D:\ServerFiles-5.1\mods\universalgrid-neoforge-1.21.1-0.2.3.jar
[25nov2025 22:14:42.902] [main/DEBUG] [net.neoforged.fml.loading.moddiscovery.ModFileInfo/LOADING]: Found valid mod file universalgrid-neoforge-1.21.1-0.2.3.jar with {universalgrid} mods - versions {1.21.1-0.2.3}
[25nov2025 22:14:42.902] [main/INFO] [net.neoforged.fml.loading.moddiscovery.ModDiscoverer/SCAN]: Found mod file "universalgrid-neoforge-1.21.1-0.2.3.jar" [locator: {mods folder locator at D:\ServerFiles-5.1\mods}, reader: mod manifest]
[25nov2025 22:14:42.903] [main/DEBUG] [net.neoforged.fml.loading.moddiscovery.readers.JarModsDotTomlModFileReader/SCAN]: Found META-INF/neoforge.mods.toml mod of type null: D:\ServerFiles-5.1\mods\uranus-2.3.1-1.21.1-neoforge.jar
[25nov2025 22:14:42.903] [main/DEBUG] [net.neoforged.fml.loading.moddiscovery.ModFileParser/LOADING]: Considering mod file candidate D:\ServerFiles-5.1\mods\uranus-2.3.1-1.21.1-neoforge.jar
[25nov2025 22:14:42.904] [main/DEBUG] [net.neoforged.fml.loading.moddiscovery.ModFileInfo/LOADING]: Found valid mod file uranus-2.3.1-1.21.1-neoforge.jar with {uranus} mods - versions {2.3.1}
[25nov2025 22:14:42.904] [main/INFO] [net.neoforged.fml.loading.moddiscovery.ModDiscoverer/SCAN]: Found mod file "uranus-2.3.1-1.21.1-neoforge.jar" [locator: {mods folder locator at D:\ServerFiles-5.1\mods}, reader: mod manifest]
[25nov2025 22:14:42.905] [main/DEBUG] [net.neoforged.fml.loading.moddiscovery.readers.JarModsDotTomlModFileReader/SCAN]: Found META-INF/neoforge.mods.toml mod of type null: D:\ServerFiles-5.1\mods\utilitarian-1.21.1-0.16.1.jar
[25nov2025 22:14:42.905] [main/DEBUG] [net.neoforged.fml.loading.moddiscovery.ModFileParser/LOADING]: Considering mod file candidate D:\ServerFiles-5.1\mods\utilitarian-1.21.1-0.16.1.jar
[25nov2025 22:14:42.906] [main/DEBUG] [net.neoforged.fml.loading.moddiscovery.ModFileInfo/LOADING]: Found valid mod file utilitarian-1.21.1-0.16.1.jar with {utilitarian} mods - versions {1.21.1-0.16.1}
[25nov2025 22:14:42.906] [main/INFO] [net.neoforged.fml.loading.moddiscovery.ModDiscoverer/SCAN]: Found mod file "utilitarian-1.21.1-0.16.1.jar" [locator: {mods folder locator at D:\ServerFiles-5.1\mods}, reader: mod manifest]
[25nov2025 22:14:42.907] [main/DEBUG] [net.neoforged.fml.loading.moddiscovery.readers.JarModsDotTomlModFileReader/SCAN]: Found META-INF/neoforge.mods.toml mod of type null: D:\ServerFiles-5.1\mods\utilityvest-1.1.0.jar
[25nov2025 22:14:42.907] [main/DEBUG] [net.neoforged.fml.loading.moddiscovery.ModFileParser/LOADING]: Considering mod file candidate D:\ServerFiles-5.1\mods\utilityvest-1.1.0.jar
[25nov2025 22:14:42.907] [main/DEBUG] [net.neoforged.fml.loading.moddiscovery.ModFileInfo/LOADING]: Found valid mod file utilityvest-1.1.0.jar with {utilityvest} mods - versions {1.1.0}
[25nov2025 22:14:42.907] [main/INFO] [net.neoforged.fml.loading.moddiscovery.ModDiscoverer/SCAN]: Found mod file "utilityvest-1.1.0.jar" [locator: {mods folder locator at D:\ServerFiles-5.1\mods}, reader: mod manifest]
[25nov2025 22:14:42.909] [main/DEBUG] [net.neoforged.fml.loading.moddiscovery.readers.JarModsDotTomlModFileReader/SCAN]: Found META-INF/neoforge.mods.toml mod of type null: D:\ServerFiles-5.1\mods\valhelsia_core-neoforge-1.21.1-1.1.5.jar
[25nov2025 22:14:42.909] [main/DEBUG] [net.neoforged.fml.loading.moddiscovery.ModFileParser/LOADING]: Considering mod file candidate D:\ServerFiles-5.1\mods\valhelsia_core-neoforge-1.21.1-1.1.5.jar
[25nov2025 22:14:42.909] [main/DEBUG] [net.neoforged.fml.loading.moddiscovery.ModFileInfo/LOADING]: Found valid mod file valhelsia_core-neoforge-1.21.1-1.1.5.jar with {valhelsia_core} mods - versions {1.1.5}
[25nov2025 22:14:42.909] [main/INFO] [net.neoforged.fml.loading.moddiscovery.ModDiscoverer/SCAN]: Found mod file "valhelsia_core-neoforge-1.21.1-1.1.5.jar" [locator: {mods folder locator at D:\ServerFiles-5.1\mods}, reader: mod manifest]
[25nov2025 22:14:42.910] [main/DEBUG] [net.neoforged.fml.loading.moddiscovery.readers.JarModsDotTomlModFileReader/SCAN]: Found META-INF/neoforge.mods.toml mod of type null: D:\ServerFiles-5.1\mods\variantsandventures-neoforge-1.0.19+mc1.21.1.jar
[25nov2025 22:14:42.910] [main/DEBUG] [net.neoforged.fml.loading.moddiscovery.ModFileParser/LOADING]: Considering mod file candidate D:\ServerFiles-5.1\mods\variantsandventures-neoforge-1.0.19+mc1.21.1.jar
[25nov2025 22:14:42.911] [main/DEBUG] [net.neoforged.fml.loading.moddiscovery.ModFileInfo/LOADING]: Found valid mod file variantsandventures-neoforge-1.0.19+mc1.21.1.jar with {variantsandventures} mods - versions {1.0.19}
[25nov2025 22:14:42.911] [main/INFO] [net.neoforged.fml.loading.moddiscovery.ModDiscoverer/SCAN]: Found mod file "variantsandventures-neoforge-1.0.19+mc1.21.1.jar" [locator: {mods folder locator at D:\ServerFiles-5.1\mods}, reader: mod manifest]
[25nov2025 22:14:42.913] [main/DEBUG] [net.neoforged.fml.loading.moddiscovery.readers.JarModsDotTomlModFileReader/SCAN]: Found META-INF/neoforge.mods.toml mod of type null: D:\ServerFiles-5.1\mods\villagesandpillages-neoforge-mc1.21.1-1.0.3.jar
[25nov2025 22:14:42.913] [main/DEBUG] [net.neoforged.fml.loading.moddiscovery.ModFileParser/LOADING]: Considering mod file candidate D:\ServerFiles-5.1\mods\villagesandpillages-neoforge-mc1.21.1-1.0.3.jar
[25nov2025 22:14:42.913] [main/DEBUG] [net.neoforged.fml.loading.moddiscovery.ModFileInfo/LOADING]: Found valid mod file villagesandpillages-neoforge-mc1.21.1-1.0.3.jar with {villagesandpillages} mods - versions {1.0.3}
[25nov2025 22:14:42.913] [main/INFO] [net.neoforged.fml.loading.moddiscovery.ModDiscoverer/SCAN]: Found mod file "villagesandpillages-neoforge-mc1.21.1-1.0.3.jar" [locator: {mods folder locator at D:\ServerFiles-5.1\mods}, reader: mod manifest]
[25nov2025 22:14:42.915] [main/DEBUG] [net.neoforged.fml.loading.moddiscovery.readers.JarModsDotTomlModFileReader/SCAN]: Found META-INF/neoforge.mods.toml mod of type null: D:\ServerFiles-5.1\mods\waystones-neoforge-1.21.1-21.1.23.jar
[25nov2025 22:14:42.915] [main/DEBUG] [net.neoforged.fml.loading.moddiscovery.ModFileParser/LOADING]: Considering mod file candidate D:\ServerFiles-5.1\mods\waystones-neoforge-1.21.1-21.1.23.jar
[25nov2025 22:14:42.915] [main/DEBUG] [net.neoforged.fml.loading.moddiscovery.ModFileInfo/LOADING]: Found valid mod file waystones-neoforge-1.21.1-21.1.23.jar with {waystones} mods - versions {21.1.23}
[25nov2025 22:14:42.915] [main/INFO] [net.neoforged.fml.loading.moddiscovery.ModDiscoverer/SCAN]: Found mod file "waystones-neoforge-1.21.1-21.1.23.jar" [locator: {mods folder locator at D:\ServerFiles-5.1\mods}, reader: mod manifest]
[25nov2025 22:14:42.917] [main/DEBUG] [net.neoforged.fml.loading.moddiscovery.readers.JarModsDotTomlModFileReader/SCAN]: Found META-INF/neoforge.mods.toml mod of type null: D:\ServerFiles-5.1\mods\wirelesschargers-1.0.9a-neoforge-mc1.21.jar
[25nov2025 22:14:42.917] [main/DEBUG] [net.neoforged.fml.loading.moddiscovery.ModFileParser/LOADING]: Considering mod file candidate D:\ServerFiles-5.1\mods\wirelesschargers-1.0.9a-neoforge-mc1.21.jar
[25nov2025 22:14:42.917] [main/DEBUG] [net.neoforged.fml.loading.moddiscovery.ModFileInfo/LOADING]: Found valid mod file wirelesschargers-1.0.9a-neoforge-mc1.21.jar with {wirelesschargers} mods - versions {1.0.9+a}
[25nov2025 22:14:42.917] [main/INFO] [net.neoforged.fml.loading.moddiscovery.ModDiscoverer/SCAN]: Found mod file "wirelesschargers-1.0.9a-neoforge-mc1.21.jar" [locator: {mods folder locator at D:\ServerFiles-5.1\mods}, reader: mod manifest]
[25nov2025 22:14:42.920] [main/DEBUG] [net.neoforged.fml.loading.moddiscovery.readers.JarModsDotTomlModFileReader/SCAN]: Found META-INF/neoforge.mods.toml mod of type null: D:\ServerFiles-5.1\mods\WitherSkeletonTweaks-1.21.1-10.1.1.jar
[25nov2025 22:14:42.920] [main/DEBUG] [net.neoforged.fml.loading.moddiscovery.ModFileParser/LOADING]: Considering mod file candidate D:\ServerFiles-5.1\mods\WitherSkeletonTweaks-1.21.1-10.1.1.jar
[25nov2025 22:14:42.920] [main/DEBUG] [net.neoforged.fml.loading.moddiscovery.ModFileInfo/LOADING]: Found valid mod file WitherSkeletonTweaks-1.21.1-10.1.1.jar with {wstweaks} mods - versions {10.1.1}
[25nov2025 22:14:42.920] [main/INFO] [net.neoforged.fml.loading.moddiscovery.ModDiscoverer/SCAN]: Found mod file "WitherSkeletonTweaks-1.21.1-10.1.1.jar" [locator: {mods folder locator at D:\ServerFiles-5.1\mods}, reader: mod manifest]
[25nov2025 22:14:42.922] [main/DEBUG] [net.neoforged.fml.loading.moddiscovery.readers.JarModsDotTomlModFileReader/SCAN]: Found META-INF/neoforge.mods.toml mod of type null: D:\ServerFiles-5.1\mods\wits-1.3.0+1.21-neoforge.jar
[25nov2025 22:14:42.922] [main/DEBUG] [net.neoforged.fml.loading.moddiscovery.ModFileParser/LOADING]: Considering mod file candidate D:\ServerFiles-5.1\mods\wits-1.3.0+1.21-neoforge.jar
[25nov2025 22:14:42.922] [main/DEBUG] [net.neoforged.fml.loading.moddiscovery.ModFileInfo/LOADING]: Found valid mod file wits-1.3.0+1.21-neoforge.jar with {wits} mods - versions {1.3.0+1.21-neoforge}
[25nov2025 22:14:42.922] [main/INFO] [net.neoforged.fml.loading.moddiscovery.ModDiscoverer/SCAN]: Found mod file "wits-1.3.0+1.21-neoforge.jar" [locator: {mods folder locator at D:\ServerFiles-5.1\mods}, reader: mod manifest]
[25nov2025 22:14:42.924] [main/DEBUG] [net.neoforged.fml.loading.moddiscovery.readers.JarModsDotTomlModFileReader/SCAN]: Found META-INF/neoforge.mods.toml mod of type null: D:\ServerFiles-5.1\mods\xnet-1.21-7.0.6.jar
[25nov2025 22:14:42.924] [main/DEBUG] [net.neoforged.fml.loading.moddiscovery.ModFileParser/LOADING]: Considering mod file candidate D:\ServerFiles-5.1\mods\xnet-1.21-7.0.6.jar
[25nov2025 22:14:42.925] [main/DEBUG] [net.neoforged.fml.loading.moddiscovery.ModFileInfo/LOADING]: Found valid mod file xnet-1.21-7.0.6.jar with {xnet} mods - versions {1.21-7.0.6}
[25nov2025 22:14:42.925] [main/INFO] [net.neoforged.fml.loading.moddiscovery.ModDiscoverer/SCAN]: Found mod file "xnet-1.21-7.0.6.jar" [locator: {mods folder locator at D:\ServerFiles-5.1\mods}, reader: mod manifest]
[25nov2025 22:14:42.926] [main/DEBUG] [net.neoforged.fml.loading.moddiscovery.readers.JarModsDotTomlModFileReader/SCAN]: Found META-INF/neoforge.mods.toml mod of type null: D:\ServerFiles-5.1\mods\xtonesreworked-1.1.1-1.21.1.jar
[25nov2025 22:14:42.926] [main/DEBUG] [net.neoforged.fml.loading.moddiscovery.ModFileParser/LOADING]: Considering mod file candidate D:\ServerFiles-5.1\mods\xtonesreworked-1.1.1-1.21.1.jar
[25nov2025 22:14:42.927] [main/DEBUG] [net.neoforged.fml.loading.moddiscovery.ModFileInfo/LOADING]: Found valid mod file xtonesreworked-1.1.1-1.21.1.jar with {xtonesreworked} mods - versions {1.1.1-1.21.1}
[25nov2025 22:14:42.927] [main/INFO] [net.neoforged.fml.loading.moddiscovery.ModDiscoverer/SCAN]: Found mod file "xtonesreworked-1.1.1-1.21.1.jar" [locator: {mods folder locator at D:\ServerFiles-5.1\mods}, reader: mod manifest]
[25nov2025 22:14:42.928] [main/DEBUG] [net.neoforged.fml.loading.moddiscovery.readers.JarModsDotTomlModFileReader/SCAN]: Found META-INF/neoforge.mods.toml mod of type null: D:\ServerFiles-5.1\mods\xycraft_core-0.7.53-all.jar
[25nov2025 22:14:42.929] [main/DEBUG] [net.neoforged.fml.loading.moddiscovery.ModFileParser/LOADING]: Considering mod file candidate D:\ServerFiles-5.1\mods\xycraft_core-0.7.53-all.jar
[25nov2025 22:14:42.929] [main/DEBUG] [net.neoforged.fml.loading.moddiscovery.ModFileInfo/LOADING]: Found valid mod file xycraft_core-0.7.53-all.jar with {xycraft_core} mods - versions {0.7.53}
[25nov2025 22:14:42.929] [main/INFO] [net.neoforged.fml.loading.moddiscovery.ModDiscoverer/SCAN]: Found mod file "xycraft_core-0.7.53-all.jar" [locator: {mods folder locator at D:\ServerFiles-5.1\mods}, reader: mod manifest]
[25nov2025 22:14:42.931] [main/DEBUG] [net.neoforged.fml.loading.moddiscovery.readers.JarModsDotTomlModFileReader/SCAN]: Found META-INF/neoforge.mods.toml mod of type null: D:\ServerFiles-5.1\mods\xycraft_machines-0.7.53.jar
[25nov2025 22:14:42.931] [main/DEBUG] [net.neoforged.fml.loading.moddiscovery.ModFileParser/LOADING]: Considering mod file candidate D:\ServerFiles-5.1\mods\xycraft_machines-0.7.53.jar
[25nov2025 22:14:42.931] [main/DEBUG] [net.neoforged.fml.loading.moddiscovery.ModFileInfo/LOADING]: Found valid mod file xycraft_machines-0.7.53.jar with {xycraft_machines} mods - versions {0.7.53}
[25nov2025 22:14:42.931] [main/INFO] [net.neoforged.fml.loading.moddiscovery.ModDiscoverer/SCAN]: Found mod file "xycraft_machines-0.7.53.jar" [locator: {mods folder locator at D:\ServerFiles-5.1\mods}, reader: mod manifest]
[25nov2025 22:14:42.933] [main/DEBUG] [net.neoforged.fml.loading.moddiscovery.readers.JarModsDotTomlModFileReader/SCAN]: Found META-INF/neoforge.mods.toml mod of type null: D:\ServerFiles-5.1\mods\xycraft_override-0.7.53.jar
[25nov2025 22:14:42.933] [main/DEBUG] [net.neoforged.fml.loading.moddiscovery.ModFileParser/LOADING]: Considering mod file candidate D:\ServerFiles-5.1\mods\xycraft_override-0.7.53.jar
[25nov2025 22:14:42.933] [main/DEBUG] [net.neoforged.fml.loading.moddiscovery.ModFileInfo/LOADING]: Found valid mod file xycraft_override-0.7.53.jar with {xycraft_override} mods - versions {0.7.53}
[25nov2025 22:14:42.933] [main/INFO] [net.neoforged.fml.loading.moddiscovery.ModDiscoverer/SCAN]: Found mod file "xycraft_override-0.7.53.jar" [locator: {mods folder locator at D:\ServerFiles-5.1\mods}, reader: mod manifest]
[25nov2025 22:14:42.935] [main/DEBUG] [net.neoforged.fml.loading.moddiscovery.readers.JarModsDotTomlModFileReader/SCAN]: Found META-INF/neoforge.mods.toml mod of type null: D:\ServerFiles-5.1\mods\xycraft_world-0.7.53.jar
[25nov2025 22:14:42.935] [main/DEBUG] [net.neoforged.fml.loading.moddiscovery.ModFileParser/LOADING]: Considering mod file candidate D:\ServerFiles-5.1\mods\xycraft_world-0.7.53.jar
[25nov2025 22:14:42.936] [main/DEBUG] [net.neoforged.fml.loading.moddiscovery.ModFileInfo/LOADING]: Found valid mod file xycraft_world-0.7.53.jar with {xycraft_world} mods - versions {0.7.53}
[25nov2025 22:14:42.936] [main/INFO] [net.neoforged.fml.loading.moddiscovery.ModDiscoverer/SCAN]: Found mod file "xycraft_world-0.7.53.jar" [locator: {mods folder locator at D:\ServerFiles-5.1\mods}, reader: mod manifest]
[25nov2025 22:14:42.937] [main/DEBUG] [net.neoforged.fml.loading.moddiscovery.readers.JarModsDotTomlModFileReader/SCAN]: Found META-INF/neoforge.mods.toml mod of type null: D:\ServerFiles-5.1\mods\yeetusexperimentus-neoforge-87.0.0.jar
[25nov2025 22:14:42.937] [main/DEBUG] [net.neoforged.fml.loading.moddiscovery.ModFileParser/LOADING]: Considering mod file candidate D:\ServerFiles-5.1\mods\yeetusexperimentus-neoforge-87.0.0.jar
[25nov2025 22:14:42.937] [main/DEBUG] [net.neoforged.fml.loading.moddiscovery.ModFileInfo/LOADING]: Found valid mod file yeetusexperimentus-neoforge-87.0.0.jar with {yeetusexperimentus} mods - versions {87.0.0}
[25nov2025 22:14:42.937] [main/INFO] [net.neoforged.fml.loading.moddiscovery.ModDiscoverer/SCAN]: Found mod file "yeetusexperimentus-neoforge-87.0.0.jar" [locator: {mods folder locator at D:\ServerFiles-5.1\mods}, reader: mod manifest]
[25nov2025 22:14:42.939] [main/DEBUG] [net.neoforged.fml.loading.moddiscovery.readers.JarModsDotTomlModFileReader/SCAN]: Found META-INF/neoforge.mods.toml mod of type null: D:\ServerFiles-5.1\mods\yet_another_config_lib_v3-3.8.0+1.21.1-neoforge.jar
[25nov2025 22:14:42.939] [main/DEBUG] [net.neoforged.fml.loading.moddiscovery.ModFileParser/LOADING]: Considering mod file candidate D:\ServerFiles-5.1\mods\yet_another_config_lib_v3-3.8.0+1.21.1-neoforge.jar
[25nov2025 22:14:42.939] [main/DEBUG] [net.neoforged.fml.loading.moddiscovery.ModFileInfo/LOADING]: Found valid mod file yet_another_config_lib_v3-3.8.0+1.21.1-neoforge.jar with {yet_another_config_lib_v3} mods - versions {3.8.0+1.21.1-neoforge}
[25nov2025 22:14:42.939] [main/INFO] [net.neoforged.fml.loading.moddiscovery.ModDiscoverer/SCAN]: Found mod file "yet_another_config_lib_v3-3.8.0+1.21.1-neoforge.jar" [locator: {mods folder locator at D:\ServerFiles-5.1\mods}, reader: mod manifest]
[25nov2025 22:14:42.940] [main/DEBUG] [net.neoforged.fml.loading.moddiscovery.readers.JarModsDotTomlModFileReader/SCAN]: Found META-INF/neoforge.mods.toml mod of type null: D:\ServerFiles-5.1\mods\YungsApi-1.21.1-NeoForge-5.1.6.jar
[25nov2025 22:14:42.940] [main/DEBUG] [net.neoforged.fml.loading.moddiscovery.ModFileParser/LOADING]: Considering mod file candidate D:\ServerFiles-5.1\mods\YungsApi-1.21.1-NeoForge-5.1.6.jar
[25nov2025 22:14:42.940] [main/DEBUG] [net.neoforged.fml.loading.moddiscovery.ModFileInfo/LOADING]: Found valid mod file YungsApi-1.21.1-NeoForge-5.1.6.jar with {yungsapi} mods - versions {1.21.1-NeoForge-5.1.6}
[25nov2025 22:14:42.940] [main/INFO] [net.neoforged.fml.loading.moddiscovery.ModDiscoverer/SCAN]: Found mod file "YungsApi-1.21.1-NeoForge-5.1.6.jar" [locator: {mods folder locator at D:\ServerFiles-5.1\mods}, reader: mod manifest]
[25nov2025 22:14:42.943] [main/DEBUG] [net.neoforged.fml.loading.moddiscovery.readers.JarModsDotTomlModFileReader/SCAN]: Found META-INF/neoforge.mods.toml mod of type null: D:\ServerFiles-5.1\mods\YungsBetterDesertTemples-1.21.1-NeoForge-4.1.5.jar
[25nov2025 22:14:42.943] [main/DEBUG] [net.neoforged.fml.loading.moddiscovery.ModFileParser/LOADING]: Considering mod file candidate D:\ServerFiles-5.1\mods\YungsBetterDesertTemples-1.21.1-NeoForge-4.1.5.jar
[25nov2025 22:14:42.943] [main/DEBUG] [net.neoforged.fml.loading.moddiscovery.ModFileInfo/LOADING]: Found valid mod file YungsBetterDesertTemples-1.21.1-NeoForge-4.1.5.jar with {betterdeserttemples} mods - versions {1.21.1-NeoForge-4.1.5}
[25nov2025 22:14:42.943] [main/INFO] [net.neoforged.fml.loading.moddiscovery.ModDiscoverer/SCAN]: Found mod file "YungsBetterDesertTemples-1.21.1-NeoForge-4.1.5.jar" [locator: {mods folder locator at D:\ServerFiles-5.1\mods}, reader: mod manifest]
[25nov2025 22:14:42.944] [main/DEBUG] [net.neoforged.fml.loading.moddiscovery.readers.JarModsDotTomlModFileReader/SCAN]: Found META-INF/neoforge.mods.toml mod of type null: D:\ServerFiles-5.1\mods\YungsBetterDungeons-1.21.1-NeoForge-5.1.4.jar
[25nov2025 22:14:42.944] [main/DEBUG] [net.neoforged.fml.loading.moddiscovery.ModFileParser/LOADING]: Considering mod file candidate D:\ServerFiles-5.1\mods\YungsBetterDungeons-1.21.1-NeoForge-5.1.4.jar
[25nov2025 22:14:42.945] [main/DEBUG] [net.neoforged.fml.loading.moddiscovery.ModFileInfo/LOADING]: Found valid mod file YungsBetterDungeons-1.21.1-NeoForge-5.1.4.jar with {betterdungeons} mods - versions {1.21.1-NeoForge-5.1.4}
[25nov2025 22:14:42.945] [main/INFO] [net.neoforged.fml.loading.moddiscovery.ModDiscoverer/SCAN]: Found mod file "YungsBetterDungeons-1.21.1-NeoForge-5.1.4.jar" [locator: {mods folder locator at D:\ServerFiles-5.1\mods}, reader: mod manifest]
[25nov2025 22:14:42.946] [main/DEBUG] [net.neoforged.fml.loading.moddiscovery.readers.JarModsDotTomlModFileReader/SCAN]: Found META-INF/neoforge.mods.toml mod of type null: D:\ServerFiles-5.1\mods\YungsBetterEndIsland-1.21.1-NeoForge-3.1.2.jar
[25nov2025 22:14:42.946] [main/DEBUG] [net.neoforged.fml.loading.moddiscovery.ModFileParser/LOADING]: Considering mod file candidate D:\ServerFiles-5.1\mods\YungsBetterEndIsland-1.21.1-NeoForge-3.1.2.jar
[25nov2025 22:14:42.946] [main/DEBUG] [net.neoforged.fml.loading.moddiscovery.ModFileInfo/LOADING]: Found valid mod file YungsBetterEndIsland-1.21.1-NeoForge-3.1.2.jar with {betterendisland} mods - versions {1.21.1-NeoForge-3.1.2}
[25nov2025 22:14:42.946] [main/INFO] [net.neoforged.fml.loading.moddiscovery.ModDiscoverer/SCAN]: Found mod file "YungsBetterEndIsland-1.21.1-NeoForge-3.1.2.jar" [locator: {mods folder locator at D:\ServerFiles-5.1\mods}, reader: mod manifest]
[25nov2025 22:14:42.948] [main/DEBUG] [net.neoforged.fml.loading.moddiscovery.readers.JarModsDotTomlModFileReader/SCAN]: Found META-INF/neoforge.mods.toml mod of type null: D:\ServerFiles-5.1\mods\YungsBetterJungleTemples-1.21.1-NeoForge-3.1.2.jar
[25nov2025 22:14:42.948] [main/DEBUG] [net.neoforged.fml.loading.moddiscovery.ModFileParser/LOADING]: Considering mod file candidate D:\ServerFiles-5.1\mods\YungsBetterJungleTemples-1.21.1-NeoForge-3.1.2.jar
[25nov2025 22:14:42.948] [main/DEBUG] [net.neoforged.fml.loading.moddiscovery.ModFileInfo/LOADING]: Found valid mod file YungsBetterJungleTemples-1.21.1-NeoForge-3.1.2.jar with {betterjungletemples} mods - versions {1.21.1-NeoForge-3.1.2}
[25nov2025 22:14:42.948] [main/INFO] [net.neoforged.fml.loading.moddiscovery.ModDiscoverer/SCAN]: Found mod file "YungsBetterJungleTemples-1.21.1-NeoForge-3.1.2.jar" [locator: {mods folder locator at D:\ServerFiles-5.1\mods}, reader: mod manifest]
[25nov2025 22:14:42.949] [main/DEBUG] [net.neoforged.fml.loading.moddiscovery.readers.JarModsDotTomlModFileReader/SCAN]: Found META-INF/neoforge.mods.toml mod of type null: D:\ServerFiles-5.1\mods\YungsBetterMineshafts-1.21.1-NeoForge-5.1.1.jar
[25nov2025 22:14:42.949] [main/DEBUG] [net.neoforged.fml.loading.moddiscovery.ModFileParser/LOADING]: Considering mod file candidate D:\ServerFiles-5.1\mods\YungsBetterMineshafts-1.21.1-NeoForge-5.1.1.jar
[25nov2025 22:14:42.950] [main/DEBUG] [net.neoforged.fml.loading.moddiscovery.ModFileInfo/LOADING]: Found valid mod file YungsBetterMineshafts-1.21.1-NeoForge-5.1.1.jar with {bettermineshafts} mods - versions {1.21.1-NeoForge-5.1.1}
[25nov2025 22:14:42.950] [main/INFO] [net.neoforged.fml.loading.moddiscovery.ModDiscoverer/SCAN]: Found mod file "YungsBetterMineshafts-1.21.1-NeoForge-5.1.1.jar" [locator: {mods folder locator at D:\ServerFiles-5.1\mods}, reader: mod manifest]
[25nov2025 22:14:42.951] [main/DEBUG] [net.neoforged.fml.loading.moddiscovery.readers.JarModsDotTomlModFileReader/SCAN]: Found META-INF/neoforge.mods.toml mod of type null: D:\ServerFiles-5.1\mods\YungsBetterNetherFortresses-1.21.1-NeoForge-3.1.5.jar
[25nov2025 22:14:42.951] [main/DEBUG] [net.neoforged.fml.loading.moddiscovery.ModFileParser/LOADING]: Considering mod file candidate D:\ServerFiles-5.1\mods\YungsBetterNetherFortresses-1.21.1-NeoForge-3.1.5.jar
[25nov2025 22:14:42.952] [main/DEBUG] [net.neoforged.fml.loading.moddiscovery.ModFileInfo/LOADING]: Found valid mod file YungsBetterNetherFortresses-1.21.1-NeoForge-3.1.5.jar with {betterfortresses} mods - versions {1.21.1-NeoForge-3.1.5}
[25nov2025 22:14:42.952] [main/INFO] [net.neoforged.fml.loading.moddiscovery.ModDiscoverer/SCAN]: Found mod file "YungsBetterNetherFortresses-1.21.1-NeoForge-3.1.5.jar" [locator: {mods folder locator at D:\ServerFiles-5.1\mods}, reader: mod manifest]
[25nov2025 22:14:42.953] [main/DEBUG] [net.neoforged.fml.loading.moddiscovery.readers.JarModsDotTomlModFileReader/SCAN]: Found META-INF/neoforge.mods.toml mod of type null: D:\ServerFiles-5.1\mods\YungsBetterOceanMonuments-1.21.1-NeoForge-4.1.2.jar
[25nov2025 22:14:42.953] [main/DEBUG] [net.neoforged.fml.loading.moddiscovery.ModFileParser/LOADING]: Considering mod file candidate D:\ServerFiles-5.1\mods\YungsBetterOceanMonuments-1.21.1-NeoForge-4.1.2.jar
[25nov2025 22:14:42.953] [main/DEBUG] [net.neoforged.fml.loading.moddiscovery.ModFileInfo/LOADING]: Found valid mod file YungsBetterOceanMonuments-1.21.1-NeoForge-4.1.2.jar with {betteroceanmonuments} mods - versions {1.21.1-NeoForge-4.1.2}
[25nov2025 22:14:42.954] [main/INFO] [net.neoforged.fml.loading.moddiscovery.ModDiscoverer/SCAN]: Found mod file "YungsBetterOceanMonuments-1.21.1-NeoForge-4.1.2.jar" [locator: {mods folder locator at D:\ServerFiles-5.1\mods}, reader: mod manifest]
[25nov2025 22:14:42.955] [main/DEBUG] [net.neoforged.fml.loading.moddiscovery.readers.JarModsDotTomlModFileReader/SCAN]: Found META-INF/neoforge.mods.toml mod of type null: D:\ServerFiles-5.1\mods\YungsBetterStrongholds-1.21.1-NeoForge-5.1.3.jar
[25nov2025 22:14:42.955] [main/DEBUG] [net.neoforged.fml.loading.moddiscovery.ModFileParser/LOADING]: Considering mod file candidate D:\ServerFiles-5.1\mods\YungsBetterStrongholds-1.21.1-NeoForge-5.1.3.jar
[25nov2025 22:14:42.955] [main/DEBUG] [net.neoforged.fml.loading.moddiscovery.ModFileInfo/LOADING]: Found valid mod file YungsBetterStrongholds-1.21.1-NeoForge-5.1.3.jar with {betterstrongholds} mods - versions {1.21.1-NeoForge-5.1.3}
[25nov2025 22:14:42.955] [main/INFO] [net.neoforged.fml.loading.moddiscovery.ModDiscoverer/SCAN]: Found mod file "YungsBetterStrongholds-1.21.1-NeoForge-5.1.3.jar" [locator: {mods folder locator at D:\ServerFiles-5.1\mods}, reader: mod manifest]
[25nov2025 22:14:42.957] [main/DEBUG] [net.neoforged.fml.loading.moddiscovery.readers.JarModsDotTomlModFileReader/SCAN]: Found META-INF/neoforge.mods.toml mod of type null: D:\ServerFiles-5.1\mods\YungsBetterWitchHuts-1.21.1-NeoForge-4.1.1.jar
[25nov2025 22:14:42.957] [main/DEBUG] [net.neoforged.fml.loading.moddiscovery.ModFileParser/LOADING]: Considering mod file candidate D:\ServerFiles-5.1\mods\YungsBetterWitchHuts-1.21.1-NeoForge-4.1.1.jar
[25nov2025 22:14:42.957] [main/DEBUG] [net.neoforged.fml.loading.moddiscovery.ModFileInfo/LOADING]: Found valid mod file YungsBetterWitchHuts-1.21.1-NeoForge-4.1.1.jar with {betterwitchhuts} mods - versions {1.21.1-NeoForge-4.1.1}
[25nov2025 22:14:42.957] [main/INFO] [net.neoforged.fml.loading.moddiscovery.ModDiscoverer/SCAN]: Found mod file "YungsBetterWitchHuts-1.21.1-NeoForge-4.1.1.jar" [locator: {mods folder locator at D:\ServerFiles-5.1\mods}, reader: mod manifest]
[25nov2025 22:14:42.958] [main/DEBUG] [net.neoforged.fml.loading.moddiscovery.readers.JarModsDotTomlModFileReader/SCAN]: Found META-INF/neoforge.mods.toml mod of type null: D:\ServerFiles-5.1\mods\YungsExtras-1.21.1-NeoForge-5.1.1.jar
[25nov2025 22:14:42.958] [main/DEBUG] [net.neoforged.fml.loading.moddiscovery.ModFileParser/LOADING]: Considering mod file candidate D:\ServerFiles-5.1\mods\YungsExtras-1.21.1-NeoForge-5.1.1.jar
[25nov2025 22:14:42.959] [main/DEBUG] [net.neoforged.fml.loading.moddiscovery.ModFileInfo/LOADING]: Found valid mod file YungsExtras-1.21.1-NeoForge-5.1.1.jar with {yungsextras} mods - versions {1.21.1-NeoForge-5.1.1}
[25nov2025 22:14:42.959] [main/INFO] [net.neoforged.fml.loading.moddiscovery.ModDiscoverer/SCAN]: Found mod file "YungsExtras-1.21.1-NeoForge-5.1.1.jar" [locator: {mods folder locator at D:\ServerFiles-5.1\mods}, reader: mod manifest]
[25nov2025 22:14:42.960] [main/DEBUG] [net.neoforged.fml.loading.moddiscovery.readers.JarModsDotTomlModFileReader/SCAN]: Found META-INF/neoforge.mods.toml mod of type null: D:\ServerFiles-5.1\mods\ZeroCore2-1.21.1-2.4.20.jar
[25nov2025 22:14:42.960] [main/DEBUG] [net.neoforged.fml.loading.moddiscovery.ModFileParser/LOADING]: Considering mod file candidate D:\ServerFiles-5.1\mods\ZeroCore2-1.21.1-2.4.20.jar
[25nov2025 22:14:42.960] [main/DEBUG] [net.neoforged.fml.loading.moddiscovery.ModFileInfo/LOADING]: Found valid mod file ZeroCore2-1.21.1-2.4.20.jar with {zerocore} mods - versions {1.21.1-2.4.20}
[25nov2025 22:14:42.960] [main/INFO] [net.neoforged.fml.loading.moddiscovery.ModDiscoverer/SCAN]: Found mod file "ZeroCore2-1.21.1-2.4.20.jar" [locator: {mods folder locator at D:\ServerFiles-5.1\mods}, reader: mod manifest]
[25nov2025 22:14:42.961] [main/DEBUG] [net.neoforged.fml.loading.moddiscovery.ModDiscoverer/SCAN]: Locator {mods folder locator at D:\ServerFiles-5.1\mods} found 445 mods, 0 warnings, 0 errors and skipped 1 candidates
[25nov2025 22:14:42.961] [main/DEBUG] [net.neoforged.fml.loading.moddiscovery.ModDiscoverer/SCAN]: Trying locator maven libs
[25nov2025 22:14:42.964] [main/DEBUG] [net.neoforged.fml.loading.moddiscovery.ModListHandler/CORE]: Found mod coordinates from lists: []
[25nov2025 22:14:42.964] [main/DEBUG] [net.neoforged.fml.loading.moddiscovery.ModDiscoverer/SCAN]: Locator maven libs found 0 mods, 0 warnings, 0 errors and skipped 0 candidates
[25nov2025 22:14:42.967] [main/DEBUG] [net.neoforged.fml.loading.UniqueModListBuilder/]: Found 2 mods for first modid computercraft, selecting most recent based on version data
[25nov2025 22:14:42.967] [main/DEBUG] [net.neoforged.fml.loading.UniqueModListBuilder/]: Selected file cc-tweaked-1.21.1-forge-1.116.1.jar for modid computercraft with version 1.116.1
[25nov2025 22:14:42.971] [main/DEBUG] [net.neoforged.fml.loading.moddiscovery.ModDiscoverer/SCAN]: Successfully Loaded 446 mods. Attempting to load dependencies...
[25nov2025 22:14:42.971] [main/DEBUG] [net.neoforged.fml.loading.moddiscovery.ModDiscoverer/SCAN]: Trying locator jarinjar
[25nov2025 22:14:42.977] [main/DEBUG] [net.neoforged.fml.loading.moddiscovery.readers.JarModsDotTomlModFileReader/SCAN]: Found META-INF/neoforge.mods.toml mod of type null: 
[25nov2025 22:14:42.977] [main/DEBUG] [net.neoforged.fml.loading.moddiscovery.ModFileParser/LOADING]: Considering mod file candidate 
[25nov2025 22:14:42.977] [main/DEBUG] [net.neoforged.fml.loading.moddiscovery.ModFileInfo/LOADING]: Found valid mod file crash_assistant-neoforge.jar with {crash_assistant} mods - versions {1.10.20}
[25nov2025 22:14:42.977] [main/INFO] [net.neoforged.fml.loading.moddiscovery.ModDiscoverer/SCAN]: Found mod file "crash_assistant-neoforge.jar" [parent: , locator: jarinjar, reader: mod manifest]
[25nov2025 22:14:42.977] [main/DEBUG] [net.neoforged.fml.loading.moddiscovery.ModDiscoverer/SCAN]: Trying locator jarinjar
[25nov2025 22:14:42.980] [main/TRACE] [net.neoforged.fml.loading.moddiscovery.locators.JarInJarDependencyLocator/]: Failed to load resource META-INF\jarjar\metadata.json from YungsBetterDungeons-1.21.1-NeoForge-5.1.4.jar, it does not contain dependency information.
[25nov2025 22:14:42.980] [main/TRACE] [net.neoforged.fml.loading.moddiscovery.locators.JarInJarDependencyLocator/]: Failed to load resource META-INF\jarjar\metadata.json from ftb-essentials-neoforge-2101.1.8.jar, it does not contain dependency information.
[25nov2025 22:14:42.980] [main/TRACE] [net.neoforged.fml.loading.moddiscovery.locators.JarInJarDependencyLocator/]: Failed to load resource META-INF\jarjar\metadata.json from disenchanting_table-merged-1.21.1-5.0.2.jar, it does not contain dependency information.
[25nov2025 22:14:42.980] [main/TRACE] [net.neoforged.fml.loading.moddiscovery.locators.JarInJarDependencyLocator/]: Failed to load resource META-INF\jarjar\metadata.json from simplemagnets-1.1.12c-neoforge-mc1.21.jar, it does not contain dependency information.
[25nov2025 22:14:42.980] [main/TRACE] [net.neoforged.fml.loading.moddiscovery.locators.JarInJarDependencyLocator/]: Failed to load resource META-INF\jarjar\metadata.json from integratedterminals-1.21.1-neoforge-1.6.18.jar, it does not contain dependency information.
[25nov2025 22:14:42.980] [main/TRACE] [net.neoforged.fml.loading.moddiscovery.locators.JarInJarDependencyLocator/]: Failed to load resource META-INF\jarjar\metadata.json from Draconic-Evolution-1.21.1-3.1.3.629.jar, it does not contain dependency information.
[25nov2025 22:14:42.980] [main/TRACE] [net.neoforged.fml.loading.moddiscovery.locators.JarInJarDependencyLocator/]: Failed to load resource META-INF\jarjar\metadata.json from rftoolsbase-1.21-6.0.9.jar, it does not contain dependency information.
[25nov2025 22:14:42.980] [main/TRACE] [net.neoforged.fml.loading.moddiscovery.locators.JarInJarDependencyLocator/]: Failed to load resource META-INF\jarjar\metadata.json from laserio-1.9.11.jar, it does not contain dependency information.
[25nov2025 22:14:42.980] [main/TRACE] [net.neoforged.fml.loading.moddiscovery.locators.JarInJarDependencyLocator/]: Failed to load resource META-INF\jarjar\metadata.json from modernfix-neoforge-5.25.1+mc1.21.1.jar, it does not contain dependency information.
[25nov2025 22:14:42.980] [main/TRACE] [net.neoforged.fml.loading.moddiscovery.locators.JarInJarDependencyLocator/]: Failed to load resource META-INF\jarjar\metadata.json from evilcraft-1.21.1-neoforge-1.2.78-704.jar, it does not contain dependency information.
[25nov2025 22:14:42.980] [main/TRACE] [net.neoforged.fml.loading.moddiscovery.locators.JarInJarDependencyLocator/]: Failed to load resource META-INF\jarjar\metadata.json from YungsApi-1.21.1-NeoForge-5.1.6.jar, it does not contain dependency information.
[25nov2025 22:14:42.980] [main/TRACE] [net.neoforged.fml.loading.moddiscovery.locators.JarInJarDependencyLocator/]: Failed to load resource META-INF\jarjar\metadata.json from mcw-stairs-1.0.1-1.21.1neoforge.jar, it does not contain dependency information.
[25nov2025 22:14:42.980] [main/TRACE] [net.neoforged.fml.loading.moddiscovery.locators.JarInJarDependencyLocator/]: Failed to load resource META-INF\jarjar\metadata.json from GatewaysToEternity-1.21.1-5.1.0.jar, it does not contain dependency information.
[25nov2025 22:14:42.980] [main/TRACE] [net.neoforged.fml.loading.moddiscovery.locators.JarInJarDependencyLocator/]: Failed to load resource META-INF\jarjar\metadata.json from rechiseled_chipped-1.3-1.21.1.jar, it does not contain dependency information.
[25nov2025 22:14:42.980] [main/TRACE] [net.neoforged.fml.loading.moddiscovery.locators.JarInJarDependencyLocator/]: Failed to load resource META-INF\jarjar\metadata.json from WitherSkeletonTweaks-1.21.1-10.1.1.jar, it does not contain dependency information.
[25nov2025 22:14:42.981] [main/TRACE] [net.neoforged.fml.loading.moddiscovery.locators.JarInJarDependencyLocator/]: Failed to load resource META-INF\jarjar\metadata.json from shrink-2.0.1.47-neoforge.jar, it does not contain dependency information.
[25nov2025 22:14:42.981] [main/TRACE] [net.neoforged.fml.loading.moddiscovery.locators.JarInJarDependencyLocator/]: Failed to load resource META-INF\jarjar\metadata.json from universalgrid-neoforge-1.21.1-0.2.3.jar, it does not contain dependency information.
[25nov2025 22:14:42.981] [main/TRACE] [net.neoforged.fml.loading.moddiscovery.locators.JarInJarDependencyLocator/]: Failed to load resource META-INF\jarjar\metadata.json from Apotheosis-1.21.1-8.4.1.jar, it does not contain dependency information.
[25nov2025 22:14:42.981] [main/TRACE] [net.neoforged.fml.loading.moddiscovery.locators.JarInJarDependencyLocator/]: Failed to load resource META-INF\jarjar\metadata.json from soulplied_energistics-1.0.2.jar, it does not contain dependency information.
[25nov2025 22:14:42.981] [main/TRACE] [net.neoforged.fml.loading.moddiscovery.locators.JarInJarDependencyLocator/]: Failed to load resource META-INF\jarjar\metadata.json from YungsBetterNetherFortresses-1.21.1-NeoForge-3.1.5.jar, it does not contain dependency information.
[25nov2025 22:14:42.981] [main/TRACE] [net.neoforged.fml.loading.moddiscovery.locators.JarInJarDependencyLocator/]: Failed to load resource META-INF\jarjar\metadata.json from cloth-config-15.0.140-neoforge.jar, it does not contain dependency information.
[25nov2025 22:14:42.981] [main/TRACE] [net.neoforged.fml.loading.moddiscovery.locators.JarInJarDependencyLocator/]: Failed to load resource META-INF\jarjar\metadata.json from sawmill-1.21-1.7.2-neoforge.jar, it does not contain dependency information.
[25nov2025 22:14:42.981] [main/TRACE] [net.neoforged.fml.loading.moddiscovery.locators.JarInJarDependencyLocator/]: Failed to load resource META-INF\jarjar\metadata.json from refinedstorage-neoforge-2.0.0.jar, it does not contain dependency information.
[25nov2025 22:14:42.981] [main/TRACE] [net.neoforged.fml.loading.moddiscovery.locators.JarInJarDependencyLocator/]: Failed to load resource META-INF\jarjar\metadata.json from aeinfinitybooster-neoforge-1.21.1-1.0.0.52.jar, it does not contain dependency information.
[25nov2025 22:14:42.981] [main/TRACE] [net.neoforged.fml.loading.moddiscovery.locators.JarInJarDependencyLocator/]: Failed to load resource META-INF\jarjar\metadata.json from industrialforegoing-1.21-3.6.36.jar, it does not contain dependency information.
[25nov2025 22:14:42.981] [main/TRACE] [net.neoforged.fml.loading.moddiscovery.locators.JarInJarDependencyLocator/]: Failed to load resource META-INF\jarjar\metadata.json from ftb-xmod-compat-neoforge-21.1.6.jar, it does not contain dependency information.
[25nov2025 22:14:42.981] [main/TRACE] [net.neoforged.fml.loading.moddiscovery.locators.JarInJarDependencyLocator/]: Failed to load resource META-INF\jarjar\metadata.json from handcrafted-neoforge-1.21.1-4.0.3.jar, it does not contain dependency information.
[25nov2025 22:14:42.981] [main/TRACE] [net.neoforged.fml.loading.moddiscovery.locators.JarInJarDependencyLocator/]: Failed to load resource META-INF\jarjar\metadata.json from repurposed_structures-7.5.17+1.21.1-neoforge.jar, it does not contain dependency information.
[25nov2025 22:14:42.981] [main/TRACE] [net.neoforged.fml.loading.moddiscovery.locators.JarInJarDependencyLocator/]: Failed to load resource META-INF\jarjar\metadata.json from bcc-21.1.5+mc1.21.1.jar, it does not contain dependency information.
[25nov2025 22:14:42.981] [main/TRACE] [net.neoforged.fml.loading.moddiscovery.locators.JarInJarDependencyLocator/]: Failed to load resource META-INF\jarjar\metadata.json from Jupiter-2.2.2-neoforge.jar, it does not contain dependency information.
[25nov2025 22:14:42.981] [main/TRACE] [net.neoforged.fml.loading.moddiscovery.locators.JarInJarDependencyLocator/]: Failed to load resource META-INF\jarjar\metadata.json from camol-1.21.1-0.3.0.jar, it does not contain dependency information.
[25nov2025 22:14:42.981] [main/TRACE] [net.neoforged.fml.loading.moddiscovery.locators.JarInJarDependencyLocator/]: Failed to load resource META-INF\jarjar\metadata.json from heyberryshutup-1.21.0-2.0.4.jar, it does not contain dependency information.
[25nov2025 22:14:42.981] [main/TRACE] [net.neoforged.fml.loading.moddiscovery.locators.JarInJarDependencyLocator/]: Failed to load resource META-INF\jarjar\metadata.json from integratedscripting-1.21.1-neoforge-1.0.19.jar, it does not contain dependency information.
[25nov2025 22:14:42.981] [main/TRACE] [net.neoforged.fml.loading.moddiscovery.locators.JarInJarDependencyLocator/]: Failed to load resource META-INF\jarjar\metadata.json from spark-1.10.124-neoforge.jar, it does not contain dependency information.
[25nov2025 22:14:42.981] [main/TRACE] [net.neoforged.fml.loading.moddiscovery.locators.JarInJarDependencyLocator/]: Failed to load resource META-INF\jarjar\metadata.json from YungsExtras-1.21.1-NeoForge-5.1.1.jar, it does not contain dependency information.
[25nov2025 22:14:42.981] [main/TRACE] [net.neoforged.fml.loading.moddiscovery.locators.JarInJarDependencyLocator/]: Failed to load resource META-INF\jarjar\metadata.json from omegaconfig-neoforge-1.5.1.jar, it does not contain dependency information.
[25nov2025 22:14:42.981] [main/TRACE] [net.neoforged.fml.loading.moddiscovery.locators.JarInJarDependencyLocator/]: Failed to load resource META-INF\jarjar\metadata.json from tombstone-neoforge-1.21.1-9.4.8.jar, it does not contain dependency information.
[25nov2025 22:14:42.981] [main/TRACE] [net.neoforged.fml.loading.moddiscovery.locators.JarInJarDependencyLocator/]: Failed to load resource META-INF\jarjar\metadata.json from ExtraStorage-1.21.1-5.0.7.jar, it does not contain dependency information.
[25nov2025 22:14:42.981] [main/TRACE] [net.neoforged.fml.loading.moddiscovery.locators.JarInJarDependencyLocator/]: Failed to load resource META-INF\jarjar\metadata.json from NaturesAura-41.9.jar, it does not contain dependency information.
[25nov2025 22:14:42.981] [main/TRACE] [net.neoforged.fml.loading.moddiscovery.locators.JarInJarDependencyLocator/]: Failed to load resource META-INF\jarjar\metadata.json from mcw-roofs-2.3.2-mc1.21.1neoforge.jar, it does not contain dependency information.
[25nov2025 22:14:42.981] [main/TRACE] [net.neoforged.fml.loading.moddiscovery.locators.JarInJarDependencyLocator/]: Failed to load resource META-INF\jarjar\metadata.json from YungsBetterEndIsland-1.21.1-NeoForge-3.1.2.jar, it does not contain dependency information.
[25nov2025 22:14:42.981] [main/TRACE] [net.neoforged.fml.loading.moddiscovery.locators.JarInJarDependencyLocator/]: Failed to load resource META-INF\jarjar\metadata.json from Super Factory Manager (SFM)-MC1.21.1-4.26.0.jar, it does not contain dependency information.
[25nov2025 22:14:42.981] [main/TRACE] [net.neoforged.fml.loading.moddiscovery.locators.JarInJarDependencyLocator/]: Failed to load resource META-INF\jarjar\metadata.json from transfer_labels-0.1.7.jar, it does not contain dependency information.
[25nov2025 22:14:42.982] [main/TRACE] [net.neoforged.fml.loading.moddiscovery.locators.JarInJarDependencyLocator/]: Failed to load resource META-INF\jarjar\metadata.json from mcw-lights-1.1.2-mc1.21.1neoforge.jar, it does not contain dependency information.
[25nov2025 22:14:42.982] [main/TRACE] [net.neoforged.fml.loading.moddiscovery.locators.JarInJarDependencyLocator/]: Failed to load resource META-INF\jarjar\metadata.json from YungsBetterJungleTemples-1.21.1-NeoForge-3.1.2.jar, it does not contain dependency information.
[25nov2025 22:14:42.982] [main/TRACE] [net.neoforged.fml.loading.moddiscovery.locators.JarInJarDependencyLocator/]: Failed to load resource META-INF\jarjar\metadata.json from Byzantine-1.21.1-42.jar, it does not contain dependency information.
[25nov2025 22:14:42.982] [main/TRACE] [net.neoforged.fml.loading.moddiscovery.locators.JarInJarDependencyLocator/]: Failed to load resource META-INF\jarjar\metadata.json from SmartBrainLib-neoforge-1.21.1-1.16.11.jar, it does not contain dependency information.
[25nov2025 22:14:42.982] [main/TRACE] [net.neoforged.fml.loading.moddiscovery.locators.JarInJarDependencyLocator/]: Failed to load resource META-INF\jarjar\metadata.json from bellsandwhistles-0.4.7-1.21.1.jar, it does not contain dependency information.
[25nov2025 22:14:42.982] [main/TRACE] [net.neoforged.fml.loading.moddiscovery.locators.JarInJarDependencyLocator/]: Failed to load resource META-INF\jarjar\metadata.json from rechiseled-1.1.6a-neoforge-mc1.21.jar, it does not contain dependency information.
[25nov2025 22:14:42.982] [main/TRACE] [net.neoforged.fml.loading.moddiscovery.locators.JarInJarDependencyLocator/]: Failed to load resource META-INF\jarjar\metadata.json from appliedenergistics2-19.2.17.jar, it does not contain dependency information.
[25nov2025 22:14:42.982] [main/TRACE] [net.neoforged.fml.loading.moddiscovery.locators.JarInJarDependencyLocator/]: Failed to load resource META-INF\jarjar\metadata.json from attributefix-neoforge-1.21.1-21.1.3.jar, it does not contain dependency information.
[25nov2025 22:14:42.982] [main/TRACE] [net.neoforged.fml.loading.moddiscovery.locators.JarInJarDependencyLocator/]: Failed to load resource META-INF\jarjar\metadata.json from bibliocraft-1.21.1-1.6.2.jar, it does not contain dependency information.
[25nov2025 22:14:42.982] [main/TRACE] [net.neoforged.fml.loading.moddiscovery.locators.JarInJarDependencyLocator/]: Failed to load resource META-INF\jarjar\metadata.json from caelus-neoforge-7.0.1+1.21.1.jar, it does not contain dependency information.
[25nov2025 22:14:42.982] [main/TRACE] [net.neoforged.fml.loading.moddiscovery.locators.JarInJarDependencyLocator/]: Failed to load resource META-INF\jarjar\metadata.json from allthecompressed-1.21.1-4.3.0.jar, it does not contain dependency information.
[25nov2025 22:14:42.982] [main/TRACE] [net.neoforged.fml.loading.moddiscovery.locators.JarInJarDependencyLocator/]: Failed to load resource META-INF\jarjar\metadata.json from mcw-mcwholidays-1.1.1-mc1.21.1neoforge.jar, it does not contain dependency information.
[25nov2025 22:14:42.982] [main/TRACE] [net.neoforged.fml.loading.moddiscovery.locators.JarInJarDependencyLocator/]: Failed to load resource META-INF\jarjar\metadata.json from mekmm-1.21.1-1.0.6.jar, it does not contain dependency information.
[25nov2025 22:14:42.982] [main/TRACE] [net.neoforged.fml.loading.moddiscovery.locators.JarInJarDependencyLocator/]: Failed to load resource META-INF\jarjar\metadata.json from laserbridges-1.21.1-neoforge-5.3.jar, it does not contain dependency information.
[25nov2025 22:14:42.982] [main/TRACE] [net.neoforged.fml.loading.moddiscovery.locators.JarInJarDependencyLocator/]: Failed to load resource META-INF\jarjar\metadata.json from utilityvest-1.1.0.jar, it does not contain dependency information.
[25nov2025 22:14:42.982] [main/TRACE] [net.neoforged.fml.loading.moddiscovery.locators.JarInJarDependencyLocator/]: Failed to load resource META-INF\jarjar\metadata.json from botanypots-neoforge-1.21.1-21.1.41.jar, it does not contain dependency information.
[25nov2025 22:14:42.982] [main/TRACE] [net.neoforged.fml.loading.moddiscovery.locators.JarInJarDependencyLocator/]: Failed to load resource META-INF\jarjar\metadata.json from farmingforblockheads-neoforge-1.21.1-21.1.10.jar, it does not contain dependency information.
[25nov2025 22:14:42.982] [main/TRACE] [net.neoforged.fml.loading.moddiscovery.locators.JarInJarDependencyLocator/]: Failed to load resource META-INF\jarjar\metadata.json from rechiseledcreate-1.0.2a-neoforge-mc1.21.jar, it does not contain dependency information.
[25nov2025 22:14:42.982] [main/TRACE] [net.neoforged.fml.loading.moddiscovery.locators.JarInJarDependencyLocator/]: Failed to load resource META-INF\jarjar\metadata.json from additional_lights-neoforge-1.21-2.1.10.jar, it does not contain dependency information.
[25nov2025 22:14:42.982] [main/TRACE] [net.neoforged.fml.loading.moddiscovery.locators.JarInJarDependencyLocator/]: Failed to load resource META-INF\jarjar\metadata.json from fusion-1.2.11b-neoforge-mc1.21.jar, it does not contain dependency information.
[25nov2025 22:14:42.982] [main/TRACE] [net.neoforged.fml.loading.moddiscovery.locators.JarInJarDependencyLocator/]: Failed to load resource META-INF\jarjar\metadata.json from rftoolspower-1.21-7.0.4.jar, it does not contain dependency information.
[25nov2025 22:14:42.982] [main/TRACE] [net.neoforged.fml.loading.moddiscovery.locators.JarInJarDependencyLocator/]: Failed to load resource META-INF\jarjar\metadata.json from ExtraDisks-1.21.1-4.0.14.jar, it does not contain dependency information.
[25nov2025 22:14:42.983] [main/TRACE] [net.neoforged.fml.loading.moddiscovery.locators.JarInJarDependencyLocator/]: Failed to load resource META-INF\jarjar\metadata.json from EdivadLib-1.21-3.0.0.jar, it does not contain dependency information.
[25nov2025 22:14:42.983] [main/TRACE] [net.neoforged.fml.loading.moddiscovery.locators.JarInJarDependencyLocator/]: Failed to load resource META-INF\jarjar\metadata.json from ars_polymorphia-1.0.3.jar, it does not contain dependency information.
[25nov2025 22:14:42.983] [main/TRACE] [net.neoforged.fml.loading.moddiscovery.locators.JarInJarDependencyLocator/]: Failed to load resource META-INF\jarjar\metadata.json from sophisticatedbackpackscreateintegration-1.21.1-0.1.5.29.jar, it does not contain dependency information.
[25nov2025 22:14:42.983] [main/TRACE] [net.neoforged.fml.loading.moddiscovery.locators.JarInJarDependencyLocator/]: Failed to load resource META-INF\jarjar\metadata.json from integratedcrafting-1.21.1-neoforge-1.3.3-391.jar, it does not contain dependency information.
[25nov2025 22:14:42.983] [main/TRACE] [net.neoforged.fml.loading.moddiscovery.locators.JarInJarDependencyLocator/]: Failed to load resource META-INF\jarjar\metadata.json from DungeonsArise-1.21.1-2.1.68-release.jar, it does not contain dependency information.
[25nov2025 22:14:42.983] [main/TRACE] [net.neoforged.fml.loading.moddiscovery.locators.JarInJarDependencyLocator/]: Failed to load resource META-INF\jarjar\metadata.json from server-1.21.1-20240808.144430-srg.jar, it does not contain dependency information.
[25nov2025 22:14:42.983] [main/TRACE] [net.neoforged.fml.loading.moddiscovery.locators.JarInJarDependencyLocator/]: Failed to load resource META-INF\jarjar\metadata.json from ModularBees-1.21.1-2.1-neoforge.jar, it does not contain dependency information.
[25nov2025 22:14:42.983] [main/TRACE] [net.neoforged.fml.loading.moddiscovery.locators.JarInJarDependencyLocator/]: Failed to load resource META-INF\jarjar\metadata.json from TerraBlender-neoforge-1.21.1-4.1.0.8.jar, it does not contain dependency information.
[25nov2025 22:14:42.983] [main/TRACE] [net.neoforged.fml.loading.moddiscovery.locators.JarInJarDependencyLocator/]: Failed to load resource META-INF\jarjar\metadata.json from livingthings-neoforge-1.21.1-2.3.0.jar, it does not contain dependency information.
[25nov2025 22:14:42.983] [main/TRACE] [net.neoforged.fml.loading.moddiscovery.locators.JarInJarDependencyLocator/]: Failed to load resource META-INF\jarjar\metadata.json from xycraft_machines-0.7.53.jar, it does not contain dependency information.
[25nov2025 22:14:42.983] [main/TRACE] [net.neoforged.fml.loading.moddiscovery.locators.JarInJarDependencyLocator/]: Failed to load resource META-INF\jarjar\metadata.json from pamhc2crops-NEOFORGE-1.21.1-1.0.2.jar, it does not contain dependency information.
[25nov2025 22:14:42.983] [main/TRACE] [net.neoforged.fml.loading.moddiscovery.locators.JarInJarDependencyLocator/]: Failed to load resource META-INF\jarjar\metadata.json from cleanswing-1.9.jar, it does not contain dependency information.
[25nov2025 22:14:42.983] [main/TRACE] [net.neoforged.fml.loading.moddiscovery.locators.JarInJarDependencyLocator/]: Failed to load resource META-INF\jarjar\metadata.json from Corgilib-NeoForge-1.21.1-5.0.0.7.jar, it does not contain dependency information.
[25nov2025 22:14:42.983] [main/TRACE] [net.neoforged.fml.loading.moddiscovery.locators.JarInJarDependencyLocator/]: Failed to load resource META-INF\jarjar\metadata.json from sushigocrafting-1.21-0.6.5.jar, it does not contain dependency information.
[25nov2025 22:14:42.983] [main/TRACE] [net.neoforged.fml.loading.moddiscovery.locators.JarInJarDependencyLocator/]: Failed to load resource META-INF\jarjar\metadata.json from domum-ornamentum-1.0.222-snapshot-main.jar, it does not contain dependency information.
[25nov2025 22:14:42.984] [main/TRACE] [net.neoforged.fml.loading.moddiscovery.locators.JarInJarDependencyLocator/]: Failed to load resource META-INF\jarjar\metadata.json from rftoolsbuilder-1.21-7.0.3.jar, it does not contain dependency information.
[25nov2025 22:14:42.984] [main/TRACE] [net.neoforged.fml.loading.moddiscovery.locators.JarInJarDependencyLocator/]: Failed to load resource META-INF\jarjar\metadata.json from luminax-1.3.1_neoforge_1.21.1.jar, it does not contain dependency information.
[25nov2025 22:14:42.984] [main/TRACE] [net.neoforged.fml.loading.moddiscovery.locators.JarInJarDependencyLocator/]: Failed to load resource META-INF\jarjar\metadata.json from ftb-filter-system-neoforge-21.1.3.jar, it does not contain dependency information.
[25nov2025 22:14:42.984] [main/TRACE] [net.neoforged.fml.loading.moddiscovery.locators.JarInJarDependencyLocator/]: Failed to load resource META-INF\jarjar\metadata.json from experiencelib-1.21.1-1.1.1.jar, it does not contain dependency information.
[25nov2025 22:14:42.984] [main/TRACE] [net.neoforged.fml.loading.moddiscovery.locators.JarInJarDependencyLocator/]: Failed to load resource META-INF\jarjar\metadata.json from baubley-heart-canisters-1.21.1-1.2.3.jar, it does not contain dependency information.
[25nov2025 22:14:42.984] [main/TRACE] [net.neoforged.fml.loading.moddiscovery.locators.JarInJarDependencyLocator/]: Failed to load resource META-INF\jarjar\metadata.json from [1.21.1] SecurityCraft v1.10.1.jar, it does not contain dependency information.
[25nov2025 22:14:42.984] [main/TRACE] [net.neoforged.fml.loading.moddiscovery.locators.JarInJarDependencyLocator/]: Failed to load resource META-INF\jarjar\metadata.json from almostunified-neoforge-1.21.1-1.3.0.jar, it does not contain dependency information.
[25nov2025 22:14:42.984] [main/TRACE] [net.neoforged.fml.loading.moddiscovery.locators.JarInJarDependencyLocator/]: Failed to load resource META-INF\jarjar\metadata.json from structurize-1.0.795-1.21.1-snapshot.jar, it does not contain dependency information.
[25nov2025 22:14:42.984] [main/TRACE] [net.neoforged.fml.loading.moddiscovery.locators.JarInJarDependencyLocator/]: Failed to load resource META-INF\jarjar\metadata.json from wits-1.3.0+1.21-neoforge.jar, it does not contain dependency information.
[25nov2025 22:14:42.984] [main/TRACE] [net.neoforged.fml.loading.moddiscovery.locators.JarInJarDependencyLocator/]: Failed to load resource META-INF\jarjar\metadata.json from sgearmetalworks-1.21.1-1.4.5.jar, it does not contain dependency information.
[25nov2025 22:14:42.984] [main/TRACE] [net.neoforged.fml.loading.moddiscovery.locators.JarInJarDependencyLocator/]: Failed to load resource META-INF\jarjar\metadata.json from FastFurnace-1.21.1-9.0.1.jar, it does not contain dependency information.
[25nov2025 22:14:42.984] [main/TRACE] [net.neoforged.fml.loading.moddiscovery.locators.JarInJarDependencyLocator/]: Failed to load resource META-INF\jarjar\metadata.json from Structory_Towers_1.21.x_v1.0.14.jar, it does not contain dependency information.
[25nov2025 22:14:42.984] [main/TRACE] [net.neoforged.fml.loading.moddiscovery.locators.JarInJarDependencyLocator/]: Failed to load resource META-INF\jarjar\metadata.json from appleskin-neoforge-mc1.21-3.0.7.jar, it does not contain dependency information.
[25nov2025 22:14:42.984] [main/TRACE] [net.neoforged.fml.loading.moddiscovery.locators.JarInJarDependencyLocator/]: Failed to load resource META-INF\jarjar\metadata.json from lootr-neoforge-1.21-1.10.35.91.jar, it does not contain dependency information.
[25nov2025 22:14:42.984] [main/TRACE] [net.neoforged.fml.loading.moddiscovery.locators.JarInJarDependencyLocator/]: Failed to load resource META-INF\jarjar\metadata.json from occultism-1.21.1-neoforge-1.197.0.jar, it does not contain dependency information.
[25nov2025 22:14:42.984] [main/TRACE] [net.neoforged.fml.loading.moddiscovery.locators.JarInJarDependencyLocator/]: Failed to load resource META-INF\jarjar\metadata.json from refinedstorage-curios-integration-1.0.0.jar, it does not contain dependency information.
[25nov2025 22:14:42.984] [main/TRACE] [net.neoforged.fml.loading.moddiscovery.locators.JarInJarDependencyLocator/]: Failed to load resource META-INF\jarjar\metadata.json from ars_unification-1.2.16.jar, it does not contain dependency information.
[25nov2025 22:14:42.984] [main/TRACE] [net.neoforged.fml.loading.moddiscovery.locators.JarInJarDependencyLocator/]: Failed to load resource META-INF\jarjar\metadata.json from cosmeticarmorreworked-1.21.1-v1-neoforge.jar, it does not contain dependency information.
[25nov2025 22:14:42.984] [main/TRACE] [net.neoforged.fml.loading.moddiscovery.locators.JarInJarDependencyLocator/]: Failed to load resource META-INF\jarjar\metadata.json from ae2ct-1.21.1-1.1.1.jar, it does not contain dependency information.
[25nov2025 22:14:42.984] [main/TRACE] [net.neoforged.fml.loading.moddiscovery.locators.JarInJarDependencyLocator/]: Failed to load resource META-INF\jarjar\metadata.json from morered-1.21.1-6.0.0.3.jar, it does not contain dependency information.
[25nov2025 22:14:42.984] [main/TRACE] [net.neoforged.fml.loading.moddiscovery.locators.JarInJarDependencyLocator/]: Failed to load resource META-INF\jarjar\metadata.json from AdvancedPeripherals-1.21.1-0.7.57b.jar, it does not contain dependency information.
[25nov2025 22:14:42.984] [main/TRACE] [net.neoforged.fml.loading.moddiscovery.locators.JarInJarDependencyLocator/]: Failed to load resource META-INF\jarjar\metadata.json from towntalk-1.2.0.jar, it does not contain dependency information.
[25nov2025 22:14:42.984] [main/TRACE] [net.neoforged.fml.loading.moddiscovery.locators.JarInJarDependencyLocator/]: Failed to load resource META-INF\jarjar\metadata.json from fireproofboats-1.21.1-1.0.4.jar, it does not contain dependency information.
[25nov2025 22:14:42.984] [main/TRACE] [net.neoforged.fml.loading.moddiscovery.locators.JarInJarDependencyLocator/]: Failed to load resource META-INF\jarjar\metadata.json from YungsBetterOceanMonuments-1.21.1-NeoForge-4.1.2.jar, it does not contain dependency information.
[25nov2025 22:14:42.984] [main/TRACE] [net.neoforged.fml.loading.moddiscovery.locators.JarInJarDependencyLocator/]: Failed to load resource META-INF\jarjar\metadata.json from sophisticatedcore-1.21.1-1.3.89.1239.jar, it does not contain dependency information.
[25nov2025 22:14:42.984] [main/TRACE] [net.neoforged.fml.loading.moddiscovery.locators.JarInJarDependencyLocator/]: Failed to load resource META-INF\jarjar\metadata.json from Glassential-renewed-1.21.1-3.3.2.jar, it does not contain dependency information.
[25nov2025 22:14:42.984] [main/TRACE] [net.neoforged.fml.loading.moddiscovery.locators.JarInJarDependencyLocator/]: Failed to load resource META-INF\jarjar\metadata.json from Placebo-1.21.1-9.9.1.jar, it does not contain dependency information.
[25nov2025 22:14:42.985] [main/TRACE] [net.neoforged.fml.loading.moddiscovery.locators.JarInJarDependencyLocator/]: Failed to load resource META-INF\jarjar\metadata.json from cobweb-neoforge-1.21-1.4.0.jar, it does not contain dependency information.
[25nov2025 22:14:42.985] [main/TRACE] [net.neoforged.fml.loading.moddiscovery.locators.JarInJarDependencyLocator/]: Failed to load resource META-INF\jarjar\metadata.json from bookshelf-neoforge-1.21.1-21.1.78.jar, it does not contain dependency information.
[25nov2025 22:14:42.985] [main/TRACE] [net.neoforged.fml.loading.moddiscovery.locators.JarInJarDependencyLocator/]: Failed to load resource META-INF\jarjar\metadata.json from sophisticatedbackpacks-1.21.1-3.25.14.1410.jar, it does not contain dependency information.
[25nov2025 22:14:42.985] [main/TRACE] [net.neoforged.fml.loading.moddiscovery.locators.JarInJarDependencyLocator/]: Failed to load resource META-INF\jarjar\metadata.json from Immersive-Energistics-1.1.0-beta.jar, it does not contain dependency information.
[25nov2025 22:14:42.985] [main/TRACE] [net.neoforged.fml.loading.moddiscovery.locators.JarInJarDependencyLocator/]: Failed to load resource META-INF\jarjar\metadata.json from mcw-doors-1.1.2-mc1.21.1neoforge.jar, it does not contain dependency information.
[25nov2025 22:14:42.985] [main/TRACE] [net.neoforged.fml.loading.moddiscovery.locators.JarInJarDependencyLocator/]: Failed to load resource META-INF\jarjar\metadata.json from MoreRed-CCT-Compat-1.21.1-1.3.0.jar, it does not contain dependency information.
[25nov2025 22:14:42.985] [main/TRACE] [net.neoforged.fml.loading.moddiscovery.locators.JarInJarDependencyLocator/]: Failed to load resource META-INF\jarjar\metadata.json from MekanismGenerators-1.21.1-10.7.17.83.jar, it does not contain dependency information.
[25nov2025 22:14:42.985] [main/TRACE] [net.neoforged.fml.loading.moddiscovery.locators.JarInJarDependencyLocator/]: Failed to load resource META-INF\jarjar\metadata.json from AE2NetworkAnalyzer-1.21-2.1.3-neoforge.jar, it does not contain dependency information.
[25nov2025 22:14:42.985] [main/TRACE] [net.neoforged.fml.loading.moddiscovery.locators.JarInJarDependencyLocator/]: Failed to load resource META-INF\jarjar\metadata.json from utilitarian-1.21.1-0.16.1.jar, it does not contain dependency information.
[25nov2025 22:14:42.985] [main/TRACE] [net.neoforged.fml.loading.moddiscovery.locators.JarInJarDependencyLocator/]: Failed to load resource META-INF\jarjar\metadata.json from melody_neoforge_1.0.10_MC_1.21.jar, it does not contain dependency information.
[25nov2025 22:14:42.985] [main/TRACE] [net.neoforged.fml.loading.moddiscovery.locators.JarInJarDependencyLocator/]: Failed to load resource META-INF\jarjar\metadata.json from ftb-teams-neoforge-2101.1.7.jar, it does not contain dependency information.
[25nov2025 22:14:42.985] [main/TRACE] [net.neoforged.fml.loading.moddiscovery.locators.JarInJarDependencyLocator/]: Failed to load resource META-INF\jarjar\metadata.json from chipped-neoforge-1.21.1-4.0.2.jar, it does not contain dependency information.
[25nov2025 22:14:42.985] [main/TRACE] [net.neoforged.fml.loading.moddiscovery.locators.JarInJarDependencyLocator/]: Failed to load resource META-INF\jarjar\metadata.json from mcw-bridges-3.1.1-mc1.21.1neoforge.jar, it does not contain dependency information.
[25nov2025 22:14:42.985] [main/TRACE] [net.neoforged.fml.loading.moddiscovery.locators.JarInJarDependencyLocator/]: Failed to load resource META-INF\jarjar\metadata.json from HostileNeuralNetworks-1.21.1-6.3.0.jar, it does not contain dependency information.
[25nov2025 22:14:42.985] [main/TRACE] [net.neoforged.fml.loading.moddiscovery.locators.JarInJarDependencyLocator/]: Failed to load resource META-INF\jarjar\metadata.json from jearchaeology-1.21.1-1.1.6.jar, it does not contain dependency information.
[25nov2025 22:14:42.985] [main/TRACE] [net.neoforged.fml.loading.moddiscovery.locators.JarInJarDependencyLocator/]: Failed to load resource META-INF\jarjar\metadata.json from ftb-ranks-neoforge-2101.1.3.jar, it does not contain dependency information.
[25nov2025 22:14:42.985] [main/TRACE] [net.neoforged.fml.loading.moddiscovery.locators.JarInJarDependencyLocator/]: Failed to load resource META-INF\jarjar\metadata.json from fuelgoeshere-1.21.1-1.2.0.jar, it does not contain dependency information.
[25nov2025 22:14:42.985] [main/TRACE] [net.neoforged.fml.loading.moddiscovery.locators.JarInJarDependencyLocator/]: Failed to load resource META-INF\jarjar\metadata.json from simplylight-1.5.3+1.21.1-b4.jar, it does not contain dependency information.
[25nov2025 22:14:42.985] [main/TRACE] [net.neoforged.fml.loading.moddiscovery.locators.JarInJarDependencyLocator/]: Failed to load resource META-INF\jarjar\metadata.json from industrial-foregoing-souls-1.21.1-1.10.5.jar, it does not contain dependency information.
[25nov2025 22:14:42.985] [main/TRACE] [net.neoforged.fml.loading.moddiscovery.locators.JarInJarDependencyLocator/]: Failed to load resource META-INF\jarjar\metadata.json from lionfishapi-2.6.jar, it does not contain dependency information.
[25nov2025 22:14:42.985] [main/TRACE] [net.neoforged.fml.loading.moddiscovery.locators.JarInJarDependencyLocator/]: Failed to load resource META-INF\jarjar\metadata.json from memorysettings-1.21-5.9.jar, it does not contain dependency information.
[25nov2025 22:14:42.985] [main/TRACE] [net.neoforged.fml.loading.moddiscovery.locators.JarInJarDependencyLocator/]: Failed to load resource META-INF\jarjar\metadata.json from L_Ender's Cataclysm 1.21.1-3.16.jar, it does not contain dependency information.
[25nov2025 22:14:42.985] [main/TRACE] [net.neoforged.fml.loading.moddiscovery.locators.JarInJarDependencyLocator/]: Failed to load resource META-INF\jarjar\metadata.json from blockui-1.0.206-1.21.1-snapshot.jar, it does not contain dependency information.
[25nov2025 22:14:42.985] [main/TRACE] [net.neoforged.fml.loading.moddiscovery.locators.JarInJarDependencyLocator/]: Failed to load resource META-INF\jarjar\metadata.json from tiab-neoforge-6.5.0.jar, it does not contain dependency information.
[25nov2025 22:14:42.985] [main/TRACE] [net.neoforged.fml.loading.moddiscovery.locators.JarInJarDependencyLocator/]: Failed to load resource META-INF\jarjar\metadata.json from MysticalCustomization-1.21.1-6.0.0.jar, it does not contain dependency information.
[25nov2025 22:14:42.985] [main/TRACE] [net.neoforged.fml.loading.moddiscovery.locators.JarInJarDependencyLocator/]: Failed to load resource META-INF\jarjar\metadata.json from elevatorid-neoforge-1.21.1-1.11.4.jar, it does not contain dependency information.
[25nov2025 22:14:42.985] [main/TRACE] [net.neoforged.fml.loading.moddiscovery.locators.JarInJarDependencyLocator/]: Failed to load resource META-INF\jarjar\metadata.json from accelerated-decay-neoforge-21.0.0.jar, it does not contain dependency information.
[25nov2025 22:14:42.985] [main/TRACE] [net.neoforged.fml.loading.moddiscovery.locators.JarInJarDependencyLocator/]: Failed to load resource META-INF\jarjar\metadata.json from create_hypertube-0.2.6-hotfix-NEOFORGE.jar, it does not contain dependency information.
[25nov2025 22:14:42.986] [main/TRACE] [net.neoforged.fml.loading.moddiscovery.locators.JarInJarDependencyLocator/]: Failed to load resource META-INF\jarjar\metadata.json from BridgingMod-2.6.2+1.21.1.neoforge-release.jar, it does not contain dependency information.
[25nov2025 22:14:42.986] [main/TRACE] [net.neoforged.fml.loading.moddiscovery.locators.JarInJarDependencyLocator/]: Failed to load resource META-INF\jarjar\metadata.json from hardenedarmadillos-1.21.1-0.2.0.jar, it does not contain dependency information.
[25nov2025 22:14:42.986] [main/TRACE] [net.neoforged.fml.loading.moddiscovery.locators.JarInJarDependencyLocator/]: Failed to load resource META-INF\jarjar\metadata.json from AI-Improvements-1.21-0.5.3.jar, it does not contain dependency information.
[25nov2025 22:14:42.986] [main/TRACE] [net.neoforged.fml.loading.moddiscovery.locators.JarInJarDependencyLocator/]: Failed to load resource META-INF\jarjar\metadata.json from cupboard-1.21-2.9.jar, it does not contain dependency information.
[25nov2025 22:14:42.986] [main/TRACE] [net.neoforged.fml.loading.moddiscovery.locators.JarInJarDependencyLocator/]: Failed to load resource META-INF\jarjar\metadata.json from ars_ocultas-1.21.1-2.2.0.jar, it does not contain dependency information.
[25nov2025 22:14:42.986] [main/TRACE] [net.neoforged.fml.loading.moddiscovery.locators.JarInJarDependencyLocator/]: Failed to load resource META-INF\jarjar\metadata.json from The_Undergarden-1.21.1-0.9.3.jar, it does not contain dependency information.
[25nov2025 22:14:42.986] [main/TRACE] [net.neoforged.fml.loading.moddiscovery.locators.JarInJarDependencyLocator/]: Failed to load resource META-INF\jarjar\metadata.json from monolib-neoforge-1.21.1-2.1.0.jar, it does not contain dependency information.
[25nov2025 22:14:42.986] [main/TRACE] [net.neoforged.fml.loading.moddiscovery.locators.JarInJarDependencyLocator/]: Failed to load resource META-INF\jarjar\metadata.json from framework-neoforge-1.21.1-0.13.1.jar, it does not contain dependency information.
[25nov2025 22:14:42.986] [main/TRACE] [net.neoforged.fml.loading.moddiscovery.locators.JarInJarDependencyLocator/]: Failed to load resource META-INF\jarjar\metadata.json from bwncr-neoforge-1.21.1-3.20.3.jar, it does not contain dependency information.
[25nov2025 22:14:42.986] [main/TRACE] [net.neoforged.fml.loading.moddiscovery.locators.JarInJarDependencyLocator/]: Failed to load resource META-INF\jarjar\metadata.json from observable-5.4.4.jar, it does not contain dependency information.
[25nov2025 22:14:42.986] [main/TRACE] [net.neoforged.fml.loading.moddiscovery.locators.JarInJarDependencyLocator/]: Failed to load resource META-INF\jarjar\metadata.json from atlas_api-1.21.1-1.2.0.jar, it does not contain dependency information.
[25nov2025 22:14:42.986] [main/TRACE] [net.neoforged.fml.loading.moddiscovery.locators.JarInJarDependencyLocator/]: Failed to load resource META-INF\jarjar\metadata.json from pamhc2trees-NEOFORGE-1.21.1-1.0.4.jar, it does not contain dependency information.
[25nov2025 22:14:42.986] [main/TRACE] [net.neoforged.fml.loading.moddiscovery.locators.JarInJarDependencyLocator/]: Failed to load resource META-INF\jarjar\metadata.json from redstonepen-1.21-neoforge-1.11.42.jar, it does not contain dependency information.
[25nov2025 22:14:42.986] [main/TRACE] [net.neoforged.fml.loading.moddiscovery.locators.JarInJarDependencyLocator/]: Failed to load resource META-INF\jarjar\metadata.json from Oh-The-Biomes-Weve-Gone-NeoForge-2.5.1.jar, it does not contain dependency information.
[25nov2025 22:14:42.986] [main/TRACE] [net.neoforged.fml.loading.moddiscovery.locators.JarInJarDependencyLocator/]: Failed to load resource META-INF\jarjar\metadata.json from dyenamics-1.21.1-3.4.2.jar, it does not contain dependency information.
[25nov2025 22:14:42.986] [main/TRACE] [net.neoforged.fml.loading.moddiscovery.locators.JarInJarDependencyLocator/]: Failed to load resource META-INF\jarjar\metadata.json from reap-neoforge-1.21.1-1.1.2.jar, it does not contain dependency information.
[25nov2025 22:14:42.986] [main/TRACE] [net.neoforged.fml.loading.moddiscovery.locators.JarInJarDependencyLocator/]: Failed to load resource META-INF\jarjar\metadata.json from illagerwarship-1.0.1-neoforge-1.21.1.jar, it does not contain dependency information.
[25nov2025 22:14:42.986] [main/TRACE] [net.neoforged.fml.loading.moddiscovery.locators.JarInJarDependencyLocator/]: Failed to load resource META-INF\jarjar\metadata.json from Clumps-neoforge-1.21.1-19.0.0.1.jar, it does not contain dependency information.
[25nov2025 22:14:42.986] [main/TRACE] [net.neoforged.fml.loading.moddiscovery.locators.JarInJarDependencyLocator/]: Failed to load resource META-INF\jarjar\metadata.json from restrictions-1.21-7.0.3.jar, it does not contain dependency information.
[25nov2025 22:14:42.986] [main/TRACE] [net.neoforged.fml.loading.moddiscovery.locators.JarInJarDependencyLocator/]: Failed to load resource META-INF\jarjar\metadata.json from ExplorersCompass-1.21.1-3.0.3-neoforge.jar, it does not contain dependency information.
[25nov2025 22:14:42.986] [main/TRACE] [net.neoforged.fml.loading.moddiscovery.locators.JarInJarDependencyLocator/]: Failed to load resource META-INF\jarjar\metadata.json from ToastControl-1.21.1-9.0.1.jar, it does not contain dependency information.
[25nov2025 22:14:42.986] [main/TRACE] [net.neoforged.fml.loading.moddiscovery.locators.JarInJarDependencyLocator/]: Failed to load resource META-INF\jarjar\metadata.json from mininggadgets-1.18.6.jar, it does not contain dependency information.
[25nov2025 22:14:42.987] [main/TRACE] [net.neoforged.fml.loading.moddiscovery.locators.JarInJarDependencyLocator/]: Failed to load resource META-INF\jarjar\metadata.json from theurgy_kubejs-1.21.1-neoforge-1.5.1.jar, it does not contain dependency information.
[25nov2025 22:14:42.987] [main/TRACE] [net.neoforged.fml.loading.moddiscovery.locators.JarInJarDependencyLocator/]: Failed to load resource META-INF\jarjar\metadata.json from trophymanager-1.21.1-2.3.0.jar, it does not contain dependency information.
[25nov2025 22:14:42.987] [main/TRACE] [net.neoforged.fml.loading.moddiscovery.locators.JarInJarDependencyLocator/]: Failed to load resource META-INF\jarjar\metadata.json from AkashicTome-1.8-29.jar, it does not contain dependency information.
[25nov2025 22:14:42.987] [main/TRACE] [net.neoforged.fml.loading.moddiscovery.locators.JarInJarDependencyLocator/]: Failed to load resource META-INF\jarjar\metadata.json from ftb-chunks-neoforge-2101.1.13.jar, it does not contain dependency information.
[25nov2025 22:14:42.987] [main/TRACE] [net.neoforged.fml.loading.moddiscovery.locators.JarInJarDependencyLocator/]: Failed to load resource META-INF\jarjar\metadata.json from BrandonsCore-1.21.1-3.2.1.309.jar, it does not contain dependency information.
[25nov2025 22:14:42.987] [main/TRACE] [net.neoforged.fml.loading.moddiscovery.locators.JarInJarDependencyLocator/]: Failed to load resource META-INF\jarjar\metadata.json from repeatable_trial_vaults-neoforge-1.21-1.0.2.jar, it does not contain dependency information.
[25nov2025 22:14:42.987] [main/TRACE] [net.neoforged.fml.loading.moddiscovery.locators.JarInJarDependencyLocator/]: Failed to load resource META-INF\jarjar\metadata.json from MysticalAgriculture-1.21.1-8.0.20.jar, it does not contain dependency information.
[25nov2025 22:14:42.987] [main/TRACE] [net.neoforged.fml.loading.moddiscovery.locators.JarInJarDependencyLocator/]: Failed to load resource META-INF\jarjar\metadata.json from craftingtweaks-neoforge-1.21.1-21.1.6.jar, it does not contain dependency information.
[25nov2025 22:14:42.987] [main/TRACE] [net.neoforged.fml.loading.moddiscovery.locators.JarInJarDependencyLocator/]: Failed to load resource META-INF\jarjar\metadata.json from endermanoverhaul-neoforge-1.21.1-2.0.2.jar, it does not contain dependency information.
[25nov2025 22:14:42.987] [main/TRACE] [net.neoforged.fml.loading.moddiscovery.locators.JarInJarDependencyLocator/]: Failed to load resource META-INF\jarjar\metadata.json from ApothicSpawners-1.21.1-1.3.2.jar, it does not contain dependency information.
[25nov2025 22:14:42.987] [main/TRACE] [net.neoforged.fml.loading.moddiscovery.locators.JarInJarDependencyLocator/]: Failed to load resource META-INF\jarjar\metadata.json from ftb-jei-extras-21.1.7.jar, it does not contain dependency information.
[25nov2025 22:14:42.987] [main/TRACE] [net.neoforged.fml.loading.moddiscovery.locators.JarInJarDependencyLocator/]: Failed to load resource META-INF\jarjar\metadata.json from easy-villagers-neoforge-1.21.1-1.1.39.jar, it does not contain dependency information.
[25nov2025 22:14:42.987] [main/TRACE] [net.neoforged.fml.loading.moddiscovery.locators.JarInJarDependencyLocator/]: Failed to load resource META-INF\jarjar\metadata.json from reliquary-1.21.1-2.0.62.1310.jar, it does not contain dependency information.
[25nov2025 22:14:42.987] [main/TRACE] [net.neoforged.fml.loading.moddiscovery.locators.JarInJarDependencyLocator/]: Failed to load resource META-INF\jarjar\metadata.json from mes-1.4.6-1.21.jar, it does not contain dependency information.
[25nov2025 22:14:42.987] [main/TRACE] [net.neoforged.fml.loading.moddiscovery.locators.JarInJarDependencyLocator/]: Failed to load resource META-INF\jarjar\metadata.json from polyeng-0.4.1.jar, it does not contain dependency information.
[25nov2025 22:14:42.987] [main/TRACE] [net.neoforged.fml.loading.moddiscovery.locators.JarInJarDependencyLocator/]: Failed to load resource META-INF\jarjar\metadata.json from FastWorkbench-1.21.1-9.1.3.jar, it does not contain dependency information.
[25nov2025 22:14:42.987] [main/TRACE] [net.neoforged.fml.loading.moddiscovery.locators.JarInJarDependencyLocator/]: Failed to load resource META-INF\jarjar\metadata.json from FluxNetworks-1.21.1-8.0.0.jar, it does not contain dependency information.
[25nov2025 22:14:42.987] [main/TRACE] [net.neoforged.fml.loading.moddiscovery.locators.JarInJarDependencyLocator/]: Failed to load resource META-INF\jarjar\metadata.json from irons_spellbooks-1.21.1-3.14.6.jar, it does not contain dependency information.
[25nov2025 22:14:42.987] [main/TRACE] [net.neoforged.fml.loading.moddiscovery.locators.JarInJarDependencyLocator/]: Failed to load resource META-INF\jarjar\metadata.json from buildinggadgets2-1.3.9.jar, it does not contain dependency information.
[25nov2025 22:14:42.988] [main/TRACE] [net.neoforged.fml.loading.moddiscovery.locators.JarInJarDependencyLocator/]: Failed to load resource META-INF\jarjar\metadata.json from minecolonies-1.1.1194-1.21.1-snapshot.jar, it does not contain dependency information.
[25nov2025 22:14:42.988] [main/TRACE] [net.neoforged.fml.loading.moddiscovery.locators.JarInJarDependencyLocator/]: Failed to load resource META-INF\jarjar\metadata.json from pylons-1.21.1-5.2.1.jar, it does not contain dependency information.
[25nov2025 22:14:42.988] [main/TRACE] [net.neoforged.fml.loading.moddiscovery.locators.JarInJarDependencyLocator/]: Failed to load resource META-INF\jarjar\metadata.json from ferritecore-7.0.2-neoforge.jar, it does not contain dependency information.
[25nov2025 22:14:42.988] [main/TRACE] [net.neoforged.fml.loading.moddiscovery.locators.JarInJarDependencyLocator/]: Failed to load resource META-INF\jarjar\metadata.json from functionalstorage-1.21.1-1.5.5.jar, it does not contain dependency information.
[25nov2025 22:14:42.988] [main/TRACE] [net.neoforged.fml.loading.moddiscovery.locators.JarInJarDependencyLocator/]: Failed to load resource META-INF\jarjar\metadata.json from modular-routers-13.2.3+mc1.21.1.jar, it does not contain dependency information.
[25nov2025 22:14:42.988] [main/TRACE] [net.neoforged.fml.loading.moddiscovery.locators.JarInJarDependencyLocator/]: Failed to load resource META-INF\jarjar\metadata.json from silentgems-1.21.1-neoforge-5.1.2.1.jar, it does not contain dependency information.
[25nov2025 22:14:42.988] [main/TRACE] [net.neoforged.fml.loading.moddiscovery.locators.JarInJarDependencyLocator/]: Failed to load resource META-INF\jarjar\metadata.json from rarcompat-1.21-0.9.6.jar, it does not contain dependency information.
[25nov2025 22:14:42.988] [main/TRACE] [net.neoforged.fml.loading.moddiscovery.locators.JarInJarDependencyLocator/]: Failed to load resource META-INF\jarjar\metadata.json from occultism_kubejs-1.21.1-neoforge-1.10.0.jar, it does not contain dependency information.
[25nov2025 22:14:42.988] [main/TRACE] [net.neoforged.fml.loading.moddiscovery.locators.JarInJarDependencyLocator/]: Failed to load resource META-INF\jarjar\metadata.json from valhelsia_core-neoforge-1.21.1-1.1.5.jar, it does not contain dependency information.
[25nov2025 22:14:42.988] [main/TRACE] [net.neoforged.fml.loading.moddiscovery.locators.JarInJarDependencyLocator/]: Failed to load resource META-INF\jarjar\metadata.json from overloadedarmorbar-neoforge-1.21-2.jar, it does not contain dependency information.
[25nov2025 22:14:42.988] [main/TRACE] [net.neoforged.fml.loading.moddiscovery.locators.JarInJarDependencyLocator/]: Failed to load resource META-INF\jarjar\metadata.json from create-enchantment-industry-2.2.5b.jar, it does not contain dependency information.
[25nov2025 22:14:42.988] [main/TRACE] [net.neoforged.fml.loading.moddiscovery.locators.JarInJarDependencyLocator/]: Failed to load resource META-INF\jarjar\metadata.json from OpenLoader-neoforge-1.21.1-21.1.5.jar, it does not contain dependency information.
[25nov2025 22:14:42.988] [main/TRACE] [net.neoforged.fml.loading.moddiscovery.locators.JarInJarDependencyLocator/]: Failed to load resource META-INF\jarjar\metadata.json from flickerfix-1.21.0.jar, it does not contain dependency information.
[25nov2025 22:14:42.988] [main/TRACE] [net.neoforged.fml.loading.moddiscovery.locators.JarInJarDependencyLocator/]: Failed to load resource META-INF\jarjar\metadata.json from createaddition-1.5.8.jar, it does not contain dependency information.
[25nov2025 22:14:42.988] [main/TRACE] [net.neoforged.fml.loading.moddiscovery.locators.JarInJarDependencyLocator/]: Failed to load resource META-INF\jarjar\metadata.json from supermartijn642configlib-1.1.8-neoforge-mc1.21.jar, it does not contain dependency information.
[25nov2025 22:14:42.988] [main/TRACE] [net.neoforged.fml.loading.moddiscovery.locators.JarInJarDependencyLocator/]: Failed to load resource META-INF\jarjar\metadata.json from AdditionalEnchantedMiner-1.21.1-neoforge-21.1.135.jar, it does not contain dependency information.
[25nov2025 22:14:42.988] [main/TRACE] [net.neoforged.fml.loading.moddiscovery.locators.JarInJarDependencyLocator/]: Failed to load resource META-INF\jarjar\metadata.json from UndergroundVillages-neoforge-1.21.1-4.0.3.jar, it does not contain dependency information.
[25nov2025 22:14:42.988] [main/TRACE] [net.neoforged.fml.loading.moddiscovery.locators.JarInJarDependencyLocator/]: Failed to load resource META-INF\jarjar\metadata.json from variantsandventures-neoforge-1.0.19+mc1.21.1.jar, it does not contain dependency information.
[25nov2025 22:14:42.988] [main/TRACE] [net.neoforged.fml.loading.moddiscovery.locators.JarInJarDependencyLocator/]: Failed to load resource META-INF\jarjar\metadata.json from player-animation-lib-forge-2.0.1+1.21.1.jar, it does not contain dependency information.
[25nov2025 22:14:42.988] [main/TRACE] [net.neoforged.fml.loading.moddiscovery.locators.JarInJarDependencyLocator/]: Failed to load resource META-INF\jarjar\metadata.json from mcw-mcwwindows-2.4.1-mc1.21.1neoforge.jar, it does not contain dependency information.
[25nov2025 22:14:42.988] [main/TRACE] [net.neoforged.fml.loading.moddiscovery.locators.JarInJarDependencyLocator/]: Failed to load resource META-INF\jarjar\metadata.json from IronJetpacks-1.21.1-8.0.11.jar, it does not contain dependency information.
[25nov2025 22:14:42.988] [main/TRACE] [net.neoforged.fml.loading.moddiscovery.locators.JarInJarDependencyLocator/]: Failed to load resource META-INF\jarjar\metadata.json from xnet-1.21-7.0.6.jar, it does not contain dependency information.
[25nov2025 22:14:42.988] [main/TRACE] [net.neoforged.fml.loading.moddiscovery.locators.JarInJarDependencyLocator/]: Failed to load resource META-INF\jarjar\metadata.json from CTM-1.21-1.2.1+3.jar, it does not contain dependency information.
[25nov2025 22:14:42.988] [main/TRACE] [net.neoforged.fml.loading.moddiscovery.locators.JarInJarDependencyLocator/]: Failed to load resource META-INF\jarjar\metadata.json from tesseract-api-neoforge-1.10.3-1.21.1.jar, it does not contain dependency information.
[25nov2025 22:14:42.988] [main/TRACE] [net.neoforged.fml.loading.moddiscovery.locators.JarInJarDependencyLocator/]: Failed to load resource META-INF\jarjar\metadata.json from everythingcopper-1.21.1-2.4.5.jar, it does not contain dependency information.
[25nov2025 22:14:42.988] [main/TRACE] [net.neoforged.fml.loading.moddiscovery.locators.JarInJarDependencyLocator/]: Failed to load resource META-INF\jarjar\metadata.json from Powah-6.2.6.jar, it does not contain dependency information.
[25nov2025 22:14:42.988] [main/TRACE] [net.neoforged.fml.loading.moddiscovery.locators.JarInJarDependencyLocator/]: Failed to load resource META-INF\jarjar\metadata.json from cabletiers-neoforge-1.21.1-0.6.8.jar, it does not contain dependency information.
[25nov2025 22:14:42.989] [main/TRACE] [net.neoforged.fml.loading.moddiscovery.locators.JarInJarDependencyLocator/]: Failed to load resource META-INF\jarjar\metadata.json from rangedpumps-1.3.0.jar, it does not contain dependency information.
[25nov2025 22:14:42.989] [main/TRACE] [net.neoforged.fml.loading.moddiscovery.locators.JarInJarDependencyLocator/]: Failed to load resource META-INF\jarjar\metadata.json from ae2importexportcard-1.21.1-1.4.1.jar, it does not contain dependency information.
[25nov2025 22:14:42.989] [main/TRACE] [net.neoforged.fml.loading.moddiscovery.locators.JarInJarDependencyLocator/]: Failed to load resource META-INF\jarjar\metadata.json from prickle-neoforge-1.21.1-21.1.11.jar, it does not contain dependency information.
[25nov2025 22:14:42.989] [main/TRACE] [net.neoforged.fml.loading.moddiscovery.locators.JarInJarDependencyLocator/]: Failed to load resource META-INF\jarjar\metadata.json from Modern-Dynamics-0.9.6.jar, it does not contain dependency information.
[25nov2025 22:14:42.989] [main/TRACE] [net.neoforged.fml.loading.moddiscovery.locators.JarInJarDependencyLocator/]: Failed to load resource META-INF\jarjar\metadata.json from GravitationalModulatingAdditionalUnit-1.21.1-6.4.jar, it does not contain dependency information.
[25nov2025 22:14:42.989] [main/TRACE] [net.neoforged.fml.loading.moddiscovery.locators.JarInJarDependencyLocator/]: Failed to load resource META-INF\jarjar\metadata.json from MysticalAgradditions-1.21.1-8.0.10.jar, it does not contain dependency information.
[25nov2025 22:14:42.989] [main/TRACE] [net.neoforged.fml.loading.moddiscovery.locators.JarInJarDependencyLocator/]: Failed to load resource META-INF\jarjar\metadata.json from [neoforge]ctov-3.5.10a.jar, it does not contain dependency information.
[25nov2025 22:14:42.989] [main/TRACE] [net.neoforged.fml.loading.moddiscovery.locators.JarInJarDependencyLocator/]: Failed to load resource META-INF\jarjar\metadata.json from eternalstarlight-0.6.1-hotfix+1.21.1+neoforge.jar, it does not contain dependency information.
[25nov2025 22:14:42.989] [main/TRACE] [net.neoforged.fml.loading.moddiscovery.locators.JarInJarDependencyLocator/]: Failed to load resource META-INF\jarjar\metadata.json from athena-neoforge-1.21-4.0.2.jar, it does not contain dependency information.
[25nov2025 22:14:42.989] [main/TRACE] [net.neoforged.fml.loading.moddiscovery.locators.JarInJarDependencyLocator/]: Failed to load resource META-INF\jarjar\metadata.json from stylecolonies-1.15.41-1.21.1.jar, it does not contain dependency information.
[25nov2025 22:14:42.989] [main/TRACE] [net.neoforged.fml.loading.moddiscovery.locators.JarInJarDependencyLocator/]: Failed to load resource META-INF\jarjar\metadata.json from novillagerdm-1.21.1-6.0.0.jar, it does not contain dependency information.
[25nov2025 22:14:42.989] [main/TRACE] [net.neoforged.fml.loading.moddiscovery.locators.JarInJarDependencyLocator/]: Failed to load resource META-INF\jarjar\metadata.json from lmft-1.1.1+1.21.9-neoforge.jar, it does not contain dependency information.
[25nov2025 22:14:42.989] [main/TRACE] [net.neoforged.fml.loading.moddiscovery.locators.JarInJarDependencyLocator/]: Failed to load resource META-INF\jarjar\metadata.json from alltheores-3.1.8_neoforge_1.21.1.jar, it does not contain dependency information.
[25nov2025 22:14:42.989] [main/TRACE] [net.neoforged.fml.loading.moddiscovery.locators.JarInJarDependencyLocator/]: Failed to load resource META-INF\jarjar\metadata.json from Glodium-1.21-2.2-neoforge.jar, it does not contain dependency information.
[25nov2025 22:14:42.989] [main/TRACE] [net.neoforged.fml.loading.moddiscovery.locators.JarInJarDependencyLocator/]: Failed to load resource META-INF\jarjar\metadata.json from torchmaster-neoforge-1.21.1-21.1.9.jar, it does not contain dependency information.
[25nov2025 22:14:42.989] [main/TRACE] [net.neoforged.fml.loading.moddiscovery.locators.JarInJarDependencyLocator/]: Failed to load resource META-INF\jarjar\metadata.json from sussysniffers-1.21.1-0.1.3.jar, it does not contain dependency information.
[25nov2025 22:14:42.989] [main/TRACE] [net.neoforged.fml.loading.moddiscovery.locators.JarInJarDependencyLocator/]: Failed to load resource META-INF\jarjar\metadata.json from botanytrees-neoforge-1.21.1-21.1.1.jar, it does not contain dependency information.
[25nov2025 22:14:42.989] [main/TRACE] [net.neoforged.fml.loading.moddiscovery.locators.JarInJarDependencyLocator/]: Failed to load resource META-INF\jarjar\metadata.json from Explorify v1.6.4 f15-88.mod.jar, it does not contain dependency information.
[25nov2025 22:14:42.989] [main/TRACE] [net.neoforged.fml.loading.moddiscovery.locators.JarInJarDependencyLocator/]: Failed to load resource META-INF\jarjar\metadata.json from ironfurnaces-neoforge-1.21.1-4.3.2.jar, it does not contain dependency information.
[25nov2025 22:14:42.989] [main/TRACE] [net.neoforged.fml.loading.moddiscovery.locators.JarInJarDependencyLocator/]: Failed to load resource META-INF\jarjar\metadata.json from mcw-trapdoors-1.1.4-mc1.21.1neoforge.jar, it does not contain dependency information.
[25nov2025 22:14:42.989] [main/TRACE] [net.neoforged.fml.loading.moddiscovery.locators.JarInJarDependencyLocator/]: Failed to load resource META-INF\jarjar\metadata.json from silent-gear-1.21.1-neoforge-4.0.29.jar, it does not contain dependency information.
[25nov2025 22:14:42.989] [main/TRACE] [net.neoforged.fml.loading.moddiscovery.locators.JarInJarDependencyLocator/]: Failed to load resource META-INF\jarjar\metadata.json from supermartijn642corelib-1.1.18a-neoforge-mc1.21.jar, it does not contain dependency information.
[25nov2025 22:14:42.990] [main/TRACE] [net.neoforged.fml.loading.moddiscovery.locators.JarInJarDependencyLocator/]: Failed to load resource META-INF\jarjar\metadata.json from ApothicAttributes-1.21.1-2.9.0.jar, it does not contain dependency information.
[25nov2025 22:14:42.990] [main/TRACE] [net.neoforged.fml.loading.moddiscovery.locators.JarInJarDependencyLocator/]: Failed to load resource META-INF\jarjar\metadata.json from resourcefulconfig-neoforge-1.21-3.0.11.jar, it does not contain dependency information.
[25nov2025 22:14:42.990] [main/TRACE] [net.neoforged.fml.loading.moddiscovery.locators.JarInJarDependencyLocator/]: Failed to load resource META-INF\jarjar\metadata.json from curios-neoforge-9.5.1+1.21.1.jar, it does not contain dependency information.
[25nov2025 22:14:42.990] [main/TRACE] [net.neoforged.fml.loading.moddiscovery.locators.JarInJarDependencyLocator/]: Failed to load resource META-INF\jarjar\metadata.json from Searchables-neoforge-1.21.1-1.0.2.jar, it does not contain dependency information.
[25nov2025 22:14:42.990] [main/TRACE] [net.neoforged.fml.loading.moddiscovery.locators.JarInJarDependencyLocator/]: Failed to load resource META-INF\jarjar\metadata.json from Measurements-neoforge-1.21.1-3.0.3.jar, it does not contain dependency information.
[25nov2025 22:14:42.990] [main/TRACE] [net.neoforged.fml.loading.moddiscovery.locators.JarInJarDependencyLocator/]: Failed to load resource META-INF\jarjar\metadata.json from FramedBlocks-10.5.1.jar, it does not contain dependency information.
[25nov2025 22:14:42.990] [main/TRACE] [net.neoforged.fml.loading.moddiscovery.locators.JarInJarDependencyLocator/]: Failed to load resource META-INF\jarjar\metadata.json from ars_technica-1.21.1-2.4.0.jar, it does not contain dependency information.
[25nov2025 22:14:42.990] [main/TRACE] [net.neoforged.fml.loading.moddiscovery.locators.JarInJarDependencyLocator/]: Failed to load resource META-INF\jarjar\metadata.json from deimos-1.21.1-neoforge-2.4.jar, it does not contain dependency information.
[25nov2025 22:14:42.990] [main/TRACE] [net.neoforged.fml.loading.moddiscovery.locators.JarInJarDependencyLocator/]: Failed to load resource META-INF\jarjar\metadata.json from mcw-furniture-3.4.0-mc1.21.1neoforge.jar, it does not contain dependency information.
[25nov2025 22:14:42.990] [main/TRACE] [net.neoforged.fml.loading.moddiscovery.locators.JarInJarDependencyLocator/]: Failed to load resource META-INF\jarjar\metadata.json from ApothicEnchanting-1.21.1-1.5.0.jar, it does not contain dependency information.
[25nov2025 22:14:42.990] [main/TRACE] [net.neoforged.fml.loading.moddiscovery.locators.JarInJarDependencyLocator/]: Failed to load resource META-INF\jarjar\metadata.json from mekanisticrouters-1.1.1.jar, it does not contain dependency information.
[25nov2025 22:14:42.990] [main/TRACE] [net.neoforged.fml.loading.moddiscovery.locators.JarInJarDependencyLocator/]: Failed to load resource META-INF\jarjar\metadata.json from YungsBetterMineshafts-1.21.1-NeoForge-5.1.1.jar, it does not contain dependency information.
[25nov2025 22:14:42.990] [main/TRACE] [net.neoforged.fml.loading.moddiscovery.locators.JarInJarDependencyLocator/]: Failed to load resource META-INF\jarjar\metadata.json from crafting_on_a_stick-1.21.0.2.jar, it does not contain dependency information.
[25nov2025 22:14:42.990] [main/TRACE] [net.neoforged.fml.loading.moddiscovery.locators.JarInJarDependencyLocator/]: Failed to load resource META-INF\jarjar\metadata.json from ae2jeiintegration-1.2.0.jar, it does not contain dependency information.
[25nov2025 22:14:42.990] [main/TRACE] [net.neoforged.fml.loading.moddiscovery.locators.JarInJarDependencyLocator/]: Failed to load resource META-INF\jarjar\metadata.json from mekanismcovers-1.3-BETA+1.21.jar, it does not contain dependency information.
[25nov2025 22:14:42.990] [main/TRACE] [net.neoforged.fml.loading.moddiscovery.locators.JarInJarDependencyLocator/]: Failed to load resource META-INF\jarjar\metadata.json from ftb-library-neoforge-2101.1.26.jar, it does not contain dependency information.
[25nov2025 22:14:42.990] [main/TRACE] [net.neoforged.fml.loading.moddiscovery.locators.JarInJarDependencyLocator/]: Failed to load resource META-INF\jarjar\metadata.json from formationsnether-1.0.5-mc1.21+.jar, it does not contain dependency information.
[25nov2025 22:14:42.990] [main/TRACE] [net.neoforged.fml.loading.moddiscovery.locators.JarInJarDependencyLocator/]: Failed to load resource META-INF\jarjar\metadata.json from jei-1.21.1-neoforge-19.25.0.325.jar, it does not contain dependency information.
[25nov2025 22:14:42.990] [main/TRACE] [net.neoforged.fml.loading.moddiscovery.locators.JarInJarDependencyLocator/]: Failed to load resource META-INF\jarjar\metadata.json from multipiston-1.2.58-1.21.1.jar, it does not contain dependency information.
[25nov2025 22:14:42.990] [main/TRACE] [net.neoforged.fml.loading.moddiscovery.locators.JarInJarDependencyLocator/]: Failed to load resource META-INF\jarjar\metadata.json from lithostitched-1.5.0-neoforge-1.21.1.jar, it does not contain dependency information.
[25nov2025 22:14:42.990] [main/TRACE] [net.neoforged.fml.loading.moddiscovery.locators.JarInJarDependencyLocator/]: Failed to load resource META-INF\jarjar\metadata.json from dyenamicsandfriends-1.21.1-2.2.2.jar, it does not contain dependency information.
[25nov2025 22:14:42.990] [main/TRACE] [net.neoforged.fml.loading.moddiscovery.locators.JarInJarDependencyLocator/]: Failed to load resource META-INF\jarjar\metadata.json from Mekanism-1.21.1-10.7.17.83.jar, it does not contain dependency information.
[25nov2025 22:14:42.990] [main/TRACE] [net.neoforged.fml.loading.moddiscovery.locators.JarInJarDependencyLocator/]: Failed to load resource META-INF\jarjar\metadata.json from invtweaks-1.21.1-1.3.2.jar, it does not contain dependency information.
[25nov2025 22:14:42.990] [main/TRACE] [net.neoforged.fml.loading.moddiscovery.locators.JarInJarDependencyLocator/]: Failed to load resource META-INF\jarjar\metadata.json from NaturesCompass-1.21.1-3.0.3-neoforge.jar, it does not contain dependency information.
[25nov2025 22:14:42.990] [main/TRACE] [net.neoforged.fml.loading.moddiscovery.locators.JarInJarDependencyLocator/]: Failed to load resource META-INF\jarjar\metadata.json from jumpboat-1.21.0-1.0.5.jar, it does not contain dependency information.
[25nov2025 22:14:42.990] [main/TRACE] [net.neoforged.fml.loading.moddiscovery.locators.JarInJarDependencyLocator/]: Failed to load resource META-INF\jarjar\metadata.json from catjammies-1.21-1.7.1.jar, it does not contain dependency information.
[25nov2025 22:14:42.990] [main/TRACE] [net.neoforged.fml.loading.moddiscovery.locators.JarInJarDependencyLocator/]: Failed to load resource META-INF\jarjar\metadata.json from pneumaticcraft-repressurized-8.2.13+mc1.21.1.jar, it does not contain dependency information.
[25nov2025 22:14:42.990] [main/TRACE] [net.neoforged.fml.loading.moddiscovery.locators.JarInJarDependencyLocator/]: Failed to load resource META-INF\jarjar\metadata.json from IceAndFireCE-1.1-1.21.1-neoforge.jar, it does not contain dependency information.
[25nov2025 22:14:42.991] [main/TRACE] [net.neoforged.fml.loading.moddiscovery.locators.JarInJarDependencyLocator/]: Failed to load resource META-INF\jarjar\metadata.json from formations-1.0.4-neoforge-mc1.21.jar, it does not contain dependency information.
[25nov2025 22:14:42.991] [main/TRACE] [net.neoforged.fml.loading.moddiscovery.locators.JarInJarDependencyLocator/]: Failed to load resource META-INF\jarjar\metadata.json from crystalix-2.2.1.jar, it does not contain dependency information.
[25nov2025 22:14:42.991] [main/TRACE] [net.neoforged.fml.loading.moddiscovery.locators.JarInJarDependencyLocator/]: Failed to load resource META-INF\jarjar\metadata.json from mcw-mcwpaths-1.1.1-mc1.21.1neoforge.jar, it does not contain dependency information.
[25nov2025 22:14:42.991] [main/TRACE] [net.neoforged.fml.loading.moddiscovery.locators.JarInJarDependencyLocator/]: Failed to load resource META-INF\jarjar\metadata.json from ZeroCore2-1.21.1-2.4.20.jar, it does not contain dependency information.
[25nov2025 22:14:42.991] [main/TRACE] [net.neoforged.fml.loading.moddiscovery.locators.JarInJarDependencyLocator/]: Failed to load resource META-INF\jarjar\metadata.json from formationsoverworld-1.0.5-mc1.21+.jar, it does not contain dependency information.
[25nov2025 22:14:42.991] [main/TRACE] [net.neoforged.fml.loading.moddiscovery.locators.JarInJarDependencyLocator/]: Failed to load resource META-INF\jarjar\metadata.json from MouseTweaks-neoforge-mc1.21-2.26.1.jar, it does not contain dependency information.
[25nov2025 22:14:42.991] [main/TRACE] [net.neoforged.fml.loading.moddiscovery.locators.JarInJarDependencyLocator/]: Failed to load resource META-INF\jarjar\metadata.json from ftb-quests-neoforge-2101.1.18.jar, it does not contain dependency information.
[25nov2025 22:14:42.991] [main/TRACE] [net.neoforged.fml.loading.moddiscovery.locators.JarInJarDependencyLocator/]: Failed to load resource META-INF\jarjar\metadata.json from NoChatReports-NEOFORGE-1.21.1-v2.9.1.jar, it does not contain dependency information.
[25nov2025 22:14:42.991] [main/TRACE] [net.neoforged.fml.loading.moddiscovery.locators.JarInJarDependencyLocator/]: Failed to load resource META-INF\jarjar\metadata.json from allthemodium-2.9.4_mc_1.21.1.jar, it does not contain dependency information.
[25nov2025 22:14:42.991] [main/TRACE] [net.neoforged.fml.loading.moddiscovery.locators.JarInJarDependencyLocator/]: Failed to load resource META-INF\jarjar\metadata.json from Oh-The-Trees-Youll-Grow-neoforge-1.21.1-5.1.2.jar, it does not contain dependency information.
[25nov2025 22:14:42.991] [main/TRACE] [net.neoforged.fml.loading.moddiscovery.locators.JarInJarDependencyLocator/]: Failed to load resource META-INF\jarjar\metadata.json from create_aquatic_ambitions-1.21.1-2.0.2.jar, it does not contain dependency information.
[25nov2025 22:14:42.992] [main/TRACE] [net.neoforged.fml.loading.moddiscovery.locators.JarInJarDependencyLocator/]: Failed to load resource META-INF\jarjar\metadata.json from pipez-neoforge-1.21.1-1.2.19.jar, it does not contain dependency information.
[25nov2025 22:14:42.992] [main/TRACE] [net.neoforged.fml.loading.moddiscovery.locators.JarInJarDependencyLocator/]: Failed to load resource META-INF\jarjar\metadata.json from integrateddynamics-1.21.1-neoforge-1.29.0-1359.jar, it does not contain dependency information.
[25nov2025 22:14:42.992] [main/TRACE] [net.neoforged.fml.loading.moddiscovery.locators.JarInJarDependencyLocator/]: Failed to load resource META-INF\jarjar\metadata.json from pamhc2foodcore-NEOFORGE-1.21.1-1.0.4.jar, it does not contain dependency information.
[25nov2025 22:14:42.992] [main/TRACE] [net.neoforged.fml.loading.moddiscovery.locators.JarInJarDependencyLocator/]: Failed to load resource META-INF\jarjar\metadata.json from megacells-4.10.1.jar, it does not contain dependency information.
[25nov2025 22:14:42.992] [main/TRACE] [net.neoforged.fml.loading.moddiscovery.locators.JarInJarDependencyLocator/]: Failed to load resource META-INF\jarjar\metadata.json from itemcollectors-1.1.10-neoforge-mc1.21.jar, it does not contain dependency information.
[25nov2025 22:14:42.992] [main/TRACE] [net.neoforged.fml.loading.moddiscovery.locators.JarInJarDependencyLocator/]: Failed to load resource META-INF\jarjar\metadata.json from imfast-NEOFORGE-1.0.2.jar, it does not contain dependency information.
[25nov2025 22:14:42.992] [main/TRACE] [net.neoforged.fml.loading.moddiscovery.locators.JarInJarDependencyLocator/]: Failed to load resource META-INF\jarjar\metadata.json from polymorph-neoforge-1.1.0+1.21.1.jar, it does not contain dependency information.
[25nov2025 22:14:42.992] [main/TRACE] [net.neoforged.fml.loading.moddiscovery.locators.JarInJarDependencyLocator/]: Failed to load resource META-INF\jarjar\metadata.json from railcraft-reborn-1.21.1-1.2.8.jar, it does not contain dependency information.
[25nov2025 22:14:42.992] [main/TRACE] [net.neoforged.fml.loading.moddiscovery.locators.JarInJarDependencyLocator/]: Failed to load resource META-INF\jarjar\metadata.json from connectedglass-1.1.14-neoforge-mc1.21.jar, it does not contain dependency information.
[25nov2025 22:14:42.992] [main/TRACE] [net.neoforged.fml.loading.moddiscovery.locators.JarInJarDependencyLocator/]: Failed to load resource META-INF\jarjar\metadata.json from ConstructionSticks-1.21.1-1.2.3.jar, it does not contain dependency information.
[25nov2025 22:14:42.992] [main/TRACE] [net.neoforged.fml.loading.moddiscovery.locators.JarInJarDependencyLocator/]: Failed to load resource META-INF\jarjar\metadata.json from Aquaculture-1.21.1-2.7.14.jar, it does not contain dependency information.
[25nov2025 22:14:42.992] [main/TRACE] [net.neoforged.fml.loading.moddiscovery.locators.JarInJarDependencyLocator/]: Failed to load resource META-INF\jarjar\metadata.json from refinedstorage-jei-integration-neoforge-1.0.0.jar, it does not contain dependency information.
[25nov2025 22:14:42.992] [main/TRACE] [net.neoforged.fml.loading.moddiscovery.locators.JarInJarDependencyLocator/]: Failed to load resource META-INF\jarjar\metadata.json from MoogsNetherStructures-1.21-2.0.0.jar, it does not contain dependency information.
[25nov2025 22:14:42.993] [main/TRACE] [net.neoforged.fml.loading.moddiscovery.locators.JarInJarDependencyLocator/]: Failed to load resource META-INF\jarjar\metadata.json from cyclopscore-1.21.1-neoforge-1.27.2.jar, it does not contain dependency information.
[25nov2025 22:14:42.993] [main/TRACE] [net.neoforged.fml.loading.moddiscovery.locators.JarInJarDependencyLocator/]: Failed to load resource META-INF\jarjar\metadata.json from refinedstorage-quartz-arsenal-neoforge-1.0.6.jar, it does not contain dependency information.
[25nov2025 22:14:42.993] [main/TRACE] [net.neoforged.fml.loading.moddiscovery.locators.JarInJarDependencyLocator/]: Failed to load resource META-INF\jarjar\metadata.json from YungsBetterWitchHuts-1.21.1-NeoForge-4.1.1.jar, it does not contain dependency information.
[25nov2025 22:14:42.993] [main/TRACE] [net.neoforged.fml.loading.moddiscovery.locators.JarInJarDependencyLocator/]: Failed to load resource META-INF\jarjar\metadata.json from netherportalfix-neoforge-1.21.1-21.1.1.jar, it does not contain dependency information.
[25nov2025 22:14:42.993] [main/TRACE] [net.neoforged.fml.loading.moddiscovery.locators.JarInJarDependencyLocator/]: Failed to load resource META-INF\jarjar\metadata.json from ars_additions-1.21.1-21.2.3.jar, it does not contain dependency information.
[25nov2025 22:14:42.993] [main/TRACE] [net.neoforged.fml.loading.moddiscovery.locators.JarInJarDependencyLocator/]: Failed to load resource META-INF\jarjar\metadata.json from geckolib-neoforge-1.21.1-4.8.2.jar, it does not contain dependency information.
[25nov2025 22:14:42.993] [main/TRACE] [net.neoforged.fml.loading.moddiscovery.locators.JarInJarDependencyLocator/]: Failed to load resource META-INF\jarjar\metadata.json from enderdrives-neoforge-1.21.1-1.4.4.jar, it does not contain dependency information.
[25nov2025 22:14:42.993] [main/TRACE] [net.neoforged.fml.loading.moddiscovery.locators.JarInJarDependencyLocator/]: Failed to load resource META-INF\jarjar\metadata.json from pocketstorage-1.2.5+1.21.1-b3.jar, it does not contain dependency information.
[25nov2025 22:14:42.993] [main/TRACE] [net.neoforged.fml.loading.moddiscovery.locators.JarInJarDependencyLocator/]: Failed to load resource META-INF\jarjar\metadata.json from incontrol-1.21-10.1.4.jar, it does not contain dependency information.
[25nov2025 22:14:42.993] [main/TRACE] [net.neoforged.fml.loading.moddiscovery.locators.JarInJarDependencyLocator/]: Failed to load resource META-INF\jarjar\metadata.json from connectivity-1.21.1-7.2.jar, it does not contain dependency information.
[25nov2025 22:14:42.993] [main/TRACE] [net.neoforged.fml.loading.moddiscovery.locators.JarInJarDependencyLocator/]: Failed to load resource META-INF\jarjar\metadata.json from cookingforblockheads-neoforge-1.21.1-21.1.17.jar, it does not contain dependency information.
[25nov2025 22:14:42.993] [main/TRACE] [net.neoforged.fml.loading.moddiscovery.locators.JarInJarDependencyLocator/]: Failed to load resource META-INF\jarjar\metadata.json from Controlling-neoforge-1.21.1-19.0.5.jar, it does not contain dependency information.
[25nov2025 22:14:42.993] [main/TRACE] [net.neoforged.fml.loading.moddiscovery.locators.JarInJarDependencyLocator/]: Failed to load resource META-INF\jarjar\metadata.json from potionsmaster-21.1.113-0.7.1-packdev.jar, it does not contain dependency information.
[25nov2025 22:14:42.993] [main/TRACE] [net.neoforged.fml.loading.moddiscovery.locators.JarInJarDependencyLocator/]: Failed to load resource META-INF\jarjar\metadata.json from storagedelight-25.06.24-1.21-neoforge.jar, it does not contain dependency information.
[25nov2025 22:14:42.993] [main/TRACE] [net.neoforged.fml.loading.moddiscovery.locators.JarInJarDependencyLocator/]: Failed to load resource META-INF\jarjar\metadata.json from relics-1.21.1-0.10.7.5.jar, it does not contain dependency information.
[25nov2025 22:14:42.993] [main/TRACE] [net.neoforged.fml.loading.moddiscovery.locators.JarInJarDependencyLocator/]: Failed to load resource META-INF\jarjar\metadata.json from generatorgalore-1.21.1-1.6.3.jar, it does not contain dependency information.
[25nov2025 22:14:42.993] [main/TRACE] [net.neoforged.fml.loading.moddiscovery.locators.JarInJarDependencyLocator/]: Failed to load resource META-INF\jarjar\metadata.json from herbsandharvest-1.21.1-2.jar, it does not contain dependency information.
[25nov2025 22:14:42.993] [main/TRACE] [net.neoforged.fml.loading.moddiscovery.locators.JarInJarDependencyLocator/]: Failed to load resource META-INF\jarjar\metadata.json from refinedstorage-mekanism-integration-1.1.1.jar, it does not contain dependency information.
[25nov2025 22:14:42.993] [main/TRACE] [net.neoforged.fml.loading.moddiscovery.locators.JarInJarDependencyLocator/]: Failed to load resource META-INF\jarjar\metadata.json from botanypotsmystical-neoforge-1.21.1-21.1.11.jar, it does not contain dependency information.
[25nov2025 22:14:42.993] [main/TRACE] [net.neoforged.fml.loading.moddiscovery.locators.JarInJarDependencyLocator/]: Failed to load resource META-INF\jarjar\metadata.json from dummmmmmy-1.21-2.0.11-neoforge.jar, it does not contain dependency information.
[25nov2025 22:14:42.993] [main/TRACE] [net.neoforged.fml.loading.moddiscovery.locators.JarInJarDependencyLocator/]: Failed to load resource META-INF\jarjar\metadata.json from mob_grinding_utils-1.1.10+mc1.21.1.jar, it does not contain dependency information.
[25nov2025 22:14:42.993] [main/TRACE] [net.neoforged.fml.loading.moddiscovery.locators.JarInJarDependencyLocator/]: Failed to load resource META-INF\jarjar\metadata.json from arseng-2.1.1-beta.jar, it does not contain dependency information.
[25nov2025 22:14:42.993] [main/TRACE] [net.neoforged.fml.loading.moddiscovery.locators.JarInJarDependencyLocator/]: Failed to load resource META-INF\jarjar\metadata.json from AppliedFlux-1.21-2.1.3-neoforge.jar, it does not contain dependency information.
[25nov2025 22:14:42.993] [main/TRACE] [net.neoforged.fml.loading.moddiscovery.locators.JarInJarDependencyLocator/]: Failed to load resource META-INF\jarjar\metadata.json from FarmersDelight-1.21.1-1.2.9.jar, it does not contain dependency information.
[25nov2025 22:14:42.993] [main/TRACE] [net.neoforged.fml.loading.moddiscovery.locators.JarInJarDependencyLocator/]: Failed to load resource META-INF\jarjar\metadata.json from entangled-1.3.20a-neoforge-mc1.21.jar, it does not contain dependency information.
[25nov2025 22:14:42.993] [main/TRACE] [net.neoforged.fml.loading.moddiscovery.locators.JarInJarDependencyLocator/]: Failed to load resource META-INF\jarjar\metadata.json from commoncapabilities-1.21.1-neoforge-2.11.0.jar, it does not contain dependency information.
[25nov2025 22:14:42.993] [main/TRACE] [net.neoforged.fml.loading.moddiscovery.locators.JarInJarDependencyLocator/]: Failed to load resource META-INF\jarjar\metadata.json from crashutilities-9.0.4.jar, it does not contain dependency information.
[25nov2025 22:14:42.994] [main/TRACE] [net.neoforged.fml.loading.moddiscovery.locators.JarInJarDependencyLocator/]: Failed to load resource META-INF\jarjar\metadata.json from getittogetherdrops-neoforge-1.21.5-1.4.jar, it does not contain dependency information.
[25nov2025 22:14:42.994] [main/TRACE] [net.neoforged.fml.loading.moddiscovery.locators.JarInJarDependencyLocator/]: Failed to load resource META-INF\jarjar\metadata.json from mcw-fences-1.2.0-1.21.1neoforge.jar, it does not contain dependency information.
[25nov2025 22:14:42.994] [main/TRACE] [net.neoforged.fml.loading.moddiscovery.locators.JarInJarDependencyLocator/]: Failed to load resource META-INF\jarjar\metadata.json from xycraft_world-0.7.53.jar, it does not contain dependency information.
[25nov2025 22:14:42.994] [main/TRACE] [net.neoforged.fml.loading.moddiscovery.locators.JarInJarDependencyLocator/]: Failed to load resource META-INF\jarjar\metadata.json from wirelesschargers-1.0.9a-neoforge-mc1.21.jar, it does not contain dependency information.
[25nov2025 22:14:42.994] [main/TRACE] [net.neoforged.fml.loading.moddiscovery.locators.JarInJarDependencyLocator/]: Failed to load resource META-INF\jarjar\metadata.json from merequester-neoforge-1.21.1-1.4.1.jar, it does not contain dependency information.
[25nov2025 22:14:42.994] [main/TRACE] [net.neoforged.fml.loading.moddiscovery.locators.JarInJarDependencyLocator/]: Failed to load resource META-INF\jarjar\metadata.json from pamhc2foodextended-NEOFORGE-1.21.1-1.0.0.jar, it does not contain dependency information.
[25nov2025 22:14:42.994] [main/TRACE] [net.neoforged.fml.loading.moddiscovery.locators.JarInJarDependencyLocator/]: Failed to load resource META-INF\jarjar\metadata.json from dysoncubeproject-1.0.2.jar, it does not contain dependency information.
[25nov2025 22:14:42.994] [main/TRACE] [net.neoforged.fml.loading.moddiscovery.locators.JarInJarDependencyLocator/]: Failed to load resource META-INF\jarjar\metadata.json from actuallyadditions-1.3.22+mc1.21.1.jar, it does not contain dependency information.
[25nov2025 22:14:42.994] [main/TRACE] [net.neoforged.fml.loading.moddiscovery.locators.JarInJarDependencyLocator/]: Failed to load resource META-INF\jarjar\metadata.json from Patchouli-1.21.1-92-NEOFORGE.jar, it does not contain dependency information.
[25nov2025 22:14:42.994] [main/TRACE] [net.neoforged.fml.loading.moddiscovery.locators.JarInJarDependencyLocator/]: Failed to load resource META-INF\jarjar\metadata.json from ars_controle-1.21.1-1.6.10.jar, it does not contain dependency information.
[25nov2025 22:14:42.994] [main/TRACE] [net.neoforged.fml.loading.moddiscovery.locators.JarInJarDependencyLocator/]: Failed to load resource META-INF\jarjar\metadata.json from sophisticatedstoragecreateintegration-1.21.1-0.1.13.54.jar, it does not contain dependency information.
[25nov2025 22:14:42.994] [main/TRACE] [net.neoforged.fml.loading.moddiscovery.locators.JarInJarDependencyLocator/]: Failed to load resource META-INF\jarjar\metadata.json from rftoolsstorage-1.21-6.0.4.jar, it does not contain dependency information.
[25nov2025 22:14:42.994] [main/TRACE] [net.neoforged.fml.loading.moddiscovery.locators.JarInJarDependencyLocator/]: Failed to load resource META-INF\jarjar\metadata.json from integratedtunnels-1.21.1-neoforge-1.9.1.jar, it does not contain dependency information.
[25nov2025 22:14:42.994] [main/TRACE] [net.neoforged.fml.loading.moddiscovery.locators.JarInJarDependencyLocator/]: Failed to load resource META-INF\jarjar\metadata.json from ftb-ultimine-neoforge-2101.1.12.jar, it does not contain dependency information.
[25nov2025 22:14:42.994] [main/TRACE] [net.neoforged.fml.loading.moddiscovery.locators.JarInJarDependencyLocator/]: Failed to load resource META-INF\jarjar\metadata.json from YungsBetterStrongholds-1.21.1-NeoForge-5.1.3.jar, it does not contain dependency information.
[25nov2025 22:14:42.994] [main/TRACE] [net.neoforged.fml.loading.moddiscovery.locators.JarInJarDependencyLocator/]: Failed to load resource META-INF\jarjar\metadata.json from mifa-neoforge-1.21.x-2.1.0.jar, it does not contain dependency information.
[25nov2025 22:14:42.994] [main/TRACE] [net.neoforged.fml.loading.moddiscovery.locators.JarInJarDependencyLocator/]: Failed to load resource META-INF\jarjar\metadata.json from chromacarvings-1.21.1-0.2.0.jar, it does not contain dependency information.
[25nov2025 22:14:42.994] [main/TRACE] [net.neoforged.fml.loading.moddiscovery.locators.JarInJarDependencyLocator/]: Failed to load resource META-INF\jarjar\metadata.json from MekanismTools-1.21.1-10.7.17.83.jar, it does not contain dependency information.
[25nov2025 22:14:42.994] [main/TRACE] [net.neoforged.fml.loading.moddiscovery.locators.JarInJarDependencyLocator/]: Failed to load resource META-INF\jarjar\metadata.json from deeperdarker-neoforge-1.21.1-1.3.5.jar, it does not contain dependency information.
[25nov2025 22:14:42.994] [main/TRACE] [net.neoforged.fml.loading.moddiscovery.locators.JarInJarDependencyLocator/]: Failed to load resource META-INF\jarjar\metadata.json from architectury-13.0.8-neoforge.jar, it does not contain dependency information.
[25nov2025 22:14:42.994] [main/TRACE] [net.neoforged.fml.loading.moddiscovery.locators.JarInJarDependencyLocator/]: Failed to load resource META-INF\jarjar\metadata.json from ExtremeReactors2-1.21.1-2.4.26.jar, it does not contain dependency information.
[25nov2025 22:14:42.994] [main/TRACE] [net.neoforged.fml.loading.moddiscovery.locators.JarInJarDependencyLocator/]: Failed to load resource META-INF\jarjar\metadata.json from refurbished_furniture-neoforge-1.21.1-1.0.20.jar, it does not contain dependency information.
[25nov2025 22:14:42.994] [main/TRACE] [net.neoforged.fml.loading.moddiscovery.locators.JarInJarDependencyLocator/]: Failed to load resource META-INF\jarjar\metadata.json from trashcans-1.0.18c-neoforge-mc1.21.jar, it does not contain dependency information.
[25nov2025 22:14:42.994] [main/TRACE] [net.neoforged.fml.loading.moddiscovery.locators.JarInJarDependencyLocator/]: Failed to load resource META-INF\jarjar\metadata.json from moogs_structures-1.0.1-1.21-1.21.1-neoforge.jar, it does not contain dependency information.
[25nov2025 22:14:42.994] [main/TRACE] [net.neoforged.fml.loading.moddiscovery.locators.JarInJarDependencyLocator/]: Failed to load resource META-INF\jarjar\metadata.json from justdirethings-1.5.5.jar, it does not contain dependency information.
[25nov2025 22:14:42.995] [main/TRACE] [net.neoforged.fml.loading.moddiscovery.locators.JarInJarDependencyLocator/]: Failed to load resource META-INF\jarjar\metadata.json from polylib-2100.1.0-build.183-neoforge.jar, it does not contain dependency information.
[25nov2025 22:14:42.995] [main/TRACE] [net.neoforged.fml.loading.moddiscovery.locators.JarInJarDependencyLocator/]: Failed to load resource META-INF\jarjar\metadata.json from t_and_t-neoforge-fabric-1.13.7+1.21.1.jar, it does not contain dependency information.
[25nov2025 22:14:42.995] [main/TRACE] [net.neoforged.fml.loading.moddiscovery.locators.JarInJarDependencyLocator/]: Failed to load resource META-INF\jarjar\metadata.json from merrymaking-1.21.1-10.jar, it does not contain dependency information.
[25nov2025 22:14:42.995] [main/TRACE] [net.neoforged.fml.loading.moddiscovery.locators.JarInJarDependencyLocator/]: Failed to load resource META-INF\jarjar\metadata.json from yeetusexperimentus-neoforge-87.0.0.jar, it does not contain dependency information.
[25nov2025 22:14:42.995] [main/TRACE] [net.neoforged.fml.loading.moddiscovery.locators.JarInJarDependencyLocator/]: Failed to load resource META-INF\jarjar\metadata.json from bibliowoods-1.21.1-1.6.0.jar, it does not contain dependency information.
[25nov2025 22:14:42.995] [main/TRACE] [net.neoforged.fml.loading.moddiscovery.locators.JarInJarDependencyLocator/]: Failed to load resource META-INF\jarjar\metadata.json from bibliobiomes-1.21.1-1.6.0.jar, it does not contain dependency information.
[25nov2025 22:14:42.995] [main/TRACE] [net.neoforged.fml.loading.moddiscovery.locators.JarInJarDependencyLocator/]: Failed to load resource META-INF\jarjar\metadata.json from irons_jewelry-1.21.1-1.5.3.jar, it does not contain dependency information.
[25nov2025 22:14:42.995] [main/TRACE] [net.neoforged.fml.loading.moddiscovery.locators.JarInJarDependencyLocator/]: Failed to load resource META-INF\jarjar\metadata.json from ftbquestslangsplitter-1.0.5.jar, it does not contain dependency information.
[25nov2025 22:14:42.995] [main/TRACE] [net.neoforged.fml.loading.moddiscovery.locators.JarInJarDependencyLocator/]: Failed to load resource META-INF\jarjar\metadata.json from villagesandpillages-neoforge-mc1.21.1-1.0.3.jar, it does not contain dependency information.
[25nov2025 22:14:42.995] [main/TRACE] [net.neoforged.fml.loading.moddiscovery.locators.JarInJarDependencyLocator/]: Failed to load resource META-INF\jarjar\metadata.json from rhino-2101.2.7-build.81.jar, it does not contain dependency information.
[25nov2025 22:14:42.995] [main/TRACE] [net.neoforged.fml.loading.moddiscovery.locators.JarInJarDependencyLocator/]: Failed to load resource META-INF\jarjar\metadata.json from RootsClassic-1.21.1-1.5.5.jar, it does not contain dependency information.
[25nov2025 22:14:42.995] [main/TRACE] [net.neoforged.fml.loading.moddiscovery.locators.JarInJarDependencyLocator/]: Failed to load resource META-INF\jarjar\metadata.json from Cucumber-1.21.1-8.0.15.jar, it does not contain dependency information.
[25nov2025 22:14:42.995] [main/TRACE] [net.neoforged.fml.loading.moddiscovery.locators.JarInJarDependencyLocator/]: Failed to load resource META-INF\jarjar\metadata.json from trashslot-neoforge-1.21.1-21.1.4.jar, it does not contain dependency information.
[25nov2025 22:14:42.995] [main/TRACE] [net.neoforged.fml.loading.moddiscovery.locators.JarInJarDependencyLocator/]: Failed to load resource META-INF\jarjar\metadata.json from amendments-1.21-2.0.8-neoforge.jar, it does not contain dependency information.
[25nov2025 22:14:42.995] [main/TRACE] [net.neoforged.fml.loading.moddiscovery.locators.JarInJarDependencyLocator/]: Failed to load resource META-INF\jarjar\metadata.json from blueflame-1.21.1-1.1.1.jar, it does not contain dependency information.
[25nov2025 22:14:42.995] [main/TRACE] [net.neoforged.fml.loading.moddiscovery.locators.JarInJarDependencyLocator/]: Failed to load resource META-INF\jarjar\metadata.json from sophisticatedstorage-1.21.1-1.5.15.1361.jar, it does not contain dependency information.
[25nov2025 22:14:42.995] [main/TRACE] [net.neoforged.fml.loading.moddiscovery.locators.JarInJarDependencyLocator/]: Failed to load resource META-INF\jarjar\metadata.json from MoogsSoaringStructures-1.21-2.0.0.jar, it does not contain dependency information.
[25nov2025 22:14:42.995] [main/TRACE] [net.neoforged.fml.loading.moddiscovery.locators.JarInJarDependencyLocator/]: Failed to load resource META-INF\jarjar\metadata.json from allthewizardgear-1.21.1-1.1.11.jar, it does not contain dependency information.
[25nov2025 22:14:42.995] [main/TRACE] [net.neoforged.fml.loading.moddiscovery.locators.JarInJarDependencyLocator/]: Failed to load resource META-INF\jarjar\metadata.json from industrialization_overdrive-1.10.5+1.21.1.jar, it does not contain dependency information.
[25nov2025 22:14:42.996] [main/TRACE] [net.neoforged.fml.loading.moddiscovery.locators.JarInJarDependencyLocator/]: Failed to load resource META-INF\jarjar\metadata.json from waystones-neoforge-1.21.1-21.1.23.jar, it does not contain dependency information.
[25nov2025 22:14:42.996] [main/TRACE] [net.neoforged.fml.loading.moddiscovery.locators.JarInJarDependencyLocator/]: Failed to load resource META-INF\jarjar\metadata.json from Structory_1.21.x_v1.3.12.jar, it does not contain dependency information.
[25nov2025 22:14:42.996] [main/TRACE] [net.neoforged.fml.loading.moddiscovery.locators.JarInJarDependencyLocator/]: Failed to load resource META-INF\jarjar\metadata.json from FastSuite-1.21.1-6.0.5.jar, it does not contain dependency information.
[25nov2025 22:14:42.996] [main/TRACE] [net.neoforged.fml.loading.moddiscovery.locators.JarInJarDependencyLocator/]: Failed to load resource META-INF\jarjar\metadata.json from DimStorage-1.21.1-9.1.0.jar, it does not contain dependency information.
[25nov2025 22:14:42.996] [main/TRACE] [net.neoforged.fml.loading.moddiscovery.locators.JarInJarDependencyLocator/]: Failed to load resource META-INF\jarjar\metadata.json from DungeonCrawl-NeoForge-1.21-2.3.15.jar, it does not contain dependency information.
[25nov2025 22:14:42.996] [main/TRACE] [net.neoforged.fml.loading.moddiscovery.locators.JarInJarDependencyLocator/]: Failed to load resource META-INF\jarjar\metadata.json from charginggadgets-1.14.1.jar, it does not contain dependency information.
[25nov2025 22:14:42.996] [main/TRACE] [net.neoforged.fml.loading.moddiscovery.locators.JarInJarDependencyLocator/]: Failed to load resource META-INF\jarjar\metadata.json from cobblegengalore-1.21.1-0.2.7.jar, it does not contain dependency information.
[25nov2025 22:14:42.996] [main/TRACE] [net.neoforged.fml.loading.moddiscovery.locators.JarInJarDependencyLocator/]: Failed to load resource META-INF\jarjar\metadata.json from xycraft_override-0.7.53.jar, it does not contain dependency information.
[25nov2025 22:14:42.996] [main/TRACE] [net.neoforged.fml.loading.moddiscovery.locators.JarInJarDependencyLocator/]: Failed to load resource META-INF\jarjar\metadata.json from mcjtylib-1.21-9.0.16.jar, it does not contain dependency information.
[25nov2025 22:14:42.996] [main/TRACE] [net.neoforged.fml.loading.moddiscovery.locators.JarInJarDependencyLocator/]: Failed to load resource META-INF\jarjar\metadata.json from YungsBetterDesertTemples-1.21.1-NeoForge-4.1.5.jar, it does not contain dependency information.
[25nov2025 22:14:42.996] [main/TRACE] [net.neoforged.fml.loading.moddiscovery.locators.JarInJarDependencyLocator/]: Failed to load resource META-INF\jarjar\metadata.json from guideme-21.1.15.jar, it does not contain dependency information.
[25nov2025 22:14:42.996] [main/TRACE] [net.neoforged.fml.loading.moddiscovery.locators.JarInJarDependencyLocator/]: Failed to load resource META-INF\jarjar\metadata.json from ScalableCatsForce-NeoForge-3.7.1-build-11-with-library.jar, it does not contain dependency information.
[25nov2025 22:14:42.996] [main/TRACE] [net.neoforged.fml.loading.moddiscovery.locators.JarInJarDependencyLocator/]: Failed to load resource META-INF\jarjar\metadata.json from mahoutsukai-1.21.1-v1.36.19.jar, it does not contain dependency information.
[25nov2025 22:14:42.996] [main/TRACE] [net.neoforged.fml.loading.moddiscovery.locators.JarInJarDependencyLocator/]: Failed to load resource META-INF\jarjar\metadata.json from EnderStorage-1.21.1-2.13.0.191.jar, it does not contain dependency information.
[25nov2025 22:14:42.996] [main/TRACE] [net.neoforged.fml.loading.moddiscovery.locators.JarInJarDependencyLocator/]: Failed to load resource META-INF\jarjar\metadata.json from factory_blocks-neoforge-1.4.0+mc1.21.1.jar, it does not contain dependency information.
[25nov2025 22:14:42.997] [main/TRACE] [net.neoforged.fml.loading.moddiscovery.locators.JarInJarDependencyLocator/]: Failed to load resource META-INF\jarjar\metadata.json from interdimensionalwirelesstransmitter-neoforge-1.21.1-0.1.5.jar, it does not contain dependency information.
[25nov2025 22:14:42.997] [main/TRACE] [net.neoforged.fml.loading.moddiscovery.locators.JarInJarDependencyLocator/]: Failed to load resource META-INF\jarjar\metadata.json from rftoolsutility-1.21-7.0.9.jar, it does not contain dependency information.
[25nov2025 22:14:42.997] [main/TRACE] [net.neoforged.fml.loading.moddiscovery.locators.JarInJarDependencyLocator/]: Failed to load resource META-INF\jarjar\metadata.json from enchdesc-neoforge-1.21.1-21.1.9.jar, it does not contain dependency information.
[25nov2025 22:14:42.997] [main/TRACE] [net.neoforged.fml.loading.moddiscovery.locators.JarInJarDependencyLocator/]: Failed to load resource META-INF\jarjar\metadata.json from moonlight-1.21-2.26.3-neoforge.jar, it does not contain dependency information.
[25nov2025 22:14:42.997] [main/TRACE] [net.neoforged.fml.loading.moddiscovery.locators.JarInJarDependencyLocator/]: Failed to load resource META-INF\jarjar\metadata.json from CloudGlass-1.21.1-1.0.1.jar, it does not contain dependency information.
[25nov2025 22:14:42.997] [main/TRACE] [net.neoforged.fml.loading.moddiscovery.locators.JarInJarDependencyLocator/]: Failed to load resource META-INF\jarjar\metadata.json from ToolBelt-1.21.1-2.2.7.jar, it does not contain dependency information.
[25nov2025 22:14:42.997] [main/TRACE] [net.neoforged.fml.loading.moddiscovery.locators.JarInJarDependencyLocator/]: Failed to load resource META-INF\jarjar\metadata.json from titanium-1.21-4.0.40.jar, it does not contain dependency information.
[25nov2025 22:14:42.997] [main/TRACE] [net.neoforged.fml.loading.moddiscovery.locators.JarInJarDependencyLocator/]: Failed to load resource META-INF\jarjar\metadata.json from regions_unexplored-neoforge-1.21.1-0.5.6.1.jar, it does not contain dependency information.
[25nov2025 22:14:42.997] [main/TRACE] [net.neoforged.fml.loading.moddiscovery.locators.JarInJarDependencyLocator/]: Failed to load resource META-INF\jarjar\metadata.json from silent-lib-1.21.1-neoforge-10.5.1.jar, it does not contain dependency information.
[25nov2025 22:14:42.997] [main/TRACE] [net.neoforged.fml.loading.moddiscovery.locators.JarInJarDependencyLocator/]: Failed to load resource META-INF\jarjar\metadata.json from Jade-1.21.1-NeoForge-15.10.3.jar, it does not contain dependency information.
[25nov2025 22:14:42.997] [main/TRACE] [net.neoforged.fml.loading.moddiscovery.locators.JarInJarDependencyLocator/]: Failed to load resource META-INF\jarjar\metadata.json from forbidden_arcanus-2.6.1.jar, it does not contain dependency information.
[25nov2025 22:14:42.997] [main/TRACE] [net.neoforged.fml.loading.moddiscovery.locators.JarInJarDependencyLocator/]: Failed to load resource META-INF\jarjar\metadata.json from theurgy-1.21.1-neoforge-1.68.0.jar, it does not contain dependency information.
[25nov2025 22:14:42.997] [main/TRACE] [net.neoforged.fml.loading.moddiscovery.locators.JarInJarDependencyLocator/]: Failed to load resource META-INF\jarjar\metadata.json from stevescarts-1.21-1.2.16-neoforge.jar, it does not contain dependency information.
[25nov2025 22:14:42.997] [main/TRACE] [net.neoforged.fml.loading.moddiscovery.locators.JarInJarDependencyLocator/]: Failed to load resource META-INF\jarjar\metadata.json from treetap-1.21.1-0.4.5.jar, it does not contain dependency information.
[25nov2025 22:14:42.997] [main/TRACE] [net.neoforged.fml.loading.moddiscovery.locators.JarInJarDependencyLocator/]: Failed to load resource META-INF\jarjar\metadata.json from Nullscape_1.21.x_v1.2.14.jar, it does not contain dependency information.
[25nov2025 22:14:42.997] [main/TRACE] [net.neoforged.fml.loading.moddiscovery.locators.JarInJarDependencyLocator/]: Failed to load resource META-INF\jarjar\metadata.json from cryonicconfig-neoforge-1.0.0+mc1.21.10.jar, it does not contain dependency information.
[25nov2025 22:14:42.997] [main/TRACE] [net.neoforged.fml.loading.moddiscovery.locators.JarInJarDependencyLocator/]: Failed to load resource META-INF\jarjar\metadata.json from MoogsVoyagerStructures-1.21-5.0.1.jar, it does not contain dependency information.
[25nov2025 22:14:42.997] [main/TRACE] [net.neoforged.fml.loading.moddiscovery.locators.JarInJarDependencyLocator/]: Failed to load resource META-INF\jarjar\metadata.json from chisel-neoforge-2.0.0+mc1.21.1.jar, it does not contain dependency information.
[25nov2025 22:14:42.997] [main/TRACE] [net.neoforged.fml.loading.moddiscovery.locators.JarInJarDependencyLocator/]: Failed to load resource META-INF\jarjar\metadata.json from solcarrot-1.21.1-1.16.5.jar, it does not contain dependency information.
[25nov2025 22:14:42.997] [main/TRACE] [net.neoforged.fml.loading.moddiscovery.locators.JarInJarDependencyLocator/]: Failed to load resource META-INF\jarjar\metadata.json from moredragoneggs-5.0.jar, it does not contain dependency information.
[25nov2025 22:14:42.997] [main/TRACE] [net.neoforged.fml.loading.moddiscovery.locators.JarInJarDependencyLocator/]: Failed to load resource META-INF\jarjar\metadata.json from Applied-Mekanistics-1.6.3.jar, it does not contain dependency information.
[25nov2025 22:14:42.997] [main/TRACE] [net.neoforged.fml.loading.moddiscovery.locators.JarInJarDependencyLocator/]: Failed to load resource META-INF\jarjar\metadata.json from xtonesreworked-1.1.1-1.21.1.jar, it does not contain dependency information.
[25nov2025 22:14:42.997] [main/TRACE] [net.neoforged.fml.loading.moddiscovery.locators.JarInJarDependencyLocator/]: Failed to load resource META-INF\jarjar\metadata.json from shiny-1.21.1-1.2.5.jar, it does not contain dependency information.
[25nov2025 22:14:42.998] [main/TRACE] [net.neoforged.fml.loading.moddiscovery.locators.JarInJarDependencyLocator/]: Failed to load resource META-INF\jarjar\metadata.json from sophisticatedstorageinmotion-1.21.1-0.10.24.155.jar, it does not contain dependency information.
[25nov2025 22:14:42.998] [main/TRACE] [net.neoforged.fml.loading.moddiscovery.locators.JarInJarDependencyLocator/]: Failed to load resource META-INF\jarjar\metadata.json from crash_assistant-neoforge.jar, it does not contain dependency information.
[25nov2025 22:14:43.019] [main/DEBUG] [net.neoforged.fml.loading.moddiscovery.readers.JarModsDotTomlModFileReader/SCAN]: Found META-INF/neoforge.mods.toml mod of type null: 
[25nov2025 22:14:43.019] [main/DEBUG] [net.neoforged.fml.loading.moddiscovery.ModFileParser/LOADING]: Considering mod file candidate 
[25nov2025 22:14:43.020] [main/DEBUG] [net.neoforged.fml.loading.moddiscovery.ModFileInfo/LOADING]: Found valid mod file ae2wtlib_api-19.2.0.jar with {ae2wtlib_api} mods - versions {19.2.0}
[25nov2025 22:14:43.025] [main/DEBUG] [net.neoforged.fml.loading.moddiscovery.readers.JarModsDotTomlModFileReader/SCAN]: Found META-INF/neoforge.mods.toml mod of type null: 
[25nov2025 22:14:43.025] [main/DEBUG] [net.neoforged.fml.loading.moddiscovery.ModFileParser/LOADING]: Considering mod file candidate 
[25nov2025 22:14:43.026] [main/DEBUG] [net.neoforged.fml.loading.moddiscovery.ModFileInfo/LOADING]: Found valid mod file spectrelib-neoforge-0.17.2+1.21.jar with {spectrelib} mods - versions {0.17.2+1.21}
[25nov2025 22:14:43.028] [main/DEBUG] [net.neoforged.fml.loading.moddiscovery.readers.JarModsDotTomlModFileReader/SCAN]: Found META-INF/neoforge.mods.toml mod of type null: 
[25nov2025 22:14:43.028] [main/DEBUG] [net.neoforged.fml.loading.moddiscovery.ModFileParser/LOADING]: Considering mod file candidate 
[25nov2025 22:14:43.029] [main/DEBUG] [net.neoforged.fml.loading.moddiscovery.ModFileInfo/LOADING]: Found valid mod file ae2wtlib_api-19.2.3.jar with {ae2wtlib_api} mods - versions {19.2.3}
[25nov2025 22:14:43.035] [main/DEBUG] [net.neoforged.fml.loading.moddiscovery.readers.JarModsDotTomlModFileReader/SCAN]: Found META-INF/neoforge.mods.toml mod of type null: 
[25nov2025 22:14:43.035] [main/DEBUG] [net.neoforged.fml.loading.moddiscovery.ModFileParser/LOADING]: Considering mod file candidate 
[25nov2025 22:14:43.035] [main/DEBUG] [net.neoforged.fml.loading.moddiscovery.ModFileInfo/LOADING]: Found valid mod file sauce-1.21.1-0.0.7.24.jar with {sauce} mods - versions {0.0.7.24}
[25nov2025 22:14:43.037] [main/DEBUG] [net.neoforged.fml.loading.moddiscovery.readers.JarModsDotTomlModFileReader/SCAN]: Found META-INF/MANIFEST.MF mod of type GAMELIBRARY: 
[25nov2025 22:14:43.045] [main/DEBUG] [net.neoforged.fml.loading.moddiscovery.readers.JarModsDotTomlModFileReader/SCAN]: Found META-INF/MANIFEST.MF mod of type GAMELIBRARY: 
[25nov2025 22:14:43.046] [main/DEBUG] [net.neoforged.fml.loading.moddiscovery.readers.JarModsDotTomlModFileReader/SCAN]: Found META-INF/neoforge.mods.toml mod of type null: 
[25nov2025 22:14:43.046] [main/DEBUG] [net.neoforged.fml.loading.moddiscovery.ModFileParser/LOADING]: Considering mod file candidate 
[25nov2025 22:14:43.047] [main/DEBUG] [net.neoforged.fml.loading.moddiscovery.ModFileInfo/LOADING]: Found valid mod file GrandPower-3.0.0.jar with {grandpower} mods - versions {3.0.0}
[25nov2025 22:14:43.049] [main/DEBUG] [net.neoforged.fml.loading.moddiscovery.readers.JarModsDotTomlModFileReader/SCAN]: Found META-INF/MANIFEST.MF mod of type GAMELIBRARY: 
[25nov2025 22:14:43.050] [main/DEBUG] [net.neoforged.fml.loading.moddiscovery.readers.JarModsDotTomlModFileReader/SCAN]: Found META-INF/MANIFEST.MF mod of type GAMELIBRARY: 
[25nov2025 22:14:43.051] [main/DEBUG] [net.neoforged.fml.loading.moddiscovery.readers.JarModsDotTomlModFileReader/SCAN]: Found META-INF/MANIFEST.MF mod of type GAMELIBRARY: 
[25nov2025 22:14:43.053] [main/DEBUG] [net.neoforged.fml.loading.moddiscovery.readers.JarModsDotTomlModFileReader/SCAN]: Found META-INF/MANIFEST.MF mod of type GAMELIBRARY: 
[25nov2025 22:14:43.054] [main/DEBUG] [net.neoforged.fml.loading.moddiscovery.readers.JarModsDotTomlModFileReader/SCAN]: Found META-INF/MANIFEST.MF mod of type GAMELIBRARY: 
[25nov2025 22:14:43.055] [main/DEBUG] [net.neoforged.fml.loading.moddiscovery.readers.JarModsDotTomlModFileReader/SCAN]: Found META-INF/MANIFEST.MF mod of type GAMELIBRARY: 
[25nov2025 22:14:43.056] [main/DEBUG] [net.neoforged.fml.loading.moddiscovery.readers.JarModsDotTomlModFileReader/SCAN]: Found META-INF/neoforge.mods.toml mod of type null: 
[25nov2025 22:14:43.056] [main/DEBUG] [net.neoforged.fml.loading.moddiscovery.ModFileParser/LOADING]: Considering mod file candidate 
[25nov2025 22:14:43.057] [main/DEBUG] [net.neoforged.fml.loading.moddiscovery.ModFileInfo/LOADING]: Found valid mod file AdditionalEntityAttributes-2.0.0+1.21.1-neoforge.jar with {additionalentityattributes} mods - versions {2.0.0+1.21.1}
[25nov2025 22:14:43.065] [main/DEBUG] [net.neoforged.fml.loading.moddiscovery.readers.JarModsDotTomlModFileReader/SCAN]: Found META-INF/MANIFEST.MF mod of type GAMELIBRARY: 
[25nov2025 22:14:43.069] [main/DEBUG] [net.neoforged.fml.loading.moddiscovery.readers.JarModsDotTomlModFileReader/SCAN]: Found META-INF/neoforge.mods.toml mod of type null: 
[25nov2025 22:14:43.069] [main/DEBUG] [net.neoforged.fml.loading.moddiscovery.ModFileParser/LOADING]: Considering mod file candidate 
[25nov2025 22:14:43.069] [main/DEBUG] [net.neoforged.fml.loading.moddiscovery.ModFileInfo/LOADING]: Found valid mod file journeymap-api-neoforge-2.0.0-1.21.1-SNAPSHOT.jar with {journeymap_api} mods - versions {2.0.0}
[25nov2025 22:14:43.070] [main/DEBUG] [net.neoforged.fml.loading.moddiscovery.readers.JarModsDotTomlModFileReader/SCAN]: Found META-INF/neoforge.mods.toml mod of type null: 
[25nov2025 22:14:43.070] [main/DEBUG] [net.neoforged.fml.loading.moddiscovery.ModFileParser/LOADING]: Considering mod file candidate 
[25nov2025 22:14:43.070] [main/DEBUG] [net.neoforged.fml.loading.moddiscovery.ModFileInfo/LOADING]: Found valid mod file common-networking-neoforge-1.0.18-1.21.1.jar with {commonnetworking} mods - versions {1.0.18-1.21.1}
[25nov2025 22:14:43.071] [main/DEBUG] [net.neoforged.fml.loading.moddiscovery.readers.JarModsDotTomlModFileReader/SCAN]: Found META-INF/MANIFEST.MF mod of type GAMELIBRARY: 
[25nov2025 22:14:43.073] [main/DEBUG] [net.neoforged.fml.loading.moddiscovery.readers.JarModsDotTomlModFileReader/SCAN]: Found META-INF/neoforge.mods.toml mod of type null: 
[25nov2025 22:14:43.073] [main/DEBUG] [net.neoforged.fml.loading.moddiscovery.ModFileParser/LOADING]: Considering mod file candidate 
[25nov2025 22:14:43.073] [main/DEBUG] [net.neoforged.fml.loading.moddiscovery.ModFileInfo/LOADING]: Found valid mod file fabric-api-base-0.4.42+d1308dedd1.jar with {fabric_api_base} mods - versions {0.4.42+d1308dedd1}
[25nov2025 22:14:43.077] [main/DEBUG] [net.neoforged.fml.loading.moddiscovery.readers.JarModsDotTomlModFileReader/SCAN]: Found META-INF/neoforge.mods.toml mod of type null: 
[25nov2025 22:14:43.077] [main/DEBUG] [net.neoforged.fml.loading.moddiscovery.ModFileParser/LOADING]: Considering mod file candidate 
[25nov2025 22:14:43.077] [main/DEBUG] [net.neoforged.fml.loading.moddiscovery.ModFileInfo/LOADING]: Found valid mod file ae2wtlib_api-19.2.5.jar with {ae2wtlib_api} mods - versions {19.2.5}
[25nov2025 22:14:43.080] [main/DEBUG] [net.neoforged.fml.loading.moddiscovery.readers.JarModsDotTomlModFileReader/SCAN]: Found META-INF/neoforge.mods.toml mod of type null: 
[25nov2025 22:14:43.080] [main/DEBUG] [net.neoforged.fml.loading.moddiscovery.ModFileParser/LOADING]: Considering mod file candidate 
[25nov2025 22:14:43.080] [main/DEBUG] [net.neoforged.fml.loading.moddiscovery.ModFileInfo/LOADING]: Found valid mod file ae2addonlib-1.0.3-1.21.1.jar with {ae2addonlib} mods - versions {1.0.3-1.21.1}
[25nov2025 22:14:43.081] [main/DEBUG] [net.neoforged.fml.loading.moddiscovery.readers.JarModsDotTomlModFileReader/SCAN]: Found META-INF/neoforge.mods.toml mod of type null: 
[25nov2025 22:14:43.081] [main/DEBUG] [net.neoforged.fml.loading.moddiscovery.ModFileParser/LOADING]: Considering mod file candidate 
[25nov2025 22:14:43.081] [main/DEBUG] [net.neoforged.fml.loading.moddiscovery.ModFileInfo/LOADING]: Found valid mod file omegaconfig-neoforge-1.5.1.jar with {omegaconfig} mods - versions {1.5.1}
[25nov2025 22:14:43.082] [main/DEBUG] [net.neoforged.fml.loading.moddiscovery.readers.JarModsDotTomlModFileReader/SCAN]: Found META-INF/neoforge.mods.toml mod of type null: 
[25nov2025 22:14:43.082] [main/DEBUG] [net.neoforged.fml.loading.moddiscovery.ModFileParser/LOADING]: Considering mod file candidate 
[25nov2025 22:14:43.082] [main/DEBUG] [net.neoforged.fml.loading.moddiscovery.ModFileInfo/LOADING]: Found valid mod file de.mari_023.ae2wtlib_api-19.2.6.jar with {ae2wtlib_api} mods - versions {19.2.6}
[25nov2025 22:14:43.083] [main/DEBUG] [net.neoforged.fml.loading.moddiscovery.readers.JarModsDotTomlModFileReader/SCAN]: Found META-INF/neoforge.mods.toml mod of type null: 
[25nov2025 22:14:43.083] [main/DEBUG] [net.neoforged.fml.loading.moddiscovery.ModFileParser/LOADING]: Considering mod file candidate 
[25nov2025 22:14:43.083] [main/DEBUG] [net.neoforged.fml.loading.moddiscovery.ModFileInfo/LOADING]: Found valid mod file resourcefullibkt-neoforge-1.21-2.0.2.jar with {resourcefullibkt} mods - versions {2.0.2}
[25nov2025 22:14:43.084] [main/DEBUG] [net.neoforged.fml.loading.moddiscovery.readers.JarModsDotTomlModFileReader/SCAN]: Found META-INF/neoforge.mods.toml mod of type null: 
[25nov2025 22:14:43.084] [main/DEBUG] [net.neoforged.fml.loading.moddiscovery.ModFileParser/LOADING]: Considering mod file candidate 
[25nov2025 22:14:43.084] [main/DEBUG] [net.neoforged.fml.loading.moddiscovery.ModFileInfo/LOADING]: Found valid mod file common-storage-lib-data-neoforge-1.21.1-0.0.7.jar with {common_storage_lib_data} mods - versions {0.0.7}
[25nov2025 22:14:43.086] [main/DEBUG] [net.neoforged.fml.loading.moddiscovery.readers.JarModsDotTomlModFileReader/SCAN]: Found META-INF/neoforge.mods.toml mod of type null: 
[25nov2025 22:14:43.086] [main/DEBUG] [net.neoforged.fml.loading.moddiscovery.ModFileParser/LOADING]: Considering mod file candidate 
[25nov2025 22:14:43.087] [main/DEBUG] [net.neoforged.fml.loading.moddiscovery.ModFileInfo/LOADING]: Found valid mod file olympus-neoforge-1.21-1.0.18.jar with {olympus} mods - versions {1.0.18}
[25nov2025 22:14:43.154] [main/DEBUG] [net.neoforged.fml.loading.moddiscovery.readers.JarModsDotTomlModFileReader/SCAN]: Found META-INF/MANIFEST.MF mod of type LIBRARY: 
[25nov2025 22:14:43.155] [main/DEBUG] [net.neoforged.fml.loading.moddiscovery.readers.JarModsDotTomlModFileReader/SCAN]: Found META-INF/MANIFEST.MF mod of type GAMELIBRARY: 
[25nov2025 22:14:43.156] [main/DEBUG] [net.neoforged.fml.loading.moddiscovery.readers.JarModsDotTomlModFileReader/SCAN]: Found META-INF/neoforge.mods.toml mod of type null: 
[25nov2025 22:14:43.156] [main/DEBUG] [net.neoforged.fml.loading.moddiscovery.ModFileParser/LOADING]: Considering mod file candidate 
[25nov2025 22:14:43.156] [main/DEBUG] [net.neoforged.fml.loading.moddiscovery.ModFileInfo/LOADING]: Found valid mod file thedarkcolour.kffmod-5.10.0.jar with {kotlinforforge} mods - versions {5.10.0}
[25nov2025 22:14:43.165] [main/DEBUG] [net.neoforged.fml.loading.moddiscovery.readers.JarModsDotTomlModFileReader/SCAN]: Found META-INF/neoforge.mods.toml mod of type null: 
[25nov2025 22:14:43.165] [main/DEBUG] [net.neoforged.fml.loading.moddiscovery.ModFileParser/LOADING]: Considering mod file candidate 
[25nov2025 22:14:43.166] [main/DEBUG] [net.neoforged.fml.loading.moddiscovery.ModFileInfo/LOADING]: Found valid mod file athena-neoforge-1.21-4.0.0.jar with {athena} mods - versions {4.0.0}
[25nov2025 22:14:43.171] [main/DEBUG] [net.neoforged.fml.loading.moddiscovery.readers.JarModsDotTomlModFileReader/SCAN]: Found META-INF/neoforge.mods.toml mod of type null: 
[25nov2025 22:14:43.171] [main/DEBUG] [net.neoforged.fml.loading.moddiscovery.ModFileParser/LOADING]: Considering mod file candidate 
[25nov2025 22:14:43.172] [main/DEBUG] [net.neoforged.fml.loading.moddiscovery.ModFileInfo/LOADING]: Found valid mod file resourcefullib-neoforge-1.21-3.0.11.jar with {resourcefullib} mods - versions {3.0.11}
[25nov2025 22:14:43.180] [main/DEBUG] [net.neoforged.fml.loading.moddiscovery.readers.JarModsDotTomlModFileReader/SCAN]: Found META-INF/neoforge.mods.toml mod of type null: 
[25nov2025 22:14:43.180] [main/DEBUG] [net.neoforged.fml.loading.moddiscovery.ModFileParser/LOADING]: Considering mod file candidate 
[25nov2025 22:14:43.180] [main/DEBUG] [net.neoforged.fml.loading.moddiscovery.ModFileInfo/LOADING]: Found valid mod file flywheel-neoforge-1.21.1-1.0.5.jar with {flywheel} mods - versions {1.0.5}
[25nov2025 22:14:43.189] [main/DEBUG] [net.neoforged.fml.loading.moddiscovery.readers.JarModsDotTomlModFileReader/SCAN]: Found META-INF/neoforge.mods.toml mod of type null: 
[25nov2025 22:14:43.189] [main/DEBUG] [net.neoforged.fml.loading.moddiscovery.ModFileParser/LOADING]: Considering mod file candidate 
[25nov2025 22:14:43.189] [main/DEBUG] [net.neoforged.fml.loading.moddiscovery.ModFileInfo/LOADING]: Found valid mod file Ponder-NeoForge-1.21.1-1.0.64.jar with {ponder} mods - versions {1.0.64}
[25nov2025 22:14:43.203] [main/DEBUG] [net.neoforged.fml.loading.moddiscovery.readers.JarModsDotTomlModFileReader/SCAN]: Found META-INF/neoforge.mods.toml mod of type null: 
[25nov2025 22:14:43.203] [main/DEBUG] [net.neoforged.fml.loading.moddiscovery.ModFileParser/LOADING]: Considering mod file candidate 
[25nov2025 22:14:43.204] [main/DEBUG] [net.neoforged.fml.loading.moddiscovery.ModFileInfo/LOADING]: Found valid mod file architectury-neoforge-13.0.8.jar with {architectury} mods - versions {13.0.8}
[25nov2025 22:14:43.206] [main/DEBUG] [net.neoforged.fml.loading.moddiscovery.readers.JarModsDotTomlModFileReader/SCAN]: Found META-INF/MANIFEST.MF mod of type GAMELIBRARY: 
[25nov2025 22:14:43.208] [main/DEBUG] [net.neoforged.fml.loading.moddiscovery.readers.JarModsDotTomlModFileReader/SCAN]: Found META-INF/MANIFEST.MF mod of type GAMELIBRARY: 
[25nov2025 22:14:43.216] [main/DEBUG] [net.neoforged.fml.loading.moddiscovery.readers.JarModsDotTomlModFileReader/SCAN]: Found META-INF/neoforge.mods.toml mod of type null: 
[25nov2025 22:14:43.216] [main/DEBUG] [net.neoforged.fml.loading.moddiscovery.ModFileParser/LOADING]: Considering mod file candidate 
[25nov2025 22:14:43.216] [main/DEBUG] [net.neoforged.fml.loading.moddiscovery.ModFileInfo/LOADING]: Found valid mod file flywheel-neoforge-1.21.1-1.0.5.jar with {flywheel} mods - versions {1.0.5}
[25nov2025 22:14:43.225] [main/DEBUG] [net.neoforged.fml.loading.moddiscovery.readers.JarModsDotTomlModFileReader/SCAN]: Found META-INF/neoforge.mods.toml mod of type null: 
[25nov2025 22:14:43.225] [main/DEBUG] [net.neoforged.fml.loading.moddiscovery.ModFileParser/LOADING]: Considering mod file candidate 
[25nov2025 22:14:43.225] [main/DEBUG] [net.neoforged.fml.loading.moddiscovery.ModFileInfo/LOADING]: Found valid mod file Ponder-NeoForge-1.21.1-1.0.64.jar with {ponder} mods - versions {1.0.64}
[25nov2025 22:14:43.365] [main/DEBUG] [net.neoforged.fml.loading.moddiscovery.readers.JarModsDotTomlModFileReader/SCAN]: Found META-INF/neoforge.mods.toml mod of type null: 
[25nov2025 22:14:43.366] [main/DEBUG] [net.neoforged.fml.loading.moddiscovery.ModFileParser/LOADING]: Considering mod file candidate 
[25nov2025 22:14:43.366] [main/DEBUG] [net.neoforged.fml.loading.moddiscovery.ModFileInfo/LOADING]: Found valid mod file sauce-1.21.1-0.0.12.40.jar with {sauce} mods - versions {0.0.12.40}
[25nov2025 22:14:43.368] [main/DEBUG] [net.neoforged.fml.loading.moddiscovery.readers.JarModsDotTomlModFileReader/SCAN]: Found META-INF/neoforge.mods.toml mod of type null: 
[25nov2025 22:14:43.368] [main/DEBUG] [net.neoforged.fml.loading.moddiscovery.ModFileParser/LOADING]: Considering mod file candidate 
[25nov2025 22:14:43.369] [main/DEBUG] [net.neoforged.fml.loading.moddiscovery.ModFileInfo/LOADING]: Found valid mod file productivelib-1.21.0-0.1.28.jar with {productivelib} mods - versions {1.21.0-0.1.28}
[25nov2025 22:14:43.370] [main/DEBUG] [net.neoforged.fml.loading.moddiscovery.readers.JarModsDotTomlModFileReader/SCAN]: Found META-INF/neoforge.mods.toml mod of type null: 
[25nov2025 22:14:43.370] [main/DEBUG] [net.neoforged.fml.loading.moddiscovery.ModFileParser/LOADING]: Considering mod file candidate 
[25nov2025 22:14:43.370] [main/DEBUG] [net.neoforged.fml.loading.moddiscovery.ModFileInfo/LOADING]: Found valid mod file GrandPower-3.0.2.jar with {grandpower} mods - versions {3.0.2}
[25nov2025 22:14:43.379] [main/DEBUG] [net.neoforged.fml.loading.moddiscovery.readers.JarModsDotTomlModFileReader/SCAN]: Found META-INF/neoforge.mods.toml mod of type null: 
[25nov2025 22:14:43.379] [main/DEBUG] [net.neoforged.fml.loading.moddiscovery.ModFileParser/LOADING]: Considering mod file candidate 
[25nov2025 22:14:43.380] [main/DEBUG] [net.neoforged.fml.loading.moddiscovery.ModFileInfo/LOADING]: Found valid mod file productivelib-1.21.0-0.1.28.jar with {productivelib} mods - versions {1.21.0-0.1.28}
[25nov2025 22:14:43.391] [main/DEBUG] [net.neoforged.fml.loading.moddiscovery.readers.JarModsDotTomlModFileReader/SCAN]: Found META-INF/neoforge.mods.toml mod of type null: 
[25nov2025 22:14:43.391] [main/DEBUG] [net.neoforged.fml.loading.moddiscovery.ModFileParser/LOADING]: Considering mod file candidate 
[25nov2025 22:14:43.392] [main/DEBUG] [net.neoforged.fml.loading.moddiscovery.ModFileInfo/LOADING]: Found valid mod file flywheel-neoforge-1.21.1-1.0.4-30.jar with {flywheel} mods - versions {1.0.4-30}
[25nov2025 22:14:43.400] [main/DEBUG] [net.neoforged.fml.loading.moddiscovery.readers.JarModsDotTomlModFileReader/SCAN]: Found META-INF/neoforge.mods.toml mod of type null: 
[25nov2025 22:14:43.400] [main/DEBUG] [net.neoforged.fml.loading.moddiscovery.ModFileParser/LOADING]: Considering mod file candidate 
[25nov2025 22:14:43.400] [main/DEBUG] [net.neoforged.fml.loading.moddiscovery.ModFileInfo/LOADING]: Found valid mod file Ponder-NeoForge-1.21.1-1.0.61.jar with {ponder} mods - versions {1.0.61}
[25nov2025 22:14:43.401] [main/DEBUG] [net.neoforged.fml.loading.moddiscovery.readers.JarModsDotTomlModFileReader/SCAN]: Found META-INF/neoforge.mods.toml mod of type null: 
[25nov2025 22:14:43.401] [main/DEBUG] [net.neoforged.fml.loading.moddiscovery.ModFileParser/LOADING]: Considering mod file candidate 
[25nov2025 22:14:43.401] [main/DEBUG] [net.neoforged.fml.loading.moddiscovery.ModFileInfo/LOADING]: Found valid mod file conditional-mixin-neoforge-0.6.4.jar with {conditional_mixin} mods - versions {0.6.4}
[25nov2025 22:14:43.402] [main/DEBUG] [net.neoforged.fml.loading.moddiscovery.readers.JarModsDotTomlModFileReader/SCAN]: Found META-INF/MANIFEST.MF mod of type LIBRARY: 
[25nov2025 22:14:43.403] [main/DEBUG] [net.neoforged.fml.loading.moddiscovery.readers.JarModsDotTomlModFileReader/SCAN]: Found META-INF/neoforge.mods.toml mod of type null: 
[25nov2025 22:14:43.403] [main/DEBUG] [net.neoforged.fml.loading.moddiscovery.ModFileParser/LOADING]: Considering mod file candidate 
[25nov2025 22:14:43.404] [main/DEBUG] [net.neoforged.fml.loading.moddiscovery.ModFileInfo/LOADING]: Found valid mod file sauce-1.21.1-0.0.4.15.jar with {sauce} mods - versions {0.0.4.15}
[25nov2025 22:14:43.406] [main/DEBUG] [net.neoforged.fml.loading.moddiscovery.readers.JarModsDotTomlModFileReader/SCAN]: Found META-INF/MANIFEST.MF mod of type GAMELIBRARY: 
[25nov2025 22:14:43.411] [main/DEBUG] [net.neoforged.fml.loading.moddiscovery.readers.JarModsDotTomlModFileReader/SCAN]: Found META-INF/neoforge.mods.toml mod of type null: 
[25nov2025 22:14:43.411] [main/DEBUG] [net.neoforged.fml.loading.moddiscovery.ModFileParser/LOADING]: Considering mod file candidate 
[25nov2025 22:14:43.412] [main/DEBUG] [net.neoforged.fml.loading.moddiscovery.ModFileInfo/LOADING]: Found valid mod file com.enderio.enderio-armory-8.0.7-alpha.jar with {enderio_armory} mods - versions {8.0.7-alpha}
[25nov2025 22:14:43.440] [main/DEBUG] [net.neoforged.fml.loading.moddiscovery.readers.JarModsDotTomlModFileReader/SCAN]: Found META-INF/neoforge.mods.toml mod of type null: 
[25nov2025 22:14:43.440] [main/DEBUG] [net.neoforged.fml.loading.moddiscovery.ModFileParser/LOADING]: Considering mod file candidate 
[25nov2025 22:14:43.440] [main/DEBUG] [net.neoforged.fml.loading.moddiscovery.ModFileInfo/LOADING]: Found valid mod file com.enderio.enderio-base-8.0.7-alpha.jar with {enderio_base} mods - versions {8.0.7-alpha}
[25nov2025 22:14:43.447] [main/DEBUG] [net.neoforged.fml.loading.moddiscovery.readers.JarModsDotTomlModFileReader/SCAN]: Found META-INF/neoforge.mods.toml mod of type null: 
[25nov2025 22:14:43.447] [main/DEBUG] [net.neoforged.fml.loading.moddiscovery.ModFileParser/LOADING]: Considering mod file candidate 
[25nov2025 22:14:43.447] [main/DEBUG] [net.neoforged.fml.loading.moddiscovery.ModFileInfo/LOADING]: Found valid mod file com.enderio.enderio-conduits-8.0.7-alpha.jar with {enderio_conduits} mods - versions {8.0.7-alpha}
[25nov2025 22:14:43.449] [main/DEBUG] [net.neoforged.fml.loading.moddiscovery.readers.JarModsDotTomlModFileReader/SCAN]: Found META-INF/neoforge.mods.toml mod of type null: 
[25nov2025 22:14:43.449] [main/DEBUG] [net.neoforged.fml.loading.moddiscovery.ModFileParser/LOADING]: Considering mod file candidate 
[25nov2025 22:14:43.449] [main/DEBUG] [net.neoforged.fml.loading.moddiscovery.ModFileInfo/LOADING]: Found valid mod file com.enderio.enderio-conduits-modded-8.0.7-alpha.jar with {enderio_conduits_modded} mods - versions {8.0.7-alpha}
